id,avatar,avatarLastChangedAt,avatar_seed,avatar_seedLastChangedAt,block_accuracy,block_accuracyLastChangedAt,bonus,bonusLastChangedAt,context,contextLastChangedAt,current_group,current_groupLastChangedAt,ended,endedLastChangedAt,exitReason,exitReasonLastChangedAt,exitStep,exitStepLastChangedAt,exitStepDone,exitStepDoneLastChangedAt,exitSurvey,exitSurveyLastChangedAt,gameEndTime,gameEndTimeLastChangedAt,gameID,gameIDLastChangedAt,gameStartTime,gameStartTimeLastChangedAt,idle_rounds,idle_roundsLastChangedAt,introDone,introDoneLastChangedAt,is_active,is_activeLastChangedAt,minutesSpent,minutesSpentLastChangedAt,name,nameLastChangedAt,name_color,name_colorLastChangedAt,original_avatar,original_avatarLastChangedAt,original_group,original_groupLastChangedAt,original_name,original_nameLastChangedAt,partialBasePay,partialBasePayLastChangedAt,partialBonus,partialBonusLastChangedAt,partialPay,partialPayLastChangedAt,participantID,participantIDLastChangedAt,player_index,player_indexLastChangedAt,score,scoreLastChangedAt,shuffled_tangrams,shuffled_tangramsLastChangedAt,social_guess_correct_total,social_guess_correct_totalLastChangedAt,social_guess_total,social_guess_totalLastChangedAt,social_guessed_about_correct,social_guessed_about_correctLastChangedAt,social_guessed_about_total,social_guessed_about_totalLastChangedAt,social_speaker_points_total,social_speaker_points_totalLastChangedAt,tangramURLs,tangramURLsLastChangedAt,tangram_set,tangram_setLastChangedAt,treatment,treatmentLastChangedAt,treatmentName,treatmentNameLastChangedAt,_sourceRun
01KJN78B0TFR8F59JDGD057XNS,https://api.dicebear.com/9.x/shapes/svg?seed=anon_block5_trial5_player4&backgroundColor=e5e7eb&shape1Color=9ca3af&shape2Color=6b7280&shape3Color=4b5563,2026-03-01T18:18:15.206871524Z,aria,2026-03-01T17:37:01.054636964Z,"{""1"":{""correct"":5,""total"":6},""2"":{""correct"":5,""total"":6},""4"":{""correct"":6,""total"":6},""5"":{""correct"":6,""total"":6}}",2026-03-01T18:05:06.515229503Z,6.4,2026-03-01T18:18:28.38307423Z,"[""page7-255"",""page9-46"",""page5-28"",""page7-107"",""page3-35"",""page-B""]",2026-03-01T17:37:01.054636964Z,B,2026-03-01T18:18:15.206871524Z,game ended,2026-03-01T18:18:37.186853089Z,,,,,True,2026-03-01T18:22:31.404471024Z,"{""age"":""44"",""gender"":""male"",""strength"":""trying to point out the most obvious features of your tangrams..\n..and *then* refining the descriptions, over the course of the game: in addition to the obvious, of account for, when others had a different, but still valid / logical, shorthand for the shapes so-described\n\nover time, looking for opportunities to refine / shorten descriptions once it was clear A Consensus / Understanding was reached"",""fair"":""i think so, yes"",""feedback"":""i suppose the 45 seconds you allocated to the speaker, maybe was adequate — though, i am doubtful, most, under these circumstances, can ever come close to attaining the maximum advertised bonus\n\nwith that said: i am glad i gave this one a chance\n\ni was afraid i was going to have my blood pressure elevated by your \""game\""\n\nbut, once it became clear, you were only calling out a few shapes, from the 16, over the phases, then my worries were nullified"",""education"":""high-school"",""understood"":""yes""}",2026-03-01T18:22:26.455573866Z,,,01KJN6MMPQTMDYRN709968YFN1,2026-03-01T17:31:06.148213414Z,1772386620820.0,2026-03-01T17:37:01.054636964Z,0.0,2026-03-01T17:37:01.054636964Z,True,2026-03-01T17:35:21.15404917Z,True,2026-03-01T17:37:01.054636964Z,,,Player,2026-03-01T18:05:44.629969321Z,#29828D,2026-03-01T17:37:01.054636964Z,https://api.dicebear.com/9.x/identicon/svg?seed=aria&backgroundColor=e0f2fe&rowColor=0369a1,2026-03-01T17:37:01.054636964Z,A,2026-03-01T17:37:01.054636964Z,Repi,2026-03-01T17:37:01.054636964Z,,,,,,,01KJN78AKFNTKQJKCJ8D5QX455,2026-03-01T17:31:06.138582484Z,0.0,2026-03-01T17:37:01.054636964Z,128.0,2026-03-01T18:18:25.238664468Z,"[""page9-7"",""page5-63"",""page9-46"",""page5-28"",""page4-157"",""page5-142"",""page4-15"",""page3-35"",""page7-26"",""page-B"",""page5-64"",""page7-255"",""page6-149"",""page3-121"",""page7-107"",""page3-193""]",2026-03-01T17:37:01.054636964Z,,,,,,,,,,,"[""/tangram_page9-7.svg"",""/tangram_page5-63.svg"",""/tangram_page9-46.svg"",""/tangram_page5-28.svg"",""/tangram_page4-157.svg"",""/tangram_page5-142.svg"",""/tangram_page4-15.svg"",""/tangram_page3-35.svg"",""/tangram_page7-26.svg"",""/tangram_page-B.svg"",""/tangram_page5-64.svg"",""/tangram_page7-255.svg"",""/tangram_page6-149.svg"",""/tangram_page3-121.svg"",""/tangram_page7-107.svg"",""/tangram_page3-193.svg""]",2026-03-01T17:37:01.054636964Z,0.0,2026-03-01T17:37:01.054636964Z,"{""condition"":""refer_mixed"",""playerCount"":9}",2026-03-01T17:31:06.148213414Z,Refer Mixed (9 players),2026-03-01T17:31:06.148213414Z,20260301_132907
01KJN7A44GGBE9XR412KV5BFSC,https://api.dicebear.com/9.x/shapes/svg?seed=anon_block5_trial5_player8&backgroundColor=e5e7eb&shape1Color=9ca3af&shape2Color=6b7280&shape3Color=4b5563,2026-03-01T18:21:55.599488485Z,alexandra,2026-03-01T17:36:41.024566935Z,"{""0"":{""correct"":2,""total"":6},""1"":{""correct"":3,""total"":6},""3"":{""correct"":4,""total"":6},""4"":{""correct"":3,""total"":6}}",2026-03-01T18:01:04.233339934Z,5.405,2026-03-01T18:22:21.468996208Z,"[""page7-255"",""page9-46"",""page5-28"",""page7-107"",""page3-35"",""page-B""]",2026-03-01T17:36:41.024566935Z,C,2026-03-01T18:21:55.599488485Z,game ended,2026-03-01T18:22:52.86359489Z,,,,,True,2026-03-01T18:24:33.290161273Z,"{""age"":""61"",""gender"":""male"",""strength"":""try to describe wioth a few describing words "",""fair"":""yes"",""feedback"":""I ran out of time, the speaker gave it over with about 8 seconds left starting off but it could not be too much longer than the 45 seconds or the game might take forever"",""education"":""high-school"",""understood"":""yes""}",2026-03-01T18:24:31.920133473Z,,,01KJN6MMQ03KZPZN0275VZXK6R,2026-03-01T17:32:04.63550894Z,1772386600785.0,2026-03-01T17:36:41.024566935Z,0.0,2026-03-01T18:18:01.628107405Z,True,2026-03-01T17:35:23.966293474Z,True,2026-03-01T17:36:41.024566935Z,,,Player,2026-03-01T18:05:56.08743552Z,#D075A7,2026-03-01T17:36:41.024566935Z,https://api.dicebear.com/9.x/identicon/svg?seed=alexandra&backgroundColor=e0f2fe&rowColor=0369a1,2026-03-01T17:36:41.024566935Z,B,2026-03-01T17:36:41.024566935Z,Bavi,2026-03-01T17:36:41.024566935Z,,,,,,,01KJN7A3RJFR3S5TBZHCA8V9GP,2026-03-01T17:32:04.624521274Z,2.0,2026-03-01T17:36:41.024566935Z,235.0,2026-03-01T18:22:15.715859394Z,"[""page5-63"",""page5-28"",""page9-7"",""page4-15"",""page9-46"",""page4-157"",""page3-35"",""page7-26"",""page-B"",""page5-64"",""page3-193"",""page7-255"",""page6-149"",""page3-121"",""page7-107"",""page5-142""]",2026-03-01T17:36:41.024566935Z,16.0,2026-03-01T18:19:14.966711406Z,18.0,2026-03-01T18:19:44.218230928Z,8.0,2026-03-01T18:22:15.715859394Z,12.0,2026-03-01T18:22:15.715859394Z,48.0,2026-03-01T18:22:15.715859394Z,"[""/tangram_page5-63.svg"",""/tangram_page5-28.svg"",""/tangram_page9-7.svg"",""/tangram_page4-15.svg"",""/tangram_page9-46.svg"",""/tangram_page4-157.svg"",""/tangram_page3-35.svg"",""/tangram_page7-26.svg"",""/tangram_page-B.svg"",""/tangram_page5-64.svg"",""/tangram_page3-193.svg"",""/tangram_page7-255.svg"",""/tangram_page6-149.svg"",""/tangram_page3-121.svg"",""/tangram_page7-107.svg"",""/tangram_page5-142.svg""]",2026-03-01T17:36:41.024566935Z,0.0,2026-03-01T17:36:41.024566935Z,"{""condition"":""social_mixed"",""playerCount"":9}",2026-03-01T17:32:04.63550894Z,Social Mixed (9 players),2026-03-01T17:32:04.63550894Z,20260301_132907
01KJN79Y7T0VZNKHTSJRZWTDZ5,https://api.dicebear.com/9.x/shapes/svg?seed=anon_block5_trial5_player2&backgroundColor=e5e7eb&shape1Color=9ca3af&shape2Color=6b7280&shape3Color=4b5563,2026-03-01T18:18:15.206871524Z,oliver,2026-03-01T17:37:01.054636964Z,"{""1"":{""correct"":5,""total"":6},""2"":{""correct"":5,""total"":6},""4"":{""correct"":6,""total"":6},""5"":{""correct"":5,""total"":6}}",2026-03-01T18:05:06.515229503Z,5.9,2026-03-01T18:18:28.38307423Z,"[""page7-255"",""page9-46"",""page5-28"",""page7-107"",""page3-35"",""page-B""]",2026-03-01T17:37:01.054636964Z,A,2026-03-01T18:18:15.206871524Z,game ended,2026-03-01T18:18:37.186853089Z,,,,,True,2026-03-01T18:19:34.755786652Z,"{""age"":""54"",""gender"":""female"",""strength"":""i tried recognizing words for the shapes"",""fair"":""yes"",""feedback"":""no issues"",""education"":""bachelor"",""understood"":""yes""}",2026-03-01T18:19:29.119445747Z,,,01KJN6MMPQTMDYRN709968YFN1,2026-03-01T17:31:58.600985039Z,1772386620820.0,2026-03-01T17:37:01.054636964Z,0.0,2026-03-01T18:12:49.875554539Z,True,2026-03-01T17:36:49.357434024Z,True,2026-03-01T17:37:01.054636964Z,,,Player,2026-03-01T18:05:44.629969321Z,#5792C8,2026-03-01T17:37:01.054636964Z,https://api.dicebear.com/9.x/identicon/svg?seed=oliver&backgroundColor=e0f2fe&rowColor=0369a1,2026-03-01T17:37:01.054636964Z,B,2026-03-01T17:37:01.054636964Z,Hera,2026-03-01T17:37:01.054636964Z,,,,,,,01KJN79XWV20E2WWMHVFBARG45,2026-03-01T17:31:58.586889823Z,0.0,2026-03-01T17:37:01.054636964Z,118.0,2026-03-01T18:18:25.238664468Z,"[""page9-46"",""page6-149"",""page9-7"",""page7-26"",""page5-28"",""page-B"",""page3-193"",""page3-121"",""page4-157"",""page5-63"",""page5-142"",""page5-64"",""page4-15"",""page7-107"",""page7-255"",""page3-35""]",2026-03-01T17:37:01.054636964Z,,,,,,,,,,,"[""/tangram_page9-46.svg"",""/tangram_page6-149.svg"",""/tangram_page9-7.svg"",""/tangram_page7-26.svg"",""/tangram_page5-28.svg"",""/tangram_page-B.svg"",""/tangram_page3-193.svg"",""/tangram_page3-121.svg"",""/tangram_page4-157.svg"",""/tangram_page5-63.svg"",""/tangram_page5-142.svg"",""/tangram_page5-64.svg"",""/tangram_page4-15.svg"",""/tangram_page7-107.svg"",""/tangram_page7-255.svg"",""/tangram_page3-35.svg""]",2026-03-01T17:37:01.054636964Z,0.0,2026-03-01T17:37:01.054636964Z,"{""condition"":""refer_mixed"",""playerCount"":9}",2026-03-01T17:31:58.600985039Z,Refer Mixed (9 players),2026-03-01T17:31:58.600985039Z,20260301_132907
01KJN79ZRTRDMY6RH8ZCYCM9NV,https://api.dicebear.com/9.x/identicon/svg?seed=katherine&backgroundColor=e0f2fe&rowColor=0369a1,2026-03-01T17:37:27.045063548Z,katherine,2026-03-01T17:37:27.045063548Z,"{""0"":{""correct"":1,""total"":6},""2"":{""correct"":6,""total"":6},""3"":{""correct"":5,""total"":6},""5"":{""correct"":6,""total"":6}}",2026-03-01T18:00:05.903939796Z,6.3,2026-03-01T18:10:21.519882462Z,"[""page7-255"",""page9-46"",""page5-28"",""page7-107"",""page3-35"",""page-B""]",2026-03-01T17:37:27.045063548Z,A,2026-03-01T17:37:27.045063548Z,game ended,2026-03-01T18:10:39.919563877Z,,,,,True,2026-03-01T18:12:56.223442471Z,"{""age"":""55"",""gender"":""male"",""strength"":""My strategy was to get everyone to use the same simple term for the objects we were describing. "",""fair"":""It was very fare despite the short amount of time given initially to communicate. "",""feedback"":""n/a"",""education"":""master"",""understood"":""yes""}",2026-03-01T18:12:27.984628862Z,,,01KJN6MMPQTMDYRN709DP5DSDA,2026-03-01T17:32:00.167497142Z,1772386646794.0,2026-03-01T17:37:27.045063548Z,0.0,2026-03-01T17:39:16.301507764Z,True,2026-03-01T17:37:26.734593496Z,True,2026-03-01T17:37:27.045063548Z,,,Minu,2026-03-01T17:37:27.045063548Z,#444EA1,2026-03-01T17:37:27.045063548Z,https://api.dicebear.com/9.x/identicon/svg?seed=katherine&backgroundColor=e0f2fe&rowColor=0369a1,2026-03-01T17:37:27.045063548Z,A,2026-03-01T17:37:27.045063548Z,Minu,2026-03-01T17:37:27.045063548Z,,,,,,,01KJN79ZCNG0CMPBSDW365WV4X,2026-03-01T17:32:00.154590183Z,1.0,2026-03-01T17:37:27.045063548Z,126.0,2026-03-01T18:10:17.94614637Z,"[""page3-193"",""page5-142"",""page9-7"",""page3-35"",""page3-121"",""page7-255"",""page5-64"",""page-B"",""page5-28"",""page4-157"",""page7-107"",""page4-15"",""page9-46"",""page7-26"",""page5-63"",""page6-149""]",2026-03-01T17:37:27.045063548Z,,,,,,,,,,,"[""/tangram_page3-193.svg"",""/tangram_page5-142.svg"",""/tangram_page9-7.svg"",""/tangram_page3-35.svg"",""/tangram_page3-121.svg"",""/tangram_page7-255.svg"",""/tangram_page5-64.svg"",""/tangram_page-B.svg"",""/tangram_page5-28.svg"",""/tangram_page4-157.svg"",""/tangram_page7-107.svg"",""/tangram_page4-15.svg"",""/tangram_page9-46.svg"",""/tangram_page7-26.svg"",""/tangram_page5-63.svg"",""/tangram_page6-149.svg""]",2026-03-01T17:37:27.045063548Z,0.0,2026-03-01T17:37:27.045063548Z,"{""condition"":""refer_separated"",""playerCount"":9}",2026-03-01T17:32:00.167497142Z,Refer Separated (9 players),2026-03-01T17:32:00.167497142Z,20260301_132907
01KJN7AAWT4GWKRZ7B9775509P,https://api.dicebear.com/9.x/identicon/svg?seed=kaylee&backgroundColor=e0f2fe&rowColor=0369a1,2026-03-01T17:37:27.045063548Z,kaylee,2026-03-01T17:37:27.045063548Z,"{""0"":{""correct"":2,""total"":6},""2"":{""correct"":5,""total"":6},""3"":{""correct"":5,""total"":6},""5"":{""correct"":5,""total"":6}}",2026-03-01T18:00:05.903939796Z,6.4,2026-03-01T18:10:21.519882462Z,"[""page7-255"",""page9-46"",""page5-28"",""page7-107"",""page3-35"",""page-B""]",2026-03-01T17:37:27.045063548Z,B,2026-03-01T17:37:27.045063548Z,game ended,2026-03-01T18:10:39.919563877Z,,,,,True,2026-03-01T18:11:36.183487911Z,"{""age"":""53"",""gender"":""female"",""strength"":""To use the same descriptive words as my teammates so that we were on the same page."",""fair"":""Yes"",""feedback"":""no problems!"",""education"":""bachelor"",""understood"":""yes""}",2026-03-01T18:11:23.855229772Z,,,01KJN6MMPQTMDYRN709DP5DSDA,2026-03-01T17:32:11.56252502Z,1772386646795.0,2026-03-01T17:37:27.045063548Z,0.0,2026-03-01T17:39:16.301507764Z,True,2026-03-01T17:35:02.91231551Z,True,2026-03-01T17:37:27.045063548Z,,,Zuda,2026-03-01T17:37:27.045063548Z,#A93F39,2026-03-01T17:37:27.045063548Z,https://api.dicebear.com/9.x/identicon/svg?seed=kaylee&backgroundColor=e0f2fe&rowColor=0369a1,2026-03-01T17:37:27.045063548Z,B,2026-03-01T17:37:27.045063548Z,Zuda,2026-03-01T17:37:27.045063548Z,,,,,,,01KJN7AAPW4MR5MQ80PXTWANW9,2026-03-01T17:32:11.546983352Z,1.0,2026-03-01T17:37:27.045063548Z,128.0,2026-03-01T18:10:17.94614637Z,"[""page3-121"",""page-B"",""page5-28"",""page3-193"",""page7-255"",""page4-157"",""page5-142"",""page9-46"",""page7-26"",""page5-64"",""page9-7"",""page3-35"",""page4-15"",""page6-149"",""page7-107"",""page5-63""]",2026-03-01T17:37:27.045063548Z,,,,,,,,,,,"[""/tangram_page3-121.svg"",""/tangram_page-B.svg"",""/tangram_page5-28.svg"",""/tangram_page3-193.svg"",""/tangram_page7-255.svg"",""/tangram_page4-157.svg"",""/tangram_page5-142.svg"",""/tangram_page9-46.svg"",""/tangram_page7-26.svg"",""/tangram_page5-64.svg"",""/tangram_page9-7.svg"",""/tangram_page3-35.svg"",""/tangram_page4-15.svg"",""/tangram_page6-149.svg"",""/tangram_page7-107.svg"",""/tangram_page5-63.svg""]",2026-03-01T17:37:27.045063548Z,0.0,2026-03-01T17:37:27.045063548Z,"{""condition"":""refer_separated"",""playerCount"":9}",2026-03-01T17:32:11.56252502Z,Refer Separated (9 players),2026-03-01T17:32:11.56252502Z,20260301_132907
01KJN7C40WEQBDF48ACG18M0EV,https://api.dicebear.com/9.x/shapes/svg?seed=anon_block5_trial5_player2&backgroundColor=e5e7eb&shape1Color=9ca3af&shape2Color=6b7280&shape3Color=4b5563,2026-03-01T18:21:55.599488485Z,oliver,2026-03-01T17:36:41.024566935Z,"{""1"":{""correct"":5,""total"":6},""2"":{""correct"":4,""total"":6},""4"":{""correct"":5,""total"":6},""5"":{""correct"":6,""total"":6}}",2026-03-01T18:04:50.011890364Z,5.865,2026-03-01T18:22:21.468996208Z,"[""page7-255"",""page9-46"",""page5-28"",""page7-107"",""page3-35"",""page-B""]",2026-03-01T17:36:41.024566935Z,A,2026-03-01T18:21:55.599488485Z,game ended,2026-03-01T18:22:52.86359489Z,,,,,True,2026-03-01T18:24:49.154149283Z,"{""age"":""36"",""gender"":""male"",""strength"":""Just doing my best to understand the description or to describe the shape."",""fair"":""Yes"",""feedback"":""The warning for inactivity might unfairly punish listeners when their speaker for that round entered their message just before time elapsed.  There wouldn't be enough time to make a selection if the message came in with just a second left."",""education"":""master"",""understood"":""yes""}",2026-03-01T18:24:33.763068493Z,,,01KJN6MMQ03KZPZN0275VZXK6R,2026-03-01T17:33:10.058418338Z,1772386600784.0,2026-03-01T17:36:41.024566935Z,0.0,2026-03-01T18:13:36.940689939Z,True,2026-03-01T17:35:46.22286688Z,True,2026-03-01T17:36:41.024566935Z,,,Player,2026-03-01T18:05:56.08743552Z,#5792C8,2026-03-01T17:36:41.024566935Z,https://api.dicebear.com/9.x/identicon/svg?seed=oliver&backgroundColor=e0f2fe&rowColor=0369a1,2026-03-01T17:36:41.024566935Z,B,2026-03-01T17:36:41.024566935Z,Hera,2026-03-01T17:36:41.024566935Z,,,,,,,01KJN7C3PV2SWMR1Y2E8QX33WK,2026-03-01T17:33:10.044775111Z,0.0,2026-03-01T17:36:41.024566935Z,255.0,2026-03-01T18:22:15.715859394Z,"[""page5-28"",""page5-142"",""page9-7"",""page3-193"",""page3-35"",""page5-64"",""page7-255"",""page6-149"",""page4-15"",""page4-157"",""page3-121"",""page7-26"",""page9-46"",""page5-63"",""page-B"",""page7-107""]",2026-03-01T17:36:41.024566935Z,15.0,2026-03-01T18:22:15.715859394Z,21.0,2026-03-01T18:22:15.715859394Z,10.0,2026-03-01T18:17:12.861827831Z,12.0,2026-03-01T18:17:12.861827831Z,60.0,2026-03-01T18:17:12.861827831Z,"[""/tangram_page5-28.svg"",""/tangram_page5-142.svg"",""/tangram_page9-7.svg"",""/tangram_page3-193.svg"",""/tangram_page3-35.svg"",""/tangram_page5-64.svg"",""/tangram_page7-255.svg"",""/tangram_page6-149.svg"",""/tangram_page4-15.svg"",""/tangram_page4-157.svg"",""/tangram_page3-121.svg"",""/tangram_page7-26.svg"",""/tangram_page9-46.svg"",""/tangram_page5-63.svg"",""/tangram_page-B.svg"",""/tangram_page7-107.svg""]",2026-03-01T17:36:41.024566935Z,0.0,2026-03-01T17:36:41.024566935Z,"{""condition"":""social_mixed"",""playerCount"":9}",2026-03-01T17:33:10.058418338Z,Social Mixed (9 players),2026-03-01T17:33:10.058418338Z,20260301_132907
01KJN77XQHYQ5TVVY4HZM02E7R,https://api.dicebear.com/9.x/identicon/svg?seed=noah&backgroundColor=e0f2fe&rowColor=0369a1,2026-03-01T17:37:27.045063548Z,noah,2026-03-01T17:37:27.045063548Z,"{""0"":{""correct"":2,""total"":6},""2"":{""correct"":6,""total"":6},""3"":{""correct"":6,""total"":6},""5"":{""correct"":6,""total"":6}}",2026-03-01T18:00:05.903939796Z,6.3,2026-03-01T18:10:21.519882462Z,"[""page7-255"",""page9-46"",""page5-28"",""page7-107"",""page3-35"",""page-B""]",2026-03-01T17:37:27.045063548Z,C,2026-03-01T17:37:27.045063548Z,game ended,2026-03-01T18:10:39.919563877Z,,,,,True,2026-03-01T18:11:46.234942241Z,"{""age"":""46"",""gender"":""female"",""strength"":""I tried to figure out what they would look like in real life."",""fair"":""yes"",""feedback"":""It was fun!"",""education"":""bachelor"",""understood"":""yes""}",2026-03-01T18:11:18.208792299Z,,,01KJN6MMPQTMDYRN709DP5DSDA,2026-03-01T17:30:52.543472787Z,1772386646795.0,2026-03-01T17:37:27.045063548Z,0.0,2026-03-01T18:06:07.892064667Z,True,2026-03-01T17:34:06.227791743Z,True,2026-03-01T17:37:27.045063548Z,,,Felu,2026-03-01T17:37:27.045063548Z,#A93849,2026-03-01T17:37:27.045063548Z,https://api.dicebear.com/9.x/identicon/svg?seed=noah&backgroundColor=e0f2fe&rowColor=0369a1,2026-03-01T17:37:27.045063548Z,C,2026-03-01T17:37:27.045063548Z,Felu,2026-03-01T17:37:27.045063548Z,,,,,,,01KJN77X915K0F0ZRB5XKRHPYH,2026-03-01T17:30:52.529744108Z,1.0,2026-03-01T17:37:27.045063548Z,126.0,2026-03-01T18:10:17.94614637Z,"[""page7-107"",""page4-157"",""page3-121"",""page9-7"",""page-B"",""page4-15"",""page5-63"",""page5-28"",""page7-255"",""page6-149"",""page5-142"",""page3-35"",""page3-193"",""page5-64"",""page7-26"",""page9-46""]",2026-03-01T17:37:27.045063548Z,,,,,,,,,,,"[""/tangram_page7-107.svg"",""/tangram_page4-157.svg"",""/tangram_page3-121.svg"",""/tangram_page9-7.svg"",""/tangram_page-B.svg"",""/tangram_page4-15.svg"",""/tangram_page5-63.svg"",""/tangram_page5-28.svg"",""/tangram_page7-255.svg"",""/tangram_page6-149.svg"",""/tangram_page5-142.svg"",""/tangram_page3-35.svg"",""/tangram_page3-193.svg"",""/tangram_page5-64.svg"",""/tangram_page7-26.svg"",""/tangram_page9-46.svg""]",2026-03-01T17:37:27.045063548Z,0.0,2026-03-01T17:37:27.045063548Z,"{""condition"":""refer_separated"",""playerCount"":9}",2026-03-01T17:30:52.543472787Z,Refer Separated (9 players),2026-03-01T17:30:52.543472787Z,20260301_132907
01KJN79B14FBSYSKKCG2BYVBB6,https://api.dicebear.com/9.x/shapes/svg?seed=anon_block5_trial5_player5&backgroundColor=e5e7eb&shape1Color=9ca3af&shape2Color=6b7280&shape3Color=4b5563,2026-03-01T18:21:55.599488485Z,aria,2026-03-01T17:36:41.024566935Z,"{""1"":{""correct"":6,""total"":6},""2"":{""correct"":4,""total"":6},""4"":{""correct"":6,""total"":6},""5"":{""correct"":6,""total"":6}}",2026-03-01T18:04:50.011890364Z,6.785,2026-03-01T18:22:21.468996208Z,"[""page7-255"",""page9-46"",""page5-28"",""page7-107"",""page3-35"",""page-B""]",2026-03-01T17:36:41.024566935Z,B,2026-03-01T18:21:55.599488485Z,game ended,2026-03-01T18:22:52.86359489Z,,,,,True,2026-03-01T18:24:16.421920865Z,"{""age"":""28"",""gender"":""female"",""strength"":""My group started giving names to the shapes and we started recognizing them that way, and when we got mixed in the second phase, i started recognizing what other groups named shaped as well. "",""fair"":""Yes I think so"",""feedback"":""THIS WAS SO FUN! "",""education"":""bachelor"",""understood"":""yes""}",2026-03-01T18:24:09.402366707Z,,,01KJN6MMQ03KZPZN0275VZXK6R,2026-03-01T17:31:38.926088643Z,1772386600784.0,2026-03-01T17:36:41.024566935Z,0.0,2026-03-01T18:10:35.244086724Z,True,2026-03-01T17:35:03.89067193Z,True,2026-03-01T17:36:41.024566935Z,,,Player,2026-03-01T18:05:56.08743552Z,#29828D,2026-03-01T17:36:41.024566935Z,https://api.dicebear.com/9.x/identicon/svg?seed=aria&backgroundColor=e0f2fe&rowColor=0369a1,2026-03-01T17:36:41.024566935Z,A,2026-03-01T17:36:41.024566935Z,Repi,2026-03-01T17:36:41.024566935Z,,,,,,,01KJN79AHYR23QWY7P9SF03BG5,2026-03-01T17:31:38.916388871Z,0.0,2026-03-01T17:36:41.024566935Z,295.0,2026-03-01T18:22:15.715859394Z,"[""page4-15"",""page4-157"",""page5-64"",""page3-35"",""page6-149"",""page3-121"",""page9-7"",""page5-142"",""page7-255"",""page5-28"",""page5-63"",""page3-193"",""page7-107"",""page-B"",""page7-26"",""page9-46""]",2026-03-01T17:36:41.024566935Z,21.0,2026-03-01T18:22:15.715859394Z,23.0,2026-03-01T18:22:15.715859394Z,9.0,2026-03-01T18:17:12.861827831Z,12.0,2026-03-01T18:17:12.861827831Z,54.0,2026-03-01T18:17:12.861827831Z,"[""/tangram_page4-15.svg"",""/tangram_page4-157.svg"",""/tangram_page5-64.svg"",""/tangram_page3-35.svg"",""/tangram_page6-149.svg"",""/tangram_page3-121.svg"",""/tangram_page9-7.svg"",""/tangram_page5-142.svg"",""/tangram_page7-255.svg"",""/tangram_page5-28.svg"",""/tangram_page5-63.svg"",""/tangram_page3-193.svg"",""/tangram_page7-107.svg"",""/tangram_page-B.svg"",""/tangram_page7-26.svg"",""/tangram_page9-46.svg""]",2026-03-01T17:36:41.024566935Z,0.0,2026-03-01T17:36:41.024566935Z,"{""condition"":""social_mixed"",""playerCount"":9}",2026-03-01T17:31:38.926088643Z,Social Mixed (9 players),2026-03-01T17:31:38.926088643Z,20260301_132907
01KJN79ZDP3YNFFHHQA302PJDP,https://api.dicebear.com/9.x/identicon/svg?seed=morgan&backgroundColor=e0f2fe&rowColor=0369a1,2026-03-01T17:37:01.054636964Z,morgan,2026-03-01T17:37:01.054636964Z,"{""0"":{""correct"":2,""total"":4},""1"":{""correct"":3,""total"":6},""3"":{""correct"":1,""total"":5},""4"":{""correct"":4,""total"":6}}",2026-03-01T18:01:13.549987812Z,1.7,2026-03-01T18:05:13.39291338Z,"[""page7-255"",""page9-46"",""page5-28"",""page7-107"",""page3-35"",""page-B""]",2026-03-01T17:37:01.054636964Z,C,2026-03-01T17:37:01.054636964Z,game ended,2026-03-01T18:18:37.186853089Z,low accuracy,2026-03-01T18:05:13.76059283Z,1.0,2026-03-01T18:07:58.327179209Z,,,"{""age"":""27"",""gender"":""male"",""strength"":""Trying to understand what other players were referring to. Remembering prior clues to be on the same page. I also tried to give clues quickly so we could maximize time."",""fair"":""Yes it was very fair!"",""feedback"":""I really enjoyed this study. I am curious what teams performed best and if they had anything in common. Thank you for the opportunity to participate!"",""education"":""high-school"",""understood"":""yes""}",2026-03-01T18:07:58.30671155Z,1772388313757.0,2026-03-01T18:05:13.76059283Z,01KJN6MMPQTMDYRN709968YFN1,2026-03-01T17:31:59.809445907Z,1772386620821.0,2026-03-01T17:37:01.054636964Z,0.0,2026-03-01T17:55:20.287859532Z,True,2026-03-01T17:35:36.192542011Z,False,2026-03-01T18:05:13.76059283Z,28.0,2026-03-01T18:05:13.76059283Z,Nori,2026-03-01T17:37:01.054636964Z,#6B7280,2026-03-01T17:37:01.054636964Z,https://api.dicebear.com/9.x/identicon/svg?seed=morgan&backgroundColor=e0f2fe&rowColor=0369a1,2026-03-01T17:37:01.054636964Z,C,2026-03-01T17:37:01.054636964Z,Nori,2026-03-01T17:37:01.054636964Z,7.52,2026-03-01T18:05:13.76059283Z,1.7,2026-03-01T18:05:13.76059283Z,9.22,2026-03-01T18:05:13.76059283Z,01KJN79Z278Z9Y7S9KB4591HYX,2026-03-01T17:31:59.798401174Z,2.0,2026-03-01T17:37:01.054636964Z,34.0,2026-03-01T18:05:06.515229503Z,"[""page5-63"",""page-B"",""page4-157"",""page3-35"",""page5-28"",""page3-121"",""page9-46"",""page4-15"",""page5-142"",""page5-64"",""page7-26"",""page3-193"",""page6-149"",""page7-107"",""page7-255"",""page9-7""]",2026-03-01T17:37:01.054636964Z,,,,,,,,,,,"[""/tangram_page5-63.svg"",""/tangram_page-B.svg"",""/tangram_page4-157.svg"",""/tangram_page3-35.svg"",""/tangram_page5-28.svg"",""/tangram_page3-121.svg"",""/tangram_page9-46.svg"",""/tangram_page4-15.svg"",""/tangram_page5-142.svg"",""/tangram_page5-64.svg"",""/tangram_page7-26.svg"",""/tangram_page3-193.svg"",""/tangram_page6-149.svg"",""/tangram_page7-107.svg"",""/tangram_page7-255.svg"",""/tangram_page9-7.svg""]",2026-03-01T17:37:01.054636964Z,0.0,2026-03-01T17:37:01.054636964Z,"{""condition"":""refer_mixed"",""playerCount"":9}",2026-03-01T17:31:59.809445907Z,Refer Mixed (9 players),2026-03-01T17:31:59.809445907Z,20260301_132907
01KJN7B32C1C5254NSG6ZK1GRK,https://api.dicebear.com/9.x/identicon/svg?seed=kayla&backgroundColor=e0f2fe&rowColor=0369a1,2026-03-01T17:37:27.045063548Z,kayla,2026-03-01T17:37:27.045063548Z,"{""0"":{""correct"":3,""total"":6},""1"":{""correct"":5,""total"":6},""3"":{""correct"":5,""total"":6},""4"":{""correct"":5,""total"":6}}",2026-03-01T17:57:56.117050786Z,6.6,2026-03-01T18:10:21.519882462Z,"[""page7-255"",""page9-46"",""page5-28"",""page7-107"",""page3-35"",""page-B""]",2026-03-01T17:37:27.045063548Z,A,2026-03-01T17:37:27.045063548Z,game ended,2026-03-01T18:10:39.919563877Z,,,,,True,2026-03-01T18:11:33.822588864Z,"{""age"":""36"",""gender"":""female"",""strength"":""use consistent descriptions "",""fair"":""yes"",""feedback"":""none"",""education"":""bachelor"",""understood"":""yes""}",2026-03-01T18:11:18.130856822Z,,,01KJN6MMPQTMDYRN709DP5DSDA,2026-03-01T17:32:36.311618714Z,1772386646795.0,2026-03-01T17:37:27.045063548Z,0.0,2026-03-01T17:57:22.944514675Z,True,2026-03-01T17:35:36.185201004Z,True,2026-03-01T17:37:27.045063548Z,,,Laju,2026-03-01T17:37:27.045063548Z,#57AEC6,2026-03-01T17:37:27.045063548Z,https://api.dicebear.com/9.x/identicon/svg?seed=kayla&backgroundColor=e0f2fe&rowColor=0369a1,2026-03-01T17:37:27.045063548Z,A,2026-03-01T17:37:27.045063548Z,Laju,2026-03-01T17:37:27.045063548Z,,,,,,,01KJN7B2HBMVR24GCQZ10E5YBT,2026-03-01T17:32:36.301045713Z,2.0,2026-03-01T17:37:27.045063548Z,132.0,2026-03-01T18:10:17.94614637Z,"[""page5-142"",""page6-149"",""page4-157"",""page5-28"",""page9-7"",""page5-63"",""page7-107"",""page3-121"",""page3-193"",""page7-26"",""page7-255"",""page3-35"",""page5-64"",""page4-15"",""page9-46"",""page-B""]",2026-03-01T17:37:27.045063548Z,,,,,,,,,,,"[""/tangram_page5-142.svg"",""/tangram_page6-149.svg"",""/tangram_page4-157.svg"",""/tangram_page5-28.svg"",""/tangram_page9-7.svg"",""/tangram_page5-63.svg"",""/tangram_page7-107.svg"",""/tangram_page3-121.svg"",""/tangram_page3-193.svg"",""/tangram_page7-26.svg"",""/tangram_page7-255.svg"",""/tangram_page3-35.svg"",""/tangram_page5-64.svg"",""/tangram_page4-15.svg"",""/tangram_page9-46.svg"",""/tangram_page-B.svg""]",2026-03-01T17:37:27.045063548Z,0.0,2026-03-01T17:37:27.045063548Z,"{""condition"":""refer_separated"",""playerCount"":9}",2026-03-01T17:32:36.311618714Z,Refer Separated (9 players),2026-03-01T17:32:36.311618714Z,20260301_132907
01KJN79ZQD1E4YD03FE5CGJY8K,https://api.dicebear.com/9.x/identicon/svg?seed=cole&backgroundColor=e0f2fe&rowColor=0369a1,2026-03-01T17:37:27.045063548Z,cole,2026-03-01T17:37:27.045063548Z,"{""1"":{""correct"":2,""total"":6},""2"":{""correct"":6,""total"":6},""4"":{""correct"":5,""total"":6},""5"":{""correct"":6,""total"":6}}",2026-03-01T18:00:05.903939796Z,6.2,2026-03-01T18:10:21.519882462Z,"[""page7-255"",""page9-46"",""page5-28"",""page7-107"",""page3-35"",""page-B""]",2026-03-01T17:37:27.045063548Z,C,2026-03-01T17:37:27.045063548Z,game ended,2026-03-01T18:10:39.919563877Z,,,,,True,2026-03-01T18:11:18.556604321Z,"{""age"":""41"",""gender"":"""",""strength"":""specific given position of shape what they are doing"",""fair"":""yes easy enough"",""feedback"":""no issues"",""education"":""master"",""understood"":""yes""}",2026-03-01T18:11:11.013653721Z,,,01KJN6MMPQTMDYRN709DP5DSDA,2026-03-01T17:32:00.119184879Z,1772386646795.0,2026-03-01T17:37:27.045063548Z,0.0,2026-03-01T17:47:45.450410421Z,True,2026-03-01T17:36:47.436701377Z,True,2026-03-01T17:37:27.045063548Z,,,Lika,2026-03-01T17:37:27.045063548Z,#A9385B,2026-03-01T17:37:27.045063548Z,https://api.dicebear.com/9.x/identicon/svg?seed=cole&backgroundColor=e0f2fe&rowColor=0369a1,2026-03-01T17:37:27.045063548Z,C,2026-03-01T17:37:27.045063548Z,Lika,2026-03-01T17:37:27.045063548Z,,,,,,,01KJN79Z8Y521GZCNAJTYX5ZA5,2026-03-01T17:32:00.109187383Z,0.0,2026-03-01T17:37:27.045063548Z,124.0,2026-03-01T18:10:17.94614637Z,"[""page-B"",""page7-26"",""page3-35"",""page5-64"",""page7-107"",""page3-193"",""page7-255"",""page6-149"",""page5-28"",""page9-7"",""page3-121"",""page5-142"",""page5-63"",""page4-157"",""page9-46"",""page4-15""]",2026-03-01T17:37:27.045063548Z,,,,,,,,,,,"[""/tangram_page-B.svg"",""/tangram_page7-26.svg"",""/tangram_page3-35.svg"",""/tangram_page5-64.svg"",""/tangram_page7-107.svg"",""/tangram_page3-193.svg"",""/tangram_page7-255.svg"",""/tangram_page6-149.svg"",""/tangram_page5-28.svg"",""/tangram_page9-7.svg"",""/tangram_page3-121.svg"",""/tangram_page5-142.svg"",""/tangram_page5-63.svg"",""/tangram_page4-157.svg"",""/tangram_page9-46.svg"",""/tangram_page4-15.svg""]",2026-03-01T17:37:27.045063548Z,0.0,2026-03-01T17:37:27.045063548Z,"{""condition"":""refer_separated"",""playerCount"":9}",2026-03-01T17:32:00.119184879Z,Refer Separated (9 players),2026-03-01T17:32:00.119184879Z,20260301_132907
01KJN7AZC7FAG17CY924MRTCF7,https://api.dicebear.com/9.x/shapes/svg?seed=anon_block5_trial5_player1&backgroundColor=e5e7eb&shape1Color=9ca3af&shape2Color=6b7280&shape3Color=4b5563,2026-03-01T18:21:55.599488485Z,kayla,2026-03-01T17:36:41.024566935Z,"{""0"":{""correct"":2,""total"":6},""1"":{""correct"":5,""total"":6},""3"":{""correct"":5,""total"":6},""4"":{""correct"":6,""total"":6}}",2026-03-01T18:01:04.233339934Z,6.969,2026-03-01T18:22:21.468996208Z,"[""page7-255"",""page9-46"",""page5-28"",""page7-107"",""page3-35"",""page-B""]",2026-03-01T17:36:41.024566935Z,A,2026-03-01T18:21:30.285527336Z,game ended,2026-03-01T18:22:52.86359489Z,,,,,True,2026-03-01T18:24:17.827010592Z,"{""age"":""27"",""gender"":""female"",""strength"":""I tried to get my group to learn specific words that would quickly signal the shape, e.g. \""mouse.\"""",""fair"":""Yes, very fair!"",""feedback"":""My only problem was that a few times I was counted as \""inactive\"" just because the speaker didn't send a message in time to choose a shape. Other than that, no issues at all."",""education"":""master"",""understood"":""yes""}",2026-03-01T18:24:02.670907128Z,,,01KJN6MMQ03KZPZN0275VZXK6R,2026-03-01T17:32:32.52846283Z,1772386600784.0,2026-03-01T17:36:41.024566935Z,0.0,2026-03-01T18:09:33.005571833Z,True,2026-03-01T17:36:40.732899277Z,True,2026-03-01T17:36:41.024566935Z,,,Player,2026-03-01T18:05:56.08743552Z,#57AEC6,2026-03-01T17:36:41.024566935Z,https://api.dicebear.com/9.x/identicon/svg?seed=kayla&backgroundColor=e0f2fe&rowColor=0369a1,2026-03-01T17:36:41.024566935Z,A,2026-03-01T17:36:41.024566935Z,Laju,2026-03-01T17:36:41.024566935Z,,,,,,,01KJN7AYYETEWP9KXZWJQVNKP2,2026-03-01T17:32:32.519592241Z,2.0,2026-03-01T17:36:41.024566935Z,303.0,2026-03-01T18:22:15.715859394Z,"[""page7-26"",""page5-142"",""page3-121"",""page3-35"",""page5-63"",""page5-28"",""page7-107"",""page6-149"",""page7-255"",""page-B"",""page4-157"",""page3-193"",""page9-7"",""page9-46"",""page4-15"",""page5-64""]",2026-03-01T17:36:41.024566935Z,20.0,2026-03-01T18:19:44.218230928Z,21.0,2026-03-01T18:19:44.218230928Z,11.0,2026-03-01T18:22:15.715859394Z,12.0,2026-03-01T18:22:15.715859394Z,66.0,2026-03-01T18:22:15.715859394Z,"[""/tangram_page7-26.svg"",""/tangram_page5-142.svg"",""/tangram_page3-121.svg"",""/tangram_page3-35.svg"",""/tangram_page5-63.svg"",""/tangram_page5-28.svg"",""/tangram_page7-107.svg"",""/tangram_page6-149.svg"",""/tangram_page7-255.svg"",""/tangram_page-B.svg"",""/tangram_page4-157.svg"",""/tangram_page3-193.svg"",""/tangram_page9-7.svg"",""/tangram_page9-46.svg"",""/tangram_page4-15.svg"",""/tangram_page5-64.svg""]",2026-03-01T17:36:41.024566935Z,0.0,2026-03-01T17:36:41.024566935Z,"{""condition"":""social_mixed"",""playerCount"":9}",2026-03-01T17:32:32.52846283Z,Social Mixed (9 players),2026-03-01T17:32:32.52846283Z,20260301_132907
01KJN7863BFF3ZYZGVVSATZTH7,https://api.dicebear.com/9.x/shapes/svg?seed=anon_block5_trial5_player3&backgroundColor=e5e7eb&shape1Color=9ca3af&shape2Color=6b7280&shape3Color=4b5563,2026-03-01T18:21:55.599488485Z,noah,2026-03-01T17:36:41.024566935Z,"{""0"":{""correct"":2,""total"":6},""2"":{""correct"":5,""total"":6},""3"":{""correct"":6,""total"":6},""5"":{""correct"":6,""total"":6}}",2026-03-01T18:04:50.011890364Z,7.199,2026-03-01T18:22:21.468996208Z,"[""page7-255"",""page9-46"",""page5-28"",""page7-107"",""page3-35"",""page-B""]",2026-03-01T17:36:41.024566935Z,B,2026-03-01T18:19:23.556345322Z,game ended,2026-03-01T18:22:52.86359489Z,,,,,True,2026-03-01T18:25:16.550110822Z,"{""age"":""56"",""gender"":""male"",""strength"":""I used the same description every time, and got into the habit of using the word \""again\"" at the end, which gave me a unique label so that people could tie the description to me. "",""fair"":""Very much, thank you!"",""feedback"":""There were a few times, especially at the start, where the speaker took too long to enter a description - giving us literally 1 or 2 seconds to respond.  I was given a warning for not responding.  This felt a bit unfair."",""education"":""bachelor"",""understood"":""yes""}",2026-03-01T18:25:04.886619764Z,,,01KJN6MMQ03KZPZN0275VZXK6R,2026-03-01T17:31:01.112227257Z,1772386600785.0,2026-03-01T17:36:41.024566935Z,0.0,2026-03-01T18:13:36.940689939Z,True,2026-03-01T17:33:58.131109791Z,True,2026-03-01T17:36:41.024566935Z,,,Player,2026-03-01T18:05:56.08743552Z,#A93849,2026-03-01T17:36:41.024566935Z,https://api.dicebear.com/9.x/identicon/svg?seed=noah&backgroundColor=e0f2fe&rowColor=0369a1,2026-03-01T17:36:41.024566935Z,C,2026-03-01T17:36:41.024566935Z,Felu,2026-03-01T17:36:41.024566935Z,,,,,,,01KJN785MB20M5VVBTX2F25MS7,2026-03-01T17:31:01.099617554Z,1.0,2026-03-01T17:36:41.024566935Z,313.0,2026-03-01T18:22:15.715859394Z,"[""page5-142"",""page3-35"",""page3-121"",""page9-46"",""page5-64"",""page6-149"",""page9-7"",""page7-26"",""page7-255"",""page7-107"",""page4-157"",""page3-193"",""page5-28"",""page-B"",""page5-63"",""page4-15""]",2026-03-01T17:36:41.024566935Z,21.0,2026-03-01T18:22:15.715859394Z,22.0,2026-03-01T18:22:15.715859394Z,11.0,2026-03-01T18:19:44.218230928Z,12.0,2026-03-01T18:19:44.218230928Z,66.0,2026-03-01T18:19:44.218230928Z,"[""/tangram_page5-142.svg"",""/tangram_page3-35.svg"",""/tangram_page3-121.svg"",""/tangram_page9-46.svg"",""/tangram_page5-64.svg"",""/tangram_page6-149.svg"",""/tangram_page9-7.svg"",""/tangram_page7-26.svg"",""/tangram_page7-255.svg"",""/tangram_page7-107.svg"",""/tangram_page4-157.svg"",""/tangram_page3-193.svg"",""/tangram_page5-28.svg"",""/tangram_page-B.svg"",""/tangram_page5-63.svg"",""/tangram_page4-15.svg""]",2026-03-01T17:36:41.024566935Z,0.0,2026-03-01T17:36:41.024566935Z,"{""condition"":""social_mixed"",""playerCount"":9}",2026-03-01T17:31:01.112227257Z,Social Mixed (9 players),2026-03-01T17:31:01.112227257Z,20260301_132907
01KJN78M7563R5D9TQE5G142DA,https://api.dicebear.com/9.x/identicon/svg?seed=cole&backgroundColor=e0f2fe&rowColor=0369a1,2026-03-01T17:37:01.054636964Z,cole,2026-03-01T17:37:01.054636964Z,"{""1"":{""correct"":2,""total"":6},""2"":{""correct"":3,""total"":6},""4"":{""correct"":4,""total"":6},""5"":{""correct"":4,""total"":6}}",2026-03-01T18:05:06.515229503Z,1.7,2026-03-01T18:05:13.39291338Z,"[""page7-255"",""page9-46"",""page5-28"",""page7-107"",""page3-35"",""page-B""]",2026-03-01T17:37:01.054636964Z,C,2026-03-01T17:37:01.054636964Z,game ended,2026-03-01T18:18:37.186853089Z,low accuracy,2026-03-01T18:05:13.76059283Z,1.0,2026-03-01T18:06:59.827780745Z,,,"{""age"":""41"",""gender"":""male"",""strength"":""Tried to follow what others said."",""fair"":""I guess."",""feedback"":""At first it would not let me type out answers."",""education"":""bachelor"",""understood"":""yes""}",2026-03-01T18:06:59.845352421Z,1772388313757.0,2026-03-01T18:05:13.76059283Z,01KJN6MMPQTMDYRN709968YFN1,2026-03-01T17:31:15.568957171Z,1772386620821.0,2026-03-01T17:37:01.054636964Z,0.0,2026-03-01T17:54:25.994303168Z,True,2026-03-01T17:33:53.834295522Z,False,2026-03-01T18:05:13.76059283Z,28.0,2026-03-01T18:05:13.76059283Z,Lika,2026-03-01T17:37:01.054636964Z,#A9385B,2026-03-01T17:37:01.054636964Z,https://api.dicebear.com/9.x/identicon/svg?seed=cole&backgroundColor=e0f2fe&rowColor=0369a1,2026-03-01T17:37:01.054636964Z,C,2026-03-01T17:37:01.054636964Z,Lika,2026-03-01T17:37:01.054636964Z,7.52,2026-03-01T18:05:13.76059283Z,1.7,2026-03-01T18:05:13.76059283Z,9.22,2026-03-01T18:05:13.76059283Z,01KJN78KPT0HTJR280B00ZB7YQ,2026-03-01T17:31:15.5580171Z,0.0,2026-03-01T17:37:01.054636964Z,34.0,2026-03-01T18:05:06.515229503Z,"[""page9-7"",""page-B"",""page4-157"",""page3-193"",""page7-107"",""page7-255"",""page5-64"",""page6-149"",""page5-28"",""page4-15"",""page5-63"",""page5-142"",""page3-35"",""page9-46"",""page3-121"",""page7-26""]",2026-03-01T17:37:01.054636964Z,,,,,,,,,,,"[""/tangram_page9-7.svg"",""/tangram_page-B.svg"",""/tangram_page4-157.svg"",""/tangram_page3-193.svg"",""/tangram_page7-107.svg"",""/tangram_page7-255.svg"",""/tangram_page5-64.svg"",""/tangram_page6-149.svg"",""/tangram_page5-28.svg"",""/tangram_page4-15.svg"",""/tangram_page5-63.svg"",""/tangram_page5-142.svg"",""/tangram_page3-35.svg"",""/tangram_page9-46.svg"",""/tangram_page3-121.svg"",""/tangram_page7-26.svg""]",2026-03-01T17:37:01.054636964Z,0.0,2026-03-01T17:37:01.054636964Z,"{""condition"":""refer_mixed"",""playerCount"":9}",2026-03-01T17:31:15.568957171Z,Refer Mixed (9 players),2026-03-01T17:31:15.568957171Z,20260301_132907
01KJN792W85XPK9QGH8A6HSYSJ,https://api.dicebear.com/9.x/shapes/svg?seed=anon_block5_trial5_player6&backgroundColor=e5e7eb&shape1Color=9ca3af&shape2Color=6b7280&shape3Color=4b5563,2026-03-01T18:21:55.599488485Z,kaylee,2026-03-01T17:36:41.024566935Z,"{""0"":{""correct"":4,""total"":6},""2"":{""correct"":3,""total"":6},""3"":{""correct"":6,""total"":6},""5"":{""correct"":5,""total"":6}}",2026-03-01T18:04:50.011890364Z,5.014,2026-03-01T18:22:21.468996208Z,"[""page7-255"",""page9-46"",""page5-28"",""page7-107"",""page3-35"",""page-B""]",2026-03-01T17:36:41.024566935Z,C,2026-03-01T18:21:55.599488485Z,game ended,2026-03-01T18:22:52.86359489Z,,,,,True,2026-03-01T18:25:06.459024977Z,"{""age"":""64"",""gender"":""male"",""strength"":""I tried to be accurate and consistent, and also draw from the descriptions the other players used."",""fair"":""Yes, overall."",""feedback"":""The second half is really stressful, because answers have to be typed in a few seconds - more time would help."",""education"":""master"",""understood"":""yes""}",2026-03-01T18:24:59.625842865Z,,,01KJN6MMQ03KZPZN0275VZXK6R,2026-03-01T17:31:30.575736077Z,1772386600785.0,2026-03-01T17:36:41.024566935Z,0.0,2026-03-01T18:21:04.03568294Z,True,2026-03-01T17:35:00.294148294Z,True,2026-03-01T17:36:41.024566935Z,,,Player,2026-03-01T18:05:56.08743552Z,#A93F39,2026-03-01T17:36:41.024566935Z,https://api.dicebear.com/9.x/identicon/svg?seed=kaylee&backgroundColor=e0f2fe&rowColor=0369a1,2026-03-01T17:36:41.024566935Z,B,2026-03-01T17:36:41.024566935Z,Zuda,2026-03-01T17:36:41.024566935Z,,,,,,,01KJN792HGWX17F9A7V7F5C706,2026-03-01T17:31:30.568317564Z,1.0,2026-03-01T17:36:41.024566935Z,218.0,2026-03-01T18:22:15.715859394Z,"[""page5-63"",""page4-15"",""page-B"",""page5-142"",""page3-121"",""page6-149"",""page3-193"",""page7-255"",""page4-157"",""page5-64"",""page7-107"",""page9-7"",""page7-26"",""page3-35"",""page9-46"",""page5-28""]",2026-03-01T17:36:41.024566935Z,15.0,2026-03-01T18:22:15.715859394Z,20.0,2026-03-01T18:22:15.715859394Z,5.0,2026-03-01T18:19:14.966711406Z,12.0,2026-03-01T18:19:44.218230928Z,30.0,2026-03-01T18:19:14.966711406Z,"[""/tangram_page5-63.svg"",""/tangram_page4-15.svg"",""/tangram_page-B.svg"",""/tangram_page5-142.svg"",""/tangram_page3-121.svg"",""/tangram_page6-149.svg"",""/tangram_page3-193.svg"",""/tangram_page7-255.svg"",""/tangram_page4-157.svg"",""/tangram_page5-64.svg"",""/tangram_page7-107.svg"",""/tangram_page9-7.svg"",""/tangram_page7-26.svg"",""/tangram_page3-35.svg"",""/tangram_page9-46.svg"",""/tangram_page5-28.svg""]",2026-03-01T17:36:41.024566935Z,0.0,2026-03-01T17:36:41.024566935Z,"{""condition"":""social_mixed"",""playerCount"":9}",2026-03-01T17:31:30.575736077Z,Social Mixed (9 players),2026-03-01T17:31:30.575736077Z,20260301_132907
01KJN79J529BWBWTESKB6D9MB7,https://api.dicebear.com/9.x/shapes/svg?seed=anon_block5_trial5_player7&backgroundColor=e5e7eb&shape1Color=9ca3af&shape2Color=6b7280&shape3Color=4b5563,2026-03-01T18:21:55.599488485Z,cole,2026-03-01T17:36:41.024566935Z,"{""1"":{""correct"":6,""total"":6},""2"":{""correct"":5,""total"":6},""4"":{""correct"":6,""total"":6},""5"":{""correct"":6,""total"":6}}",2026-03-01T18:04:50.011890364Z,6.9,2026-03-01T18:22:21.468996208Z,"[""page7-255"",""page9-46"",""page5-28"",""page7-107"",""page3-35"",""page-B""]",2026-03-01T17:36:41.024566935Z,C,2026-03-01T18:21:30.285527336Z,game ended,2026-03-01T18:22:52.86359489Z,,,,,True,2026-03-01T18:24:33.80193051Z,"{""age"":""25"",""gender"":""female"",""strength"":""I looked at common responses between me and my group peers, like key words"",""fair"":""yes"",""feedback"":""some speakers took too long to time and ran out of time to guess"",""education"":""high-school"",""understood"":""yes""}",2026-03-01T18:24:23.489603197Z,,,01KJN6MMQ03KZPZN0275VZXK6R,2026-03-01T17:31:46.222646346Z,1772386600785.0,2026-03-01T17:36:41.024566935Z,0.0,2026-03-01T18:11:43.043504278Z,True,2026-03-01T17:36:03.877677495Z,True,2026-03-01T17:36:41.024566935Z,,,Player,2026-03-01T18:05:56.08743552Z,#A9385B,2026-03-01T17:36:41.024566935Z,https://api.dicebear.com/9.x/identicon/svg?seed=cole&backgroundColor=e0f2fe&rowColor=0369a1,2026-03-01T17:36:41.024566935Z,C,2026-03-01T17:36:41.024566935Z,Lika,2026-03-01T17:36:41.024566935Z,,,,,,,01KJN79HSA1WMADFWDVQJ22RWN,2026-03-01T17:31:46.210790844Z,0.0,2026-03-01T17:36:41.024566935Z,300.0,2026-03-01T18:22:15.715859394Z,"[""page7-26"",""page-B"",""page9-46"",""page5-64"",""page4-157"",""page4-15"",""page5-142"",""page6-149"",""page9-7"",""page3-35"",""page3-193"",""page7-107"",""page5-63"",""page3-121"",""page5-28"",""page7-255""]",2026-03-01T17:36:41.024566935Z,19.0,2026-03-01T18:22:15.715859394Z,22.0,2026-03-01T18:22:15.715859394Z,10.0,2026-03-01T18:17:12.861827831Z,12.0,2026-03-01T18:17:12.861827831Z,60.0,2026-03-01T18:17:12.861827831Z,"[""/tangram_page7-26.svg"",""/tangram_page-B.svg"",""/tangram_page9-46.svg"",""/tangram_page5-64.svg"",""/tangram_page4-157.svg"",""/tangram_page4-15.svg"",""/tangram_page5-142.svg"",""/tangram_page6-149.svg"",""/tangram_page9-7.svg"",""/tangram_page3-35.svg"",""/tangram_page3-193.svg"",""/tangram_page7-107.svg"",""/tangram_page5-63.svg"",""/tangram_page3-121.svg"",""/tangram_page5-28.svg"",""/tangram_page7-255.svg""]",2026-03-01T17:36:41.024566935Z,0.0,2026-03-01T17:36:41.024566935Z,"{""condition"":""social_mixed"",""playerCount"":9}",2026-03-01T17:31:46.222646346Z,Social Mixed (9 players),2026-03-01T17:31:46.222646346Z,20260301_132907
01KJN7B4V2673GK7HGVSG52R2P,https://api.dicebear.com/9.x/identicon/svg?seed=oliver&backgroundColor=e0f2fe&rowColor=0369a1,2026-03-01T17:37:27.045063548Z,oliver,2026-03-01T17:37:27.045063548Z,"{""1"":{""correct"":6,""total"":6},""2"":{""correct"":6,""total"":6},""4"":{""correct"":6,""total"":6},""5"":{""correct"":6,""total"":6}}",2026-03-01T18:00:05.903939796Z,6.75,2026-03-01T18:10:21.519882462Z,"[""page7-255"",""page9-46"",""page5-28"",""page7-107"",""page3-35"",""page-B""]",2026-03-01T17:37:27.045063548Z,B,2026-03-01T17:37:27.045063548Z,game ended,2026-03-01T18:10:39.919563877Z,,,,,True,2026-03-01T18:12:18.362126434Z,"{""age"":""42"",""gender"":""male"",""strength"":""I described what shapes looked like. Once we found out it was the same shapes each round we came up with codes for them like lighthouse, wave, bunnyears. This made it easy and after a while we all just would write the same things."",""fair"":""It was totally fair"",""feedback"":""no problems"",""education"":""bachelor"",""understood"":""yes""}",2026-03-01T18:11:54.441008413Z,,,01KJN6MMPQTMDYRN709DP5DSDA,2026-03-01T17:32:38.125344329Z,1772386646795.0,2026-03-01T17:37:27.045063548Z,0.0,2026-03-01T17:37:27.045063548Z,True,2026-03-01T17:34:49.684098514Z,True,2026-03-01T17:37:27.045063548Z,,,Hera,2026-03-01T17:37:27.045063548Z,#5792C8,2026-03-01T17:37:27.045063548Z,https://api.dicebear.com/9.x/identicon/svg?seed=oliver&backgroundColor=e0f2fe&rowColor=0369a1,2026-03-01T17:37:27.045063548Z,B,2026-03-01T17:37:27.045063548Z,Hera,2026-03-01T17:37:27.045063548Z,,,,,,,01KJN7B4KXS07WXWVDPKAFYW6Q,2026-03-01T17:32:38.11432964Z,0.0,2026-03-01T17:37:27.045063548Z,135.0,2026-03-01T18:10:17.94614637Z,"[""page3-193"",""page7-107"",""page3-121"",""page-B"",""page5-64"",""page4-157"",""page5-142"",""page5-63"",""page6-149"",""page3-35"",""page7-255"",""page9-7"",""page5-28"",""page4-15"",""page7-26"",""page9-46""]",2026-03-01T17:37:27.045063548Z,,,,,,,,,,,"[""/tangram_page3-193.svg"",""/tangram_page7-107.svg"",""/tangram_page3-121.svg"",""/tangram_page-B.svg"",""/tangram_page5-64.svg"",""/tangram_page4-157.svg"",""/tangram_page5-142.svg"",""/tangram_page5-63.svg"",""/tangram_page6-149.svg"",""/tangram_page3-35.svg"",""/tangram_page7-255.svg"",""/tangram_page9-7.svg"",""/tangram_page5-28.svg"",""/tangram_page4-15.svg"",""/tangram_page7-26.svg"",""/tangram_page9-46.svg""]",2026-03-01T17:37:27.045063548Z,0.0,2026-03-01T17:37:27.045063548Z,"{""condition"":""refer_separated"",""playerCount"":9}",2026-03-01T17:32:38.125344329Z,Refer Separated (9 players),2026-03-01T17:32:38.125344329Z,20260301_132907
01KJN78JVY5FN5QXW9XGGE72RG,https://api.dicebear.com/9.x/shapes/svg?seed=anon_block5_trial5_player5&backgroundColor=e5e7eb&shape1Color=9ca3af&shape2Color=6b7280&shape3Color=4b5563,2026-03-01T18:18:15.206871524Z,kayla,2026-03-01T17:37:01.054636964Z,"{""0"":{""correct"":3,""total"":6},""1"":{""correct"":4,""total"":6},""3"":{""correct"":6,""total"":6},""4"":{""correct"":6,""total"":6}}",2026-03-01T18:01:13.549987812Z,6.25,2026-03-01T18:18:28.38307423Z,"[""page7-255"",""page9-46"",""page5-28"",""page7-107"",""page3-35"",""page-B""]",2026-03-01T17:37:01.054636964Z,B,2026-03-01T18:17:28.783162795Z,game ended,2026-03-01T18:18:37.186853089Z,,,,,True,2026-03-01T18:19:37.099900784Z,"{""age"":""71"",""gender"":""male"",""strength"":""try to pay attention to clues, use same ones when I was the speaker"",""fair"":""Absolutely"",""feedback"":""Very interesting experiment. "",""education"":""master"",""understood"":""yes""}",2026-03-01T18:19:27.93976134Z,,,01KJN6MMPQTMDYRN709968YFN1,2026-03-01T17:31:14.187164244Z,1772386620820.0,2026-03-01T17:37:01.054636964Z,0.0,2026-03-01T18:07:26.568323372Z,True,2026-03-01T17:33:50.511463626Z,True,2026-03-01T17:37:01.054636964Z,,,Player,2026-03-01T18:05:44.629969321Z,#57AEC6,2026-03-01T17:37:01.054636964Z,https://api.dicebear.com/9.x/identicon/svg?seed=kayla&backgroundColor=e0f2fe&rowColor=0369a1,2026-03-01T17:37:01.054636964Z,A,2026-03-01T17:37:01.054636964Z,Laju,2026-03-01T17:37:01.054636964Z,,,,,,,01KJN78JG9JPS0V39DANCCEM2K,2026-03-01T17:31:14.174601464Z,2.0,2026-03-01T17:37:01.054636964Z,125.0,2026-03-01T18:18:25.238664468Z,"[""page5-63"",""page6-149"",""page7-26"",""page-B"",""page5-64"",""page5-142"",""page7-107"",""page3-193"",""page3-121"",""page7-255"",""page4-15"",""page5-28"",""page4-157"",""page9-7"",""page3-35"",""page9-46""]",2026-03-01T17:37:01.054636964Z,,,,,,,,,,,"[""/tangram_page5-63.svg"",""/tangram_page6-149.svg"",""/tangram_page7-26.svg"",""/tangram_page-B.svg"",""/tangram_page5-64.svg"",""/tangram_page5-142.svg"",""/tangram_page7-107.svg"",""/tangram_page3-193.svg"",""/tangram_page3-121.svg"",""/tangram_page7-255.svg"",""/tangram_page4-15.svg"",""/tangram_page5-28.svg"",""/tangram_page4-157.svg"",""/tangram_page9-7.svg"",""/tangram_page3-35.svg"",""/tangram_page9-46.svg""]",2026-03-01T17:37:01.054636964Z,0.0,2026-03-01T17:37:01.054636964Z,"{""condition"":""refer_mixed"",""playerCount"":9}",2026-03-01T17:31:14.187164244Z,Refer Mixed (9 players),2026-03-01T17:31:14.187164244Z,20260301_132907
01KJN796KT7FCNV2F9QNCQDSES,https://api.dicebear.com/9.x/identicon/svg?seed=noah&backgroundColor=e0f2fe&rowColor=0369a1,2026-03-01T17:37:01.054636964Z,noah,2026-03-01T17:37:01.054636964Z,"{""0"":{""correct"":2,""total"":4},""2"":{""correct"":3,""total"":6},""3"":{""correct"":3,""total"":5},""5"":{""correct"":4,""total"":6}}",2026-03-01T18:05:06.515229503Z,1.85,2026-03-01T18:03:35.040586637Z,"[""page7-255"",""page9-46"",""page5-28"",""page7-107"",""page3-35"",""page-B""]",2026-03-01T17:37:01.054636964Z,C,2026-03-01T17:37:01.054636964Z,game ended,2026-03-01T18:18:37.186853089Z,low accuracy,2026-03-01T18:05:13.76059283Z,1.0,2026-03-01T18:08:04.07509488Z,,,"{""age"":""51"",""gender"":""male"",""strength"":""The strategy was to describe the selected item from among a group of oddly shaped items, so that the other participants can idendify the correct item. "",""fair"":""The pay was fair, although I would have loved to proceeded to the second phase of the game."",""feedback"":""The game depends on the speed of the other participants. One of the participants in particular was slow to provide a description of the selected item, and did not even provide any description multiple times. "",""education"":""master"",""understood"":""yes""}",2026-03-01T18:08:04.056368512Z,1772388313757.0,2026-03-01T18:05:13.76059283Z,01KJN6MMPQTMDYRN709968YFN1,2026-03-01T17:31:34.404618744Z,1772386620821.0,2026-03-01T17:37:01.054636964Z,1.0,2026-03-01T18:05:06.515229503Z,True,2026-03-01T17:37:00.781304881Z,False,2026-03-01T18:05:13.76059283Z,28.0,2026-03-01T18:05:13.76059283Z,Felu,2026-03-01T17:37:01.054636964Z,#A93849,2026-03-01T17:37:01.054636964Z,https://api.dicebear.com/9.x/identicon/svg?seed=noah&backgroundColor=e0f2fe&rowColor=0369a1,2026-03-01T17:37:01.054636964Z,C,2026-03-01T17:37:01.054636964Z,Felu,2026-03-01T17:37:01.054636964Z,7.52,2026-03-01T18:05:13.76059283Z,1.85,2026-03-01T18:05:13.76059283Z,9.37,2026-03-01T18:05:13.76059283Z,01KJN79658DWD82R66FKQM1XK2,2026-03-01T17:31:34.39426168Z,1.0,2026-03-01T17:37:01.054636964Z,37.0,2026-03-01T18:03:29.454470717Z,"[""page9-46"",""page7-26"",""page3-121"",""page7-255"",""page9-7"",""page5-63"",""page7-107"",""page5-142"",""page5-28"",""page5-64"",""page4-15"",""page3-35"",""page-B"",""page4-157"",""page6-149"",""page3-193""]",2026-03-01T17:37:01.054636964Z,,,,,,,,,,,"[""/tangram_page9-46.svg"",""/tangram_page7-26.svg"",""/tangram_page3-121.svg"",""/tangram_page7-255.svg"",""/tangram_page9-7.svg"",""/tangram_page5-63.svg"",""/tangram_page7-107.svg"",""/tangram_page5-142.svg"",""/tangram_page5-28.svg"",""/tangram_page5-64.svg"",""/tangram_page4-15.svg"",""/tangram_page3-35.svg"",""/tangram_page-B.svg"",""/tangram_page4-157.svg"",""/tangram_page6-149.svg"",""/tangram_page3-193.svg""]",2026-03-01T17:37:01.054636964Z,0.0,2026-03-01T17:37:01.054636964Z,"{""condition"":""refer_mixed"",""playerCount"":9}",2026-03-01T17:31:34.404618744Z,Refer Mixed (9 players),2026-03-01T17:31:34.404618744Z,20260301_132907
01KJN79PCAAMFX7P2QF70Y3HJM,https://api.dicebear.com/9.x/identicon/svg?seed=aria&backgroundColor=e0f2fe&rowColor=0369a1,2026-03-01T17:37:27.045063548Z,aria,2026-03-01T17:37:27.045063548Z,"{""1"":{""correct"":4,""total"":6},""2"":{""correct"":6,""total"":6},""4"":{""correct"":6,""total"":6},""5"":{""correct"":6,""total"":6}}",2026-03-01T18:00:05.903939796Z,6.45,2026-03-01T18:10:21.519882462Z,"[""page7-255"",""page9-46"",""page5-28"",""page7-107"",""page3-35"",""page-B""]",2026-03-01T17:37:27.045063548Z,A,2026-03-01T17:37:27.045063548Z,game ended,2026-03-01T18:10:39.919563877Z,,,,,True,2026-03-01T18:11:40.882654226Z,"{""age"":""28"",""gender"":""male"",""strength"":""Once we figured out that it was the same few pictures every time and got our initial descriptions, it was super easy to pick each one simply by saying 1-3 words."",""fair"":""Yep"",""feedback"":"""",""education"":""high-school"",""understood"":""yes""}",2026-03-01T18:11:32.843916374Z,,,01KJN6MMPQTMDYRN709DP5DSDA,2026-03-01T17:31:50.547180008Z,1772386646794.0,2026-03-01T17:37:27.045063548Z,0.0,2026-03-01T17:47:45.450410421Z,True,2026-03-01T17:34:26.469424093Z,True,2026-03-01T17:37:27.045063548Z,,,Repi,2026-03-01T17:37:27.045063548Z,#29828D,2026-03-01T17:37:27.045063548Z,https://api.dicebear.com/9.x/identicon/svg?seed=aria&backgroundColor=e0f2fe&rowColor=0369a1,2026-03-01T17:37:27.045063548Z,A,2026-03-01T17:37:27.045063548Z,Repi,2026-03-01T17:37:27.045063548Z,,,,,,,01KJN79P2TDJ6V1YBBKV9YHB9F,2026-03-01T17:31:50.538126916Z,0.0,2026-03-01T17:37:27.045063548Z,129.0,2026-03-01T18:10:17.94614637Z,"[""page9-7"",""page5-63"",""page3-35"",""page4-15"",""page7-255"",""page7-26"",""page5-28"",""page5-142"",""page7-107"",""page5-64"",""page6-149"",""page-B"",""page3-121"",""page3-193"",""page9-46"",""page4-157""]",2026-03-01T17:37:27.045063548Z,,,,,,,,,,,"[""/tangram_page9-7.svg"",""/tangram_page5-63.svg"",""/tangram_page3-35.svg"",""/tangram_page4-15.svg"",""/tangram_page7-255.svg"",""/tangram_page7-26.svg"",""/tangram_page5-28.svg"",""/tangram_page5-142.svg"",""/tangram_page7-107.svg"",""/tangram_page5-64.svg"",""/tangram_page6-149.svg"",""/tangram_page-B.svg"",""/tangram_page3-121.svg"",""/tangram_page3-193.svg"",""/tangram_page9-46.svg"",""/tangram_page4-157.svg""]",2026-03-01T17:37:27.045063548Z,0.0,2026-03-01T17:37:27.045063548Z,"{""condition"":""refer_separated"",""playerCount"":9}",2026-03-01T17:31:50.547180008Z,Refer Separated (9 players),2026-03-01T17:31:50.547180008Z,20260301_132907
01KJN7AAX1VHZ1A7ZB35BNRH8N,https://api.dicebear.com/9.x/shapes/svg?seed=anon_block5_trial5_player0&backgroundColor=e5e7eb&shape1Color=9ca3af&shape2Color=6b7280&shape3Color=4b5563,2026-03-01T18:21:55.599488485Z,katherine,2026-03-01T17:36:41.024566935Z,"{""0"":{""correct"":3,""total"":6},""2"":{""correct"":5,""total"":6},""3"":{""correct"":6,""total"":6},""5"":{""correct"":6,""total"":6}}",2026-03-01T18:04:50.011890364Z,6.923,2026-03-01T18:22:21.468996208Z,"[""page7-255"",""page9-46"",""page5-28"",""page7-107"",""page3-35"",""page-B""]",2026-03-01T17:36:41.024566935Z,A,2026-03-01T18:21:55.599488485Z,game ended,2026-03-01T18:22:52.86359489Z,,,,,True,2026-03-01T18:24:07.558091248Z,"{""age"":""51"",""gender"":""male"",""strength"":""We noticed early that things were repeating and eventually settled around names for them."",""fair"":""Yes."",""feedback"":""On the very first round, the speaker too too long to say anything, but after things got going it was fine."",""education"":""bachelor"",""understood"":""yes""}",2026-03-01T18:23:50.742607192Z,,,01KJN6MMQ03KZPZN0275VZXK6R,2026-03-01T17:32:11.575992596Z,1772386600784.0,2026-03-01T17:36:41.024566935Z,0.0,2026-03-01T18:16:20.233827539Z,True,2026-03-01T17:35:40.21442337Z,True,2026-03-01T17:36:41.024566935Z,,,Player,2026-03-01T18:05:56.08743552Z,#444EA1,2026-03-01T17:36:41.024566935Z,https://api.dicebear.com/9.x/identicon/svg?seed=katherine&backgroundColor=e0f2fe&rowColor=0369a1,2026-03-01T17:36:41.024566935Z,A,2026-03-01T17:36:41.024566935Z,Minu,2026-03-01T17:36:41.024566935Z,,,,,,,01KJN7AAKFTSNP1MTNWX0B9S7A,2026-03-01T17:32:11.553488238Z,1.0,2026-03-01T17:36:41.024566935Z,301.0,2026-03-01T18:22:15.715859394Z,"[""page7-255"",""page4-157"",""page9-46"",""page3-121"",""page9-7"",""page5-142"",""page5-28"",""page4-15"",""page3-35"",""page3-193"",""page7-26"",""page5-63"",""page-B"",""page6-149"",""page5-64"",""page7-107""]",2026-03-01T17:36:41.024566935Z,18.0,2026-03-01T18:22:15.715859394Z,22.0,2026-03-01T18:22:15.715859394Z,11.0,2026-03-01T18:19:44.218230928Z,12.0,2026-03-01T18:19:44.218230928Z,66.0,2026-03-01T18:19:44.218230928Z,"[""/tangram_page7-255.svg"",""/tangram_page4-157.svg"",""/tangram_page9-46.svg"",""/tangram_page3-121.svg"",""/tangram_page9-7.svg"",""/tangram_page5-142.svg"",""/tangram_page5-28.svg"",""/tangram_page4-15.svg"",""/tangram_page3-35.svg"",""/tangram_page3-193.svg"",""/tangram_page7-26.svg"",""/tangram_page5-63.svg"",""/tangram_page-B.svg"",""/tangram_page6-149.svg"",""/tangram_page5-64.svg"",""/tangram_page7-107.svg""]",2026-03-01T17:36:41.024566935Z,0.0,2026-03-01T17:36:41.024566935Z,"{""condition"":""social_mixed"",""playerCount"":9}",2026-03-01T17:32:11.575992596Z,Social Mixed (9 players),2026-03-01T17:32:11.575992596Z,20260301_132907
01KJN78CQJ3KY7VMGAR6F3D4S0,https://api.dicebear.com/9.x/shapes/svg?seed=anon_block5_trial5_player0&backgroundColor=e5e7eb&shape1Color=9ca3af&shape2Color=6b7280&shape3Color=4b5563,2026-03-01T18:18:15.206871524Z,alexandra,2026-03-01T17:37:01.054636964Z,"{""0"":{""correct"":3,""total"":5},""1"":{""correct"":6,""total"":6},""3"":{""correct"":6,""total"":6},""4"":{""correct"":6,""total"":6}}",2026-03-01T18:01:13.549987812Z,6.55,2026-03-01T18:18:28.38307423Z,"[""page7-255"",""page9-46"",""page5-28"",""page7-107"",""page3-35"",""page-B""]",2026-03-01T17:37:01.054636964Z,A,2026-03-01T18:17:28.783162795Z,game ended,2026-03-01T18:18:37.186853089Z,,,,,True,2026-03-01T18:19:22.713667723Z,"{""age"":""24"",""gender"":""female"",""strength"":""tried to describe the shapes in simple words, such as bunny or praying"",""fair"":""yes, it was a fun game"",""feedback"":""time was slightly too short "",""education"":""master"",""understood"":""yes""}",2026-03-01T18:19:16.63479353Z,,,01KJN6MMPQTMDYRN709968YFN1,2026-03-01T17:31:07.899534535Z,1772386620821.0,2026-03-01T17:37:01.054636964Z,0.0,2026-03-01T18:11:09.069974809Z,True,2026-03-01T17:32:34.330029027Z,True,2026-03-01T17:37:01.054636964Z,,,Player,2026-03-01T18:05:44.629969321Z,#D075A7,2026-03-01T17:37:01.054636964Z,https://api.dicebear.com/9.x/identicon/svg?seed=alexandra&backgroundColor=e0f2fe&rowColor=0369a1,2026-03-01T17:37:01.054636964Z,B,2026-03-01T17:37:01.054636964Z,Bavi,2026-03-01T17:37:01.054636964Z,,,,,,,01KJN78C807PE945YY9RRPRHMM,2026-03-01T17:31:07.890509686Z,2.0,2026-03-01T17:37:01.054636964Z,131.0,2026-03-01T18:18:25.238664468Z,"[""page9-7"",""page3-121"",""page5-63"",""page3-35"",""page7-107"",""page5-64"",""page7-255"",""page6-149"",""page-B"",""page3-193"",""page4-157"",""page7-26"",""page4-15"",""page9-46"",""page5-142"",""page5-28""]",2026-03-01T17:37:01.054636964Z,,,,,,,,,,,"[""/tangram_page9-7.svg"",""/tangram_page3-121.svg"",""/tangram_page5-63.svg"",""/tangram_page3-35.svg"",""/tangram_page7-107.svg"",""/tangram_page5-64.svg"",""/tangram_page7-255.svg"",""/tangram_page6-149.svg"",""/tangram_page-B.svg"",""/tangram_page3-193.svg"",""/tangram_page4-157.svg"",""/tangram_page7-26.svg"",""/tangram_page4-15.svg"",""/tangram_page9-46.svg"",""/tangram_page5-142.svg"",""/tangram_page5-28.svg""]",2026-03-01T17:37:01.054636964Z,0.0,2026-03-01T17:37:01.054636964Z,"{""condition"":""refer_mixed"",""playerCount"":9}",2026-03-01T17:31:07.899534535Z,Refer Mixed (9 players),2026-03-01T17:31:07.899534535Z,20260301_132907
01KJN791EPN054R2NTQQ1BFXJ5,https://api.dicebear.com/9.x/shapes/svg?seed=anon_block5_trial5_player1&backgroundColor=e5e7eb&shape1Color=9ca3af&shape2Color=6b7280&shape3Color=4b5563,2026-03-01T18:18:15.206871524Z,katherine,2026-03-01T17:37:01.054636964Z,"{""0"":{""correct"":3,""total"":6},""2"":{""correct"":5,""total"":6},""3"":{""correct"":6,""total"":6},""5"":{""correct"":6,""total"":6}}",2026-03-01T18:05:06.515229503Z,6.0,2026-03-01T18:18:28.38307423Z,"[""page7-255"",""page9-46"",""page5-28"",""page7-107"",""page3-35"",""page-B""]",2026-03-01T17:37:01.054636964Z,A,2026-03-01T18:18:15.206871524Z,game ended,2026-03-01T18:18:37.186853089Z,,,,,True,2026-03-01T18:19:08.893872146Z,"{""age"":""26"",""gender"":""male"",""strength"":""Trying to pick words that coordinated to the picture accross all groups"",""fair"":""yes"",""feedback"":""fun thing to be a part of!"",""education"":""master"",""understood"":""yes""}",2026-03-01T18:19:07.437297392Z,,,01KJN6MMPQTMDYRN709968YFN1,2026-03-01T17:31:29.122201508Z,1772386620820.0,2026-03-01T17:37:01.054636964Z,0.0,2026-03-01T18:15:15.0439545Z,True,2026-03-01T17:33:52.875230964Z,True,2026-03-01T17:37:01.054636964Z,,,Player,2026-03-01T18:05:44.629969321Z,#444EA1,2026-03-01T17:37:01.054636964Z,https://api.dicebear.com/9.x/identicon/svg?seed=katherine&backgroundColor=e0f2fe&rowColor=0369a1,2026-03-01T17:37:01.054636964Z,A,2026-03-01T17:37:01.054636964Z,Minu,2026-03-01T17:37:01.054636964Z,,,,,,,01KJN790Z72SRQN17HVKYVMKSR,2026-03-01T17:31:29.110974925Z,1.0,2026-03-01T17:37:01.054636964Z,120.0,2026-03-01T18:18:25.238664468Z,"[""page4-15"",""page4-157"",""page9-7"",""page5-28"",""page5-142"",""page7-107"",""page3-35"",""page7-26"",""page9-46"",""page3-193"",""page6-149"",""page7-255"",""page5-64"",""page5-63"",""page3-121"",""page-B""]",2026-03-01T17:37:01.054636964Z,,,,,,,,,,,"[""/tangram_page4-15.svg"",""/tangram_page4-157.svg"",""/tangram_page9-7.svg"",""/tangram_page5-28.svg"",""/tangram_page5-142.svg"",""/tangram_page7-107.svg"",""/tangram_page3-35.svg"",""/tangram_page7-26.svg"",""/tangram_page9-46.svg"",""/tangram_page3-193.svg"",""/tangram_page6-149.svg"",""/tangram_page7-255.svg"",""/tangram_page5-64.svg"",""/tangram_page5-63.svg"",""/tangram_page3-121.svg"",""/tangram_page-B.svg""]",2026-03-01T17:37:01.054636964Z,0.0,2026-03-01T17:37:01.054636964Z,"{""condition"":""refer_mixed"",""playerCount"":9}",2026-03-01T17:31:29.122201508Z,Refer Mixed (9 players),2026-03-01T17:31:29.122201508Z,20260301_132907
01KJN788SPAKVVBHX9T9FDQWAF,https://api.dicebear.com/9.x/shapes/svg?seed=anon_block5_trial5_player3&backgroundColor=e5e7eb&shape1Color=9ca3af&shape2Color=6b7280&shape3Color=4b5563,2026-03-01T18:18:15.206871524Z,kaylee,2026-03-01T17:37:01.054636964Z,"{""0"":{""correct"":1,""total"":5},""2"":{""correct"":6,""total"":6},""3"":{""correct"":6,""total"":6},""5"":{""correct"":6,""total"":6}}",2026-03-01T18:05:06.515229503Z,6.55,2026-03-01T18:18:28.38307423Z,"[""page7-255"",""page9-46"",""page5-28"",""page7-107"",""page3-35"",""page-B""]",2026-03-01T17:37:01.054636964Z,B,2026-03-01T18:18:15.206871524Z,game ended,2026-03-01T18:18:37.186853089Z,,,,,True,2026-03-01T18:22:07.617185934Z,"{""age"":""23"",""gender"":""male"",""strength"":""Describing things that I felt people would have common ground in understanding. For example, bunny, cause it kind of looked like 2 ears, and birdhouse, because it looked like one."",""fair"":""I do, it was fun. Do feel though that if the bonus is up to $8, I should have at least gotten $7, since I had over 90.9% of the points, more like $7.25, but I am fine."",""feedback"":""At the start, people took too long in my group to type, so I had no time to accurately guess, being labeled as away for the first 2-3 guesses."",""education"":""high-school"",""understood"":""yes""}",2026-03-01T18:22:05.138245074Z,,,01KJN6MMPQTMDYRN709968YFN1,2026-03-01T17:31:03.874768713Z,1772386620820.0,2026-03-01T17:37:01.054636964Z,0.0,2026-03-01T17:39:51.224432454Z,True,2026-03-01T17:34:41.831599043Z,True,2026-03-01T17:37:01.054636964Z,,,Player,2026-03-01T18:05:44.629969321Z,#A93F39,2026-03-01T17:37:01.054636964Z,https://api.dicebear.com/9.x/identicon/svg?seed=kaylee&backgroundColor=e0f2fe&rowColor=0369a1,2026-03-01T17:37:01.054636964Z,B,2026-03-01T17:37:01.054636964Z,Zuda,2026-03-01T17:37:01.054636964Z,,,,,,,01KJN788E1613J0Z3FPM9TMT23,2026-03-01T17:31:03.862345144Z,1.0,2026-03-01T17:37:01.054636964Z,131.0,2026-03-01T18:18:25.238664468Z,"[""page3-35"",""page3-121"",""page5-28"",""page5-142"",""page5-63"",""page7-255"",""page3-193"",""page9-7"",""page7-26"",""page4-157"",""page9-46"",""page7-107"",""page6-149"",""page-B"",""page4-15"",""page5-64""]",2026-03-01T17:37:01.054636964Z,,,,,,,,,,,"[""/tangram_page3-35.svg"",""/tangram_page3-121.svg"",""/tangram_page5-28.svg"",""/tangram_page5-142.svg"",""/tangram_page5-63.svg"",""/tangram_page7-255.svg"",""/tangram_page3-193.svg"",""/tangram_page9-7.svg"",""/tangram_page7-26.svg"",""/tangram_page4-157.svg"",""/tangram_page9-46.svg"",""/tangram_page7-107.svg"",""/tangram_page6-149.svg"",""/tangram_page-B.svg"",""/tangram_page4-15.svg"",""/tangram_page5-64.svg""]",2026-03-01T17:37:01.054636964Z,0.0,2026-03-01T17:37:01.054636964Z,"{""condition"":""refer_mixed"",""playerCount"":9}",2026-03-01T17:31:03.874768713Z,Refer Mixed (9 players),2026-03-01T17:31:03.874768713Z,20260301_132907
01KJN78DQ6KC0F9N1HA0BPB44R,https://api.dicebear.com/9.x/shapes/svg?seed=anon_block5_trial5_player4&backgroundColor=e5e7eb&shape1Color=9ca3af&shape2Color=6b7280&shape3Color=4b5563,2026-03-01T18:21:55.599488485Z,morgan,2026-03-01T17:36:41.024566935Z,"{""0"":{""correct"":4,""total"":6},""1"":{""correct"":5,""total"":6},""3"":{""correct"":5,""total"":6},""4"":{""correct"":6,""total"":6}}",2026-03-01T18:01:04.233339934Z,6.693,2026-03-01T18:22:21.468996208Z,"[""page7-255"",""page9-46"",""page5-28"",""page7-107"",""page3-35"",""page-B""]",2026-03-01T17:36:41.024566935Z,B,2026-03-01T18:21:55.599488485Z,game ended,2026-03-01T18:22:52.86359489Z,,,,,True,2026-03-01T18:25:29.476569981Z,"{""age"":""53"",""gender"":""male"",""strength"":""Make note of either simple geometry or similarity to common items. Try to find common phrasing and maintain consistency to alert initial group"",""fair"":""yes"",""feedback"":""excellent study, I welcome contact if any future ones come up"",""education"":""high-school"",""understood"":""yes""}",2026-03-01T18:25:16.594089679Z,,,01KJN6MMQ03KZPZN0275VZXK6R,2026-03-01T17:31:08.916563168Z,1772386600785.0,2026-03-01T17:36:41.024566935Z,0.0,2026-03-01T18:19:14.966711406Z,True,2026-03-01T17:34:20.874156797Z,True,2026-03-01T17:36:41.024566935Z,,,Player,2026-03-01T18:05:56.08743552Z,#6B7280,2026-03-01T17:36:41.024566935Z,https://api.dicebear.com/9.x/identicon/svg?seed=morgan&backgroundColor=e0f2fe&rowColor=0369a1,2026-03-01T17:36:41.024566935Z,C,2026-03-01T17:36:41.024566935Z,Nori,2026-03-01T17:36:41.024566935Z,,,,,,,01KJN78D8JJQBR2KA9X7YYPYGR,2026-03-01T17:31:08.903024116Z,2.0,2026-03-01T17:36:41.024566935Z,291.0,2026-03-01T18:22:15.715859394Z,"[""page9-7"",""page4-157"",""page4-15"",""page5-63"",""page9-46"",""page7-107"",""page-B"",""page3-121"",""page7-26"",""page3-35"",""page5-28"",""page5-64"",""page3-193"",""page5-142"",""page6-149"",""page7-255""]",2026-03-01T17:36:41.024566935Z,18.0,2026-03-01T18:19:44.218230928Z,19.0,2026-03-01T18:19:44.218230928Z,10.0,2026-03-01T18:22:15.715859394Z,12.0,2026-03-01T18:22:15.715859394Z,60.0,2026-03-01T18:22:15.715859394Z,"[""/tangram_page9-7.svg"",""/tangram_page4-157.svg"",""/tangram_page4-15.svg"",""/tangram_page5-63.svg"",""/tangram_page9-46.svg"",""/tangram_page7-107.svg"",""/tangram_page-B.svg"",""/tangram_page3-121.svg"",""/tangram_page7-26.svg"",""/tangram_page3-35.svg"",""/tangram_page5-28.svg"",""/tangram_page5-64.svg"",""/tangram_page3-193.svg"",""/tangram_page5-142.svg"",""/tangram_page6-149.svg"",""/tangram_page7-255.svg""]",2026-03-01T17:36:41.024566935Z,0.0,2026-03-01T17:36:41.024566935Z,"{""condition"":""social_mixed"",""playerCount"":9}",2026-03-01T17:31:08.916563168Z,Social Mixed (9 players),2026-03-01T17:31:08.916563168Z,20260301_132907
01KJN7931DXZ65NXTWK1GNEZMW,https://api.dicebear.com/9.x/identicon/svg?seed=morgan&backgroundColor=e0f2fe&rowColor=0369a1,2026-03-01T17:37:27.045063548Z,morgan,2026-03-01T17:37:27.045063548Z,"{""0"":{""correct"":4,""total"":6},""1"":{""correct"":6,""total"":6},""3"":{""correct"":6,""total"":6},""4"":{""correct"":6,""total"":6}}",2026-03-01T17:57:56.117050786Z,7.0,2026-03-01T18:10:21.519882462Z,"[""page7-255"",""page9-46"",""page5-28"",""page7-107"",""page3-35"",""page-B""]",2026-03-01T17:37:27.045063548Z,C,2026-03-01T17:37:27.045063548Z,game ended,2026-03-01T18:10:39.919563877Z,,,,,True,2026-03-01T18:11:29.628571359Z,"{""age"":""31"",""gender"":""female"",""strength"":""I tried to repeat phrases from previous rounds that seemed to get the correct answer"",""fair"":""Very!"",""feedback"":""I thought this was fun and the game worked well. "",""education"":""master"",""understood"":""yes""}",2026-03-01T18:11:16.874318354Z,,,01KJN6MMPQTMDYRN709DP5DSDA,2026-03-01T17:31:30.743877002Z,1772386646795.0,2026-03-01T17:37:27.045063548Z,0.0,2026-03-01T17:37:27.045063548Z,True,2026-03-01T17:33:16.497100384Z,True,2026-03-01T17:37:27.045063548Z,,,Nori,2026-03-01T17:37:27.045063548Z,#6B7280,2026-03-01T17:37:27.045063548Z,https://api.dicebear.com/9.x/identicon/svg?seed=morgan&backgroundColor=e0f2fe&rowColor=0369a1,2026-03-01T17:37:27.045063548Z,C,2026-03-01T17:37:27.045063548Z,Nori,2026-03-01T17:37:27.045063548Z,,,,,,,01KJN792MJ5T0CYY7G46Y422ZT,2026-03-01T17:31:30.733944073Z,2.0,2026-03-01T17:37:27.045063548Z,140.0,2026-03-01T18:10:17.94614637Z,"[""page3-35"",""page5-64"",""page5-142"",""page6-149"",""page4-157"",""page3-193"",""page4-15"",""page9-46"",""page3-121"",""page5-63"",""page-B"",""page9-7"",""page5-28"",""page7-255"",""page7-26"",""page7-107""]",2026-03-01T17:37:27.045063548Z,,,,,,,,,,,"[""/tangram_page3-35.svg"",""/tangram_page5-64.svg"",""/tangram_page5-142.svg"",""/tangram_page6-149.svg"",""/tangram_page4-157.svg"",""/tangram_page3-193.svg"",""/tangram_page4-15.svg"",""/tangram_page9-46.svg"",""/tangram_page3-121.svg"",""/tangram_page5-63.svg"",""/tangram_page-B.svg"",""/tangram_page9-7.svg"",""/tangram_page5-28.svg"",""/tangram_page7-255.svg"",""/tangram_page7-26.svg"",""/tangram_page7-107.svg""]",2026-03-01T17:37:27.045063548Z,0.0,2026-03-01T17:37:27.045063548Z,"{""condition"":""refer_separated"",""playerCount"":9}",2026-03-01T17:31:30.743877002Z,Refer Separated (9 players),2026-03-01T17:31:30.743877002Z,20260301_132907
01KJN7BYA5X3A2G30KZECRY2HY,https://api.dicebear.com/9.x/identicon/svg?seed=alexandra&backgroundColor=e0f2fe&rowColor=0369a1,2026-03-01T17:37:27.045063548Z,alexandra,2026-03-01T17:37:27.045063548Z,"{""0"":{""correct"":2,""total"":6},""1"":{""correct"":4,""total"":6},""3"":{""correct"":6,""total"":6},""4"":{""correct"":6,""total"":6}}",2026-03-01T17:57:56.117050786Z,6.5,2026-03-01T18:10:21.519882462Z,"[""page7-255"",""page9-46"",""page5-28"",""page7-107"",""page3-35"",""page-B""]",2026-03-01T17:37:27.045063548Z,B,2026-03-01T17:37:27.045063548Z,game ended,2026-03-01T18:10:39.919563877Z,,,,,True,2026-03-01T18:11:53.082864624Z,"{""age"":""32"",""gender"":""female"",""strength"":""We quickly found the same words to describe certain shapes and used those. "",""fair"":""Absolutely and would be happy to do it again. "",""feedback"":""For some of the first round, I had clicked on something and then it told me I had been inactive and received a warning. I'm not sure if it was a glitch and it only happened in the first round but it did initially concern me that I'd be kicked out. "",""education"":""master"",""understood"":""yes""}",2026-03-01T18:11:47.277589009Z,,,01KJN6MMPQTMDYRN709DP5DSDA,2026-03-01T17:33:04.210402769Z,1772386646795.0,2026-03-01T17:37:27.045063548Z,0.0,2026-03-01T17:42:55.544763322Z,True,2026-03-01T17:35:15.191177293Z,True,2026-03-01T17:37:27.045063548Z,,,Bavi,2026-03-01T17:37:27.045063548Z,#D075A7,2026-03-01T17:37:27.045063548Z,https://api.dicebear.com/9.x/identicon/svg?seed=alexandra&backgroundColor=e0f2fe&rowColor=0369a1,2026-03-01T17:37:27.045063548Z,B,2026-03-01T17:37:27.045063548Z,Bavi,2026-03-01T17:37:27.045063548Z,,,,,,,01KJN7BXXABXFXDPW6DS8GMEDD,2026-03-01T17:33:04.197141345Z,2.0,2026-03-01T17:37:27.045063548Z,130.0,2026-03-01T18:10:17.94614637Z,"[""page7-255"",""page5-142"",""page5-64"",""page9-7"",""page9-46"",""page3-121"",""page7-26"",""page5-28"",""page-B"",""page7-107"",""page4-157"",""page4-15"",""page3-193"",""page6-149"",""page3-35"",""page5-63""]",2026-03-01T17:37:27.045063548Z,,,,,,,,,,,"[""/tangram_page7-255.svg"",""/tangram_page5-142.svg"",""/tangram_page5-64.svg"",""/tangram_page9-7.svg"",""/tangram_page9-46.svg"",""/tangram_page3-121.svg"",""/tangram_page7-26.svg"",""/tangram_page5-28.svg"",""/tangram_page-B.svg"",""/tangram_page7-107.svg"",""/tangram_page4-157.svg"",""/tangram_page4-15.svg"",""/tangram_page3-193.svg"",""/tangram_page6-149.svg"",""/tangram_page3-35.svg"",""/tangram_page5-63.svg""]",2026-03-01T17:37:27.045063548Z,0.0,2026-03-01T17:37:27.045063548Z,"{""condition"":""refer_separated"",""playerCount"":9}",2026-03-01T17:33:04.210402769Z,Refer Separated (9 players),2026-03-01T17:33:04.210402769Z,20260301_132907
01KJP2SDQCR0935BS4E06A6D2G,https://api.dicebear.com/9.x/shapes/svg?seed=anon_block5_trial5_player7&backgroundColor=e5e7eb&shape1Color=9ca3af&shape2Color=6b7280&shape3Color=4b5563,2026-03-02T02:32:16.079140741Z,noah,2026-03-02T01:42:46.872025873Z,"{""0"":{""correct"":2,""total"":6},""2"":{""correct"":4,""total"":6},""3"":{""correct"":6,""total"":6},""5"":{""correct"":6,""total"":6}}",2026-03-02T02:11:55.690900599Z,6.187,2026-03-02T02:32:48.479183463Z,"[""page7-255"",""page9-46"",""page5-28"",""page7-107"",""page3-35"",""page-B""]",2026-03-02T01:42:46.872025873Z,C,2026-03-02T02:32:16.079140741Z,game ended,2026-03-02T02:33:14.161082986Z,,,,,True,2026-03-02T02:34:42.008458131Z,"{""age"":""27"",""gender"":""female"",""strength"":""Trying to deciper the clues fast and use my eyes to figure out what the person was talking about."",""fair"":""I think it was fair pay."",""feedback"":""One of the players did become inactive that is all."",""education"":""bachelor"",""understood"":""yes""}",2026-03-02T02:34:31.715255008Z,,,01KJP22PXRH9VYFY7Z1HZVNSMN,2026-03-02T01:32:17.526752817Z,1772415766665.0,2026-03-02T01:42:46.872025873Z,0.0,2026-03-02T01:42:46.872025873Z,True,2026-03-02T01:36:09.3380722Z,True,2026-03-02T01:42:46.872025873Z,,,Player,2026-03-02T02:13:02.642927237Z,#A93849,2026-03-02T01:42:46.872025873Z,https://api.dicebear.com/9.x/identicon/svg?seed=noah&backgroundColor=e0f2fe&rowColor=0369a1,2026-03-02T01:42:46.872025873Z,C,2026-03-02T01:42:46.872025873Z,Felu,2026-03-02T01:42:46.872025873Z,,,,,,,01KJP2SDEC2NQCQ7VQD35TV85M,2026-03-02T01:32:17.516540998Z,1.0,2026-03-02T01:42:46.872025873Z,269.0,2026-03-02T02:32:36.748886546Z,"[""page7-26"",""page4-15"",""page9-7"",""page5-63"",""page5-28"",""page7-255"",""page6-149"",""page5-64"",""page4-157"",""page3-35"",""page9-46"",""page3-193"",""page-B"",""page7-107"",""page3-121"",""page5-142""]",2026-03-02T01:42:46.872025873Z,19.0,2026-03-02T02:31:36.228315664Z,22.0,2026-03-02T02:32:06.069267948Z,7.0,2026-03-02T02:29:37.547130733Z,8.0,2026-03-02T02:29:37.547130733Z,42.0,2026-03-02T02:29:37.547130733Z,"[""/tangram_page7-26.svg"",""/tangram_page4-15.svg"",""/tangram_page9-7.svg"",""/tangram_page5-63.svg"",""/tangram_page5-28.svg"",""/tangram_page7-255.svg"",""/tangram_page6-149.svg"",""/tangram_page5-64.svg"",""/tangram_page4-157.svg"",""/tangram_page3-35.svg"",""/tangram_page9-46.svg"",""/tangram_page3-193.svg"",""/tangram_page-B.svg"",""/tangram_page7-107.svg"",""/tangram_page3-121.svg"",""/tangram_page5-142.svg""]",2026-03-02T01:42:46.872025873Z,0.0,2026-03-02T01:42:46.872025873Z,"{""condition"":""exp2_social_goal"",""playerCount"":9}",2026-03-02T01:32:17.526752817Z,Exp2 Social Goal (9 players),2026-03-02T01:32:17.526752817Z,20260301_214147
01KJP2RBVR6E36EKC8HYRAV5GF,https://api.dicebear.com/9.x/shapes/svg?seed=anon_block5_trial5_player0&backgroundColor=e5e7eb&shape1Color=9ca3af&shape2Color=6b7280&shape3Color=4b5563,2026-03-02T02:32:16.079140741Z,kayla,2026-03-02T01:42:46.872025873Z,"{""0"":{""correct"":2,""total"":6},""1"":{""correct"":1,""total"":6},""3"":{""correct"":6,""total"":6},""4"":{""correct"":5,""total"":6}}",2026-03-02T02:08:01.893594959Z,5.52,2026-03-02T02:32:48.479183463Z,"[""page7-255"",""page9-46"",""page5-28"",""page7-107"",""page3-35"",""page-B""]",2026-03-02T01:42:46.872025873Z,A,2026-03-02T02:30:44.358700235Z,game ended,2026-03-02T02:33:14.161082986Z,,,,,True,2026-03-02T02:36:52.66048068Z,"{""age"":""40"",""gender"":""male"",""strength"":""I used the same terms, simple and distinct ones, like 'fireball', 'topless pyramid', and 'whale'."",""fair"":""Yes, absolutely. Its unfortunate that one the original group(minu) refused to just roll with the same terminology/strategy that I and the other play(ripa), were using, but I suppose it added an additional element of excitement to the game. "",""feedback"":""This was the most fun I've had on prolific, and the most deeply invested I've been in a survey. I would love to do more like this."",""education"":""bachelor"",""understood"":""yes""}",2026-03-02T02:36:45.866670241Z,,,01KJP22PXRH9VYFY7Z1HZVNSMN,2026-03-02T01:31:42.850507075Z,1772415766664.0,2026-03-02T01:42:46.872025873Z,0.0,2026-03-02T01:42:46.872025873Z,True,2026-03-02T01:35:33.307427981Z,True,2026-03-02T01:42:46.872025873Z,,,Player,2026-03-02T02:13:02.642927237Z,#57AEC6,2026-03-02T01:42:46.872025873Z,https://api.dicebear.com/9.x/identicon/svg?seed=kayla&backgroundColor=e0f2fe&rowColor=0369a1,2026-03-02T01:42:46.872025873Z,A,2026-03-02T01:42:46.872025873Z,Laju,2026-03-02T01:42:46.872025873Z,,,,,,,01KJP2RBQS0CR9BMAXP7R1F3TH,2026-03-02T01:31:42.840144628Z,2.0,2026-03-02T01:42:46.872025873Z,240.0,2026-03-02T02:32:36.748886546Z,"[""page9-7"",""page5-28"",""page7-255"",""page3-121"",""page5-64"",""page6-149"",""page-B"",""page4-15"",""page4-157"",""page9-46"",""page3-35"",""page7-107"",""page3-193"",""page5-63"",""page7-26"",""page5-142""]",2026-03-02T01:42:46.872025873Z,18.0,2026-03-02T02:29:10.393688118Z,24.0,2026-03-02T02:29:37.547130733Z,4.0,2026-03-02T02:32:36.748886546Z,6.0,2026-03-02T02:32:36.748886546Z,24.0,2026-03-02T02:32:36.748886546Z,"[""/tangram_page9-7.svg"",""/tangram_page5-28.svg"",""/tangram_page7-255.svg"",""/tangram_page3-121.svg"",""/tangram_page5-64.svg"",""/tangram_page6-149.svg"",""/tangram_page-B.svg"",""/tangram_page4-15.svg"",""/tangram_page4-157.svg"",""/tangram_page9-46.svg"",""/tangram_page3-35.svg"",""/tangram_page7-107.svg"",""/tangram_page3-193.svg"",""/tangram_page5-63.svg"",""/tangram_page7-26.svg"",""/tangram_page5-142.svg""]",2026-03-02T01:42:46.872025873Z,0.0,2026-03-02T01:42:46.872025873Z,"{""condition"":""exp2_social_goal"",""playerCount"":9}",2026-03-02T01:31:42.850507075Z,Exp2 Social Goal (9 players),2026-03-02T01:31:42.850507075Z,20260301_214147
01KJP2SGRYQPGESDGRKTMMAJX4,https://api.dicebear.com/9.x/shapes/svg?seed=anon_block5_trial5_player1&backgroundColor=e5e7eb&shape1Color=9ca3af&shape2Color=6b7280&shape3Color=4b5563,2026-03-02T02:32:16.079140741Z,katherine,2026-03-02T01:42:46.872025873Z,"{""0"":{""correct"":0,""total"":6},""2"":{""correct"":3,""total"":6},""3"":{""correct"":3,""total"":6},""5"":{""correct"":3,""total"":6}}",2026-03-02T02:11:55.690900599Z,4.324,2026-03-02T02:32:48.479183463Z,"[""page7-255"",""page9-46"",""page5-28"",""page7-107"",""page3-35"",""page-B""]",2026-03-02T01:42:46.872025873Z,A,2026-03-02T02:32:16.079140741Z,game ended,2026-03-02T02:33:14.161082986Z,,,,,True,2026-03-02T02:34:17.677022878Z,"{""age"":""54"",""gender"":""non-binary"",""strength"":""Remembering what others were calling some of the shapes."",""fair"":""Absolutely!"",""feedback"":""none. it was fun!"",""education"":""high-school"",""understood"":""yes""}",2026-03-02T02:34:08.950030904Z,,,01KJP22PXRH9VYFY7Z1HZVNSMN,2026-03-02T01:32:20.648892657Z,1772415766664.0,2026-03-02T01:42:46.872025873Z,0.0,2026-03-02T01:45:35.752016902Z,True,2026-03-02T01:36:59.125688568Z,True,2026-03-02T01:42:46.872025873Z,,,Player,2026-03-02T02:13:02.642927237Z,#444EA1,2026-03-02T01:42:46.872025873Z,https://api.dicebear.com/9.x/identicon/svg?seed=katherine&backgroundColor=e0f2fe&rowColor=0369a1,2026-03-02T01:42:46.872025873Z,A,2026-03-02T01:42:46.872025873Z,Minu,2026-03-02T01:42:46.872025873Z,,,,,,,01KJP2SGMTHJTNEQ45KEMNWNFP,2026-03-02T01:32:20.638112249Z,1.0,2026-03-02T01:42:46.872025873Z,188.0,2026-03-02T02:32:36.748886546Z,"[""page5-142"",""page9-7"",""page4-15"",""page9-46"",""page3-35"",""page5-28"",""page5-64"",""page6-149"",""page7-107"",""page3-121"",""page3-193"",""page7-255"",""page-B"",""page5-63"",""page4-157"",""page7-26""]",2026-03-02T01:42:46.872025873Z,15.0,2026-03-02T02:32:36.748886546Z,21.0,2026-03-02T02:32:36.748886546Z,6.0,2026-03-02T02:29:10.393688118Z,13.0,2026-03-02T02:31:36.228315664Z,30.0,2026-03-02T02:29:10.393688118Z,"[""/tangram_page5-142.svg"",""/tangram_page9-7.svg"",""/tangram_page4-15.svg"",""/tangram_page9-46.svg"",""/tangram_page3-35.svg"",""/tangram_page5-28.svg"",""/tangram_page5-64.svg"",""/tangram_page6-149.svg"",""/tangram_page7-107.svg"",""/tangram_page3-121.svg"",""/tangram_page3-193.svg"",""/tangram_page7-255.svg"",""/tangram_page-B.svg"",""/tangram_page5-63.svg"",""/tangram_page4-157.svg"",""/tangram_page7-26.svg""]",2026-03-02T01:42:46.872025873Z,0.0,2026-03-02T01:42:46.872025873Z,"{""condition"":""exp2_social_goal"",""playerCount"":9}",2026-03-02T01:32:20.648892657Z,Exp2 Social Goal (9 players),2026-03-02T01:32:20.648892657Z,20260301_214147
01KJP2SNNP4ZB6K1QMGZX5CC0T,https://api.dicebear.com/9.x/shapes/svg?seed=anon_block5_trial5_player2&backgroundColor=e5e7eb&shape1Color=9ca3af&shape2Color=6b7280&shape3Color=4b5563,2026-03-02T02:32:16.079140741Z,cole,2026-03-02T01:42:46.872025873Z,"{""1"":{""correct"":5,""total"":6},""2"":{""correct"":5,""total"":6},""4"":{""correct"":6,""total"":6},""5"":{""correct"":6,""total"":6}}",2026-03-02T02:11:55.690900599Z,6.394,2026-03-02T02:32:48.479183463Z,"[""page7-255"",""page9-46"",""page5-28"",""page7-107"",""page3-35"",""page-B""]",2026-03-02T01:42:46.872025873Z,A,2026-03-02T02:32:16.079140741Z,game ended,2026-03-02T02:33:14.161082986Z,,,,,True,2026-03-02T02:34:36.048903976Z,"{""age"":""48"",""gender"":""male"",""strength"":""no strategy but to get the shapes well, try to speak in a different manner so my teamates would know me. "",""fair"":""yes"",""feedback"":""Good luck!  Thank you for the bonus :)"",""education"":""high-school"",""understood"":""yes""}",2026-03-02T02:34:27.421663835Z,,,01KJP22PXRH9VYFY7Z1HZVNSMN,2026-03-02T01:32:25.665407934Z,1772415766665.0,2026-03-02T01:42:46.872025873Z,0.0,2026-03-02T02:29:37.547130733Z,True,2026-03-02T01:38:59.654511565Z,True,2026-03-02T01:42:46.872025873Z,,,Player,2026-03-02T02:13:02.642927237Z,#A9385B,2026-03-02T01:42:46.872025873Z,https://api.dicebear.com/9.x/identicon/svg?seed=cole&backgroundColor=e0f2fe&rowColor=0369a1,2026-03-02T01:42:46.872025873Z,C,2026-03-02T01:42:46.872025873Z,Lika,2026-03-02T01:42:46.872025873Z,,,,,,,01KJP2SN80R2FC5DS19NV5TEVD,2026-03-02T01:32:25.654221778Z,0.0,2026-03-02T01:42:46.872025873Z,278.0,2026-03-02T02:32:36.748886546Z,"[""page3-121"",""page4-15"",""page9-7"",""page9-46"",""page5-63"",""page7-255"",""page7-107"",""page5-142"",""page7-26"",""page3-193"",""page5-64"",""page-B"",""page3-35"",""page4-157"",""page5-28"",""page6-149""]",2026-03-02T01:42:46.872025873Z,19.0,2026-03-02T02:32:36.748886546Z,21.0,2026-03-02T02:32:36.748886546Z,13.0,2026-03-02T02:26:31.477791548Z,13.0,2026-03-02T02:26:31.477791548Z,48.0,2026-03-02T02:26:31.477791548Z,"[""/tangram_page3-121.svg"",""/tangram_page4-15.svg"",""/tangram_page9-7.svg"",""/tangram_page9-46.svg"",""/tangram_page5-63.svg"",""/tangram_page7-255.svg"",""/tangram_page7-107.svg"",""/tangram_page5-142.svg"",""/tangram_page7-26.svg"",""/tangram_page3-193.svg"",""/tangram_page5-64.svg"",""/tangram_page-B.svg"",""/tangram_page3-35.svg"",""/tangram_page4-157.svg"",""/tangram_page5-28.svg"",""/tangram_page6-149.svg""]",2026-03-02T01:42:46.872025873Z,0.0,2026-03-02T01:42:46.872025873Z,"{""condition"":""exp2_social_goal"",""playerCount"":9}",2026-03-02T01:32:25.665407934Z,Exp2 Social Goal (9 players),2026-03-02T01:32:25.665407934Z,20260301_214147
01KJP2RVD8SK7AN1X5EMGRM458,https://api.dicebear.com/9.x/shapes/svg?seed=anon_block5_trial5_player5&backgroundColor=e5e7eb&shape1Color=9ca3af&shape2Color=6b7280&shape3Color=4b5563,2026-03-02T02:32:16.079140741Z,kaylee,2026-03-02T01:42:46.872025873Z,"{""0"":{""correct"":3,""total"":6},""2"":{""correct"":4,""total"":5},""3"":{""correct"":6,""total"":6}}",2026-03-02T02:03:19.387642969Z,5.612,2026-03-02T02:32:48.479183463Z,"[""page7-255"",""page9-46"",""page5-28"",""page7-107"",""page3-35"",""page-B""]",2026-03-02T01:42:46.872025873Z,B,2026-03-02T02:32:16.079140741Z,game ended,2026-03-02T02:33:14.161082986Z,,,,,True,2026-03-02T02:37:40.521164612Z,"{""age"":""48"",""gender"":""male"",""strength"":""My strategy was to describe the items as my team did. I was not the first to call a shape by a name, so I just used the same words my teammates used  to describe the items. This way they knew we were all on the same page, and could identify each other later in the game. "",""fair"":""Very fair"",""feedback"":""No issues at all, but I was timed out one time because the person did not type fast enough in the second phase. By the time they were finished typing, there was about  1 or 2 seconds left. In the future, maybe you can have the person type out what they want before the timer starts, on the page before, or give them 10 seconds, then start the timer for the others to pick the shape and if they were a part of the original group or not!"",""education"":""high-school"",""understood"":""yes""}",2026-03-02T02:37:13.504274724Z,,,01KJP22PXRH9VYFY7Z1HZVNSMN,2026-03-02T01:31:58.772089989Z,1772415766665.0,2026-03-02T01:42:46.872025873Z,0.0,2026-03-02T02:14:07.94010972Z,True,2026-03-02T01:40:45.738659678Z,True,2026-03-02T01:42:46.872025873Z,,,Player,2026-03-02T02:13:02.642927237Z,#A93F39,2026-03-02T01:42:46.872025873Z,https://api.dicebear.com/9.x/identicon/svg?seed=kaylee&backgroundColor=e0f2fe&rowColor=0369a1,2026-03-02T01:42:46.872025873Z,B,2026-03-02T01:42:46.872025873Z,Zuda,2026-03-02T01:42:46.872025873Z,,,,,,,01KJP2RTZAP1JVTPRM0Y2VCGB3,2026-03-02T01:31:58.760593142Z,1.0,2026-03-02T01:42:46.872025873Z,244.0,2026-03-02T02:32:36.748886546Z,"[""page5-142"",""page9-7"",""page4-15"",""page7-26"",""page9-46"",""page5-28"",""page3-193"",""page5-63"",""page3-35"",""page7-107"",""page-B"",""page5-64"",""page6-149"",""page3-121"",""page7-255"",""page4-157""]",2026-03-02T01:42:46.872025873Z,20.0,2026-03-02T02:32:36.748886546Z,21.0,2026-03-02T02:32:36.748886546Z,1.0,2026-03-02T02:19:47.767532992Z,2.0,2026-03-02T02:28:38.099559731Z,6.0,2026-03-02T02:19:47.767532992Z,"[""/tangram_page5-142.svg"",""/tangram_page9-7.svg"",""/tangram_page4-15.svg"",""/tangram_page7-26.svg"",""/tangram_page9-46.svg"",""/tangram_page5-28.svg"",""/tangram_page3-193.svg"",""/tangram_page5-63.svg"",""/tangram_page3-35.svg"",""/tangram_page7-107.svg"",""/tangram_page-B.svg"",""/tangram_page5-64.svg"",""/tangram_page6-149.svg"",""/tangram_page3-121.svg"",""/tangram_page7-255.svg"",""/tangram_page4-157.svg""]",2026-03-02T01:42:46.872025873Z,0.0,2026-03-02T01:42:46.872025873Z,"{""condition"":""exp2_social_goal"",""playerCount"":9}",2026-03-02T01:31:58.772089989Z,Exp2 Social Goal (9 players),2026-03-02T01:31:58.772089989Z,20260301_214147
01KJP2Q4FMMNPG4DTS771Y4V70,https://api.dicebear.com/9.x/shapes/svg?seed=anon_block5_trial5_player3&backgroundColor=e5e7eb&shape1Color=9ca3af&shape2Color=6b7280&shape3Color=4b5563,2026-03-02T02:32:16.079140741Z,aria,2026-03-02T01:42:46.872025873Z,"{""1"":{""correct"":3,""total"":6},""2"":{""correct"":6,""total"":6},""4"":{""correct"":5,""total"":6},""5"":{""correct"":5,""total"":6}}",2026-03-02T02:11:55.690900599Z,5.336,2026-03-02T02:32:48.479183463Z,"[""page7-255"",""page9-46"",""page5-28"",""page7-107"",""page3-35"",""page-B""]",2026-03-02T01:42:46.872025873Z,B,2026-03-02T02:32:16.079140741Z,game ended,2026-03-02T02:33:14.161082986Z,,,,,True,2026-03-02T02:34:19.977942802Z,"{""age"":""18"",""gender"":""female"",""strength"":""My strategy was to find a common language with my group to get the most points possible. Also to be as descriptive as possible with people from other groups that I didn't know."",""fair"":""Yes, the pay was fair!"",""feedback"":"""",""education"":""high-school"",""understood"":""yes""}",2026-03-02T02:34:14.784734962Z,,,01KJP22PXRH9VYFY7Z1HZVNSMN,2026-03-02T01:31:02.531221807Z,1772415766664.0,2026-03-02T01:42:46.872025873Z,0.0,2026-03-02T01:54:50.760261735Z,True,2026-03-02T01:35:10.835221511Z,True,2026-03-02T01:42:46.872025873Z,,,Player,2026-03-02T02:13:02.642927237Z,#29828D,2026-03-02T01:42:46.872025873Z,https://api.dicebear.com/9.x/identicon/svg?seed=aria&backgroundColor=e0f2fe&rowColor=0369a1,2026-03-02T01:42:46.872025873Z,A,2026-03-02T01:42:46.872025873Z,Repi,2026-03-02T01:42:46.872025873Z,,,,,,,01KJP2Q42XH934332VASH1TJ4C,2026-03-02T01:31:02.516986855Z,0.0,2026-03-02T01:42:46.872025873Z,232.0,2026-03-02T02:32:36.748886546Z,"[""page5-142"",""page9-7"",""page7-255"",""page-B"",""page3-193"",""page4-15"",""page5-64"",""page9-46"",""page3-35"",""page4-157"",""page7-107"",""page7-26"",""page5-28"",""page6-149"",""page3-121"",""page5-63""]",2026-03-02T01:42:46.872025873Z,16.0,2026-03-02T02:32:36.748886546Z,19.0,2026-03-02T02:32:36.748886546Z,7.0,2026-03-02T02:25:28.686084475Z,10.0,2026-03-02T02:25:28.686084475Z,36.0,2026-03-02T02:25:28.686084475Z,"[""/tangram_page5-142.svg"",""/tangram_page9-7.svg"",""/tangram_page7-255.svg"",""/tangram_page-B.svg"",""/tangram_page3-193.svg"",""/tangram_page4-15.svg"",""/tangram_page5-64.svg"",""/tangram_page9-46.svg"",""/tangram_page3-35.svg"",""/tangram_page4-157.svg"",""/tangram_page7-107.svg"",""/tangram_page7-26.svg"",""/tangram_page5-28.svg"",""/tangram_page6-149.svg"",""/tangram_page3-121.svg"",""/tangram_page5-63.svg""]",2026-03-02T01:42:46.872025873Z,0.0,2026-03-02T01:42:46.872025873Z,"{""condition"":""exp2_social_goal"",""playerCount"":9}",2026-03-02T01:31:02.531221807Z,Exp2 Social Goal (9 players),2026-03-02T01:31:02.531221807Z,20260301_214147
01KJP2RH1QNE571FNJRJ0ZHM7W,https://api.dicebear.com/9.x/shapes/svg?seed=anon_block5_trial5_player6&backgroundColor=e5e7eb&shape1Color=9ca3af&shape2Color=6b7280&shape3Color=4b5563,2026-03-02T02:32:16.079140741Z,oliver,2026-03-02T01:42:46.872025873Z,"{""1"":{""correct"":5,""total"":6},""4"":{""correct"":6,""total"":6},""5"":{""correct"":6,""total"":6}}",2026-03-02T02:11:55.690900599Z,5.796,2026-03-02T02:32:48.479183463Z,"[""page7-255"",""page9-46"",""page5-28"",""page7-107"",""page3-35"",""page-B""]",2026-03-02T01:42:46.872025873Z,C,2026-03-02T02:32:16.079140741Z,game ended,2026-03-02T02:33:14.161082986Z,,,,,True,2026-03-02T02:34:40.520681706Z,"{""age"":""51"",""gender"":""male"",""strength"":""I tried to use the same descriptions for my first phase partner and mix it up for the wider group of phase 2."",""fair"":""Yes"",""feedback"":""Very interesting and enjoyable thank you."",""education"":""high-school"",""understood"":""yes""}",2026-03-02T02:34:20.843153215Z,,,01KJP22PXRH9VYFY7Z1HZVNSMN,2026-03-02T01:31:48.161774847Z,1772415766664.0,2026-03-02T01:42:46.872025873Z,0.0,2026-03-02T02:21:02.782571841Z,True,2026-03-02T01:38:53.148222133Z,True,2026-03-02T01:42:46.872025873Z,,,Player,2026-03-02T02:13:02.642927237Z,#5792C8,2026-03-02T01:42:46.872025873Z,https://api.dicebear.com/9.x/identicon/svg?seed=oliver&backgroundColor=e0f2fe&rowColor=0369a1,2026-03-02T01:42:46.872025873Z,B,2026-03-02T01:42:46.872025873Z,Hera,2026-03-02T01:42:46.872025873Z,,,,,,,01KJP2RGSTAQNKV53DV2HCQK7K,2026-03-02T01:31:48.151551955Z,0.0,2026-03-02T01:42:46.872025873Z,252.0,2026-03-02T02:32:36.748886546Z,"[""page3-193"",""page5-142"",""page4-15"",""page9-7"",""page7-26"",""page5-63"",""page6-149"",""page3-121"",""page4-157"",""page7-255"",""page5-64"",""page-B"",""page9-46"",""page5-28"",""page7-107"",""page3-35""]",2026-03-02T01:42:46.872025873Z,21.0,2026-03-02T02:32:36.748886546Z,22.0,2026-03-02T02:32:36.748886546Z,4.0,2026-03-02T02:25:28.686084475Z,5.0,2026-03-02T02:25:28.686084475Z,24.0,2026-03-02T02:25:28.686084475Z,"[""/tangram_page3-193.svg"",""/tangram_page5-142.svg"",""/tangram_page4-15.svg"",""/tangram_page9-7.svg"",""/tangram_page7-26.svg"",""/tangram_page5-63.svg"",""/tangram_page6-149.svg"",""/tangram_page3-121.svg"",""/tangram_page4-157.svg"",""/tangram_page7-255.svg"",""/tangram_page5-64.svg"",""/tangram_page-B.svg"",""/tangram_page9-46.svg"",""/tangram_page5-28.svg"",""/tangram_page7-107.svg"",""/tangram_page3-35.svg""]",2026-03-02T01:42:46.872025873Z,0.0,2026-03-02T01:42:46.872025873Z,"{""condition"":""exp2_social_goal"",""playerCount"":9}",2026-03-02T01:31:48.161774847Z,Exp2 Social Goal (9 players),2026-03-02T01:31:48.161774847Z,20260301_214147
01KJP2Q9Z7MR3VPYE4MH3SC9C8,https://api.dicebear.com/9.x/shapes/svg?seed=anon_block5_trial5_player4&backgroundColor=e5e7eb&shape1Color=9ca3af&shape2Color=6b7280&shape3Color=4b5563,2026-03-02T02:32:16.079140741Z,morgan,2026-03-02T01:42:46.872025873Z,"{""0"":{""correct"":4,""total"":6},""1"":{""correct"":4,""total"":6},""3"":{""correct"":6,""total"":6},""4"":{""correct"":5,""total"":6}}",2026-03-02T02:08:01.893594959Z,6.187,2026-03-02T02:32:48.479183463Z,"[""page7-255"",""page9-46"",""page5-28"",""page7-107"",""page3-35"",""page-B""]",2026-03-02T01:42:46.872025873Z,B,2026-03-02T02:30:44.358700235Z,game ended,2026-03-02T02:33:14.161082986Z,,,,,True,2026-03-02T02:34:54.569567147Z,"{""age"":""27"",""gender"":""female"",""strength"":""I noticed one of my team mates was signing his name in every description, so I started doing the same, I think it helped!"",""fair"":""Yes!"",""feedback"":""My only problem was that my laptop suddenly crashed, it was kind of weird, I'm sure it wasn't a study issue but it's never done that before"",""education"":""bachelor"",""understood"":""yes""}",2026-03-02T02:34:46.316388772Z,,,01KJP22PXRH9VYFY7Z1HZVNSMN,2026-03-02T01:31:08.146100365Z,1772415766665.0,2026-03-02T01:42:46.872025873Z,0.0,2026-03-02T02:08:47.59575809Z,True,2026-03-02T01:33:41.570811846Z,True,2026-03-02T01:42:46.872025873Z,,,Player,2026-03-02T02:13:02.642927237Z,#6B7280,2026-03-02T01:42:46.872025873Z,https://api.dicebear.com/9.x/identicon/svg?seed=morgan&backgroundColor=e0f2fe&rowColor=0369a1,2026-03-02T01:42:46.872025873Z,C,2026-03-02T01:42:46.872025873Z,Nori,2026-03-02T01:42:46.872025873Z,,,,,,,01KJP2Q9HF40T2FSC7SJK9VSGN,2026-03-02T01:31:08.135302691Z,2.0,2026-03-02T01:42:46.872025873Z,269.0,2026-03-02T02:32:36.748886546Z,"[""page5-28"",""page6-149"",""page4-157"",""page5-63"",""page9-7"",""page-B"",""page7-26"",""page3-35"",""page7-255"",""page5-142"",""page5-64"",""page3-121"",""page7-107"",""page3-193"",""page4-15"",""page9-46""]",2026-03-02T01:42:46.872025873Z,22.0,2026-03-02T02:29:37.547130733Z,23.0,2026-03-02T02:29:37.547130733Z,5.0,2026-03-02T02:31:36.228315664Z,8.0,2026-03-02T02:32:06.069267948Z,21.0,2026-03-02T02:31:36.228315664Z,"[""/tangram_page5-28.svg"",""/tangram_page6-149.svg"",""/tangram_page4-157.svg"",""/tangram_page5-63.svg"",""/tangram_page9-7.svg"",""/tangram_page-B.svg"",""/tangram_page7-26.svg"",""/tangram_page3-35.svg"",""/tangram_page7-255.svg"",""/tangram_page5-142.svg"",""/tangram_page5-64.svg"",""/tangram_page3-121.svg"",""/tangram_page7-107.svg"",""/tangram_page3-193.svg"",""/tangram_page4-15.svg"",""/tangram_page9-46.svg""]",2026-03-02T01:42:46.872025873Z,0.0,2026-03-02T01:42:46.872025873Z,"{""condition"":""exp2_social_goal"",""playerCount"":9}",2026-03-02T01:31:08.146100365Z,Exp2 Social Goal (9 players),2026-03-02T01:31:08.146100365Z,20260301_214147
01KJP3CAPT7YVD80D6Z6R9Y5ZZ,https://api.dicebear.com/9.x/identicon/svg?seed=alexandra&backgroundColor=e0f2fe&rowColor=0369a1,2026-03-02T01:42:46.872025873Z,alexandra,2026-03-02T01:42:46.872025873Z,"{""0"":{""correct"":0,""total"":6}}",2026-03-02T01:48:22.621686402Z,0.0,2026-03-02T01:42:46.872025873Z,"[""page7-255"",""page9-46"",""page5-28"",""page7-107"",""page3-35"",""page-B""]",2026-03-02T01:42:46.872025873Z,B,2026-03-02T01:42:46.872025873Z,game ended,2026-03-02T02:33:14.161082986Z,player timeout,2026-03-02T01:49:23.111086342Z,,,,,,,1772416163105.0,2026-03-02T01:49:23.111086342Z,01KJP22PXRH9VYFY7Z1HZVNSMN,2026-03-02T01:42:37.028998288Z,1772415766665.0,2026-03-02T01:42:46.872025873Z,3.0,2026-03-02T01:49:23.111086342Z,True,2026-03-02T01:42:46.628450368Z,False,2026-03-02T01:49:23.111086342Z,,,Bavi,2026-03-02T01:42:46.872025873Z,#D075A7,2026-03-02T01:42:46.872025873Z,https://api.dicebear.com/9.x/identicon/svg?seed=alexandra&backgroundColor=e0f2fe&rowColor=0369a1,2026-03-02T01:42:46.872025873Z,B,2026-03-02T01:42:46.872025873Z,Bavi,2026-03-02T01:42:46.872025873Z,,,,,0.0,2026-03-02T01:49:23.111086342Z,01KJP3CA71AW8BWDYBRD4KS1R7,2026-03-02T01:42:37.019003473Z,2.0,2026-03-02T01:42:46.872025873Z,0.0,2026-03-02T01:42:46.872025873Z,"[""page4-157"",""page7-26"",""page5-63"",""page9-7"",""page3-121"",""page-B"",""page7-107"",""page4-15"",""page5-28"",""page5-64"",""page3-35"",""page9-46"",""page5-142"",""page3-193"",""page7-255"",""page6-149""]",2026-03-02T01:42:46.872025873Z,,,,,,,,,,,"[""/tangram_page4-157.svg"",""/tangram_page7-26.svg"",""/tangram_page5-63.svg"",""/tangram_page9-7.svg"",""/tangram_page3-121.svg"",""/tangram_page-B.svg"",""/tangram_page7-107.svg"",""/tangram_page4-15.svg"",""/tangram_page5-28.svg"",""/tangram_page5-64.svg"",""/tangram_page3-35.svg"",""/tangram_page9-46.svg"",""/tangram_page5-142.svg"",""/tangram_page3-193.svg"",""/tangram_page7-255.svg"",""/tangram_page6-149.svg""]",2026-03-02T01:42:46.872025873Z,0.0,2026-03-02T01:42:46.872025873Z,"{""condition"":""exp2_social_goal"",""playerCount"":9}",2026-03-02T01:42:37.028998288Z,Exp2 Social Goal (9 players),2026-03-02T01:42:37.028998288Z,20260301_214147
