gameId,roundId,blockNum,phase,phaseNum,target,group,senderId,senderName,senderRole,text,timestamp,trialNum,tangramSet
01KJ121CTDA8X8M3KFS5Z0C2DA,01KJ1AQCKV9YXFGTVMPN9S8RP1,0.0,refgame,1.0,page9-27,A,01KJ1ADZVZREV8CZAR4J758GGY,Repi,speaker,the one with a pyramid on the bottom,1771718851940,0.0,1.0
01KJ121CTDA8X8M3KFS5Z0C2DA,01KJ1AQCKV9YXFGTVMPN9S8RP1,0.0,refgame,1.0,page9-27,B,01KJ1AEJK9C91FE2EF1F6KAWDY,Hera,speaker,"It looks like a triangle on the bottom, then a square in the middle and then another object on top",1771718856416,0.0,1.0
01KJ121CTDA8X8M3KFS5Z0C2DA,01KJ1AQCKV9YXFGTVMPN9S8RP1,0.0,refgame,1.0,page9-27,C,01KJ1AEMA6765ECKJ6NX8GGDF2,Lika,speaker,It kind of looks like an upside down bell with a triangle at the bottom,1771718858673,0.0,1.0
01KJ121CTDA8X8M3KFS5Z0C2DA,01KJ1AQCMEADJRVRTPPF58GWZP,3.0,refgame,1.0,page3-85,B,01KJ1AEJK9C91FE2EF1F6KAWDY,Hera,speaker,The wrench,1771719706024,18.0,1.0
01KJ121CTDA8X8M3KFS5Z0C2DA,01KJ1AQCMEADJRVRTPPF58GWZP,3.0,refgame,1.0,page3-85,A,01KJ1ADZVZREV8CZAR4J758GGY,Repi,speaker,lightning bolt on top of upside down pyramid,1771719706702,18.0,1.0
01KJ121CTDA8X8M3KFS5Z0C2DA,01KJ1AQCMEADJRVRTPPF58GWZP,3.0,refgame,1.0,page3-85,C,01KJ1AEMA6765ECKJ6NX8GGDF2,Lika,speaker,has an upside down triangle at the top,1771719713890,18.0,1.0
01KJ121CTDA8X8M3KFS5Z0C2DA,01KJ1AQCMPC8PZ0EETH7BDVA6W,2.0,refgame,2.0,page1-128,B,01KJ1AD4HAYZZ2TP80YYVT6CS2,Player,speaker,The C,1771720788907,51.0,1.0
01KJ121CTDA8X8M3KFS5Z0C2DA,01KJ1AQCMPC8PZ0EETH7BDVA6W,2.0,refgame,2.0,page1-128,A,01KJ1ADZ3BQAVZHF51FQ5WJ14K,Player,speaker,a bold letter C,1771720789643,51.0,1.0
01KJ121CTDA8X8M3KFS5Z0C2DA,01KJ1AQCMPC8PZ0EETH7BDVA6W,2.0,refgame,2.0,page1-128,C,01KJ1AEMA6765ECKJ6NX8GGDF2,Player,speaker,looks like the letter c,1771720792870,51.0,1.0
01KJ121CTDA8X8M3KFS5Z0C2DA,01KJ1AQCMSRCHT1CGHT2K2X38J,2.0,refgame,1.0,page5-64,B,01KJ1AD4HAYZZ2TP80YYVT6CS2,Bavi,speaker,Turtle walking to the left,1771719670031,17.0,1.0
01KJ121CTDA8X8M3KFS5Z0C2DA,01KJ1AQCMSRCHT1CGHT2K2X38J,2.0,refgame,1.0,page5-64,C,01KJ1ADZ3BQAVZHF51FQ5WJ14K,Nori,speaker,looks sort of like 3 small mountains,1771719674699,17.0,1.0
01KJ121CTDA8X8M3KFS5Z0C2DA,01KJ1AQCMSRCHT1CGHT2K2X38J,2.0,refgame,1.0,page5-64,B,01KJ1AD4HAYZZ2TP80YYVT6CS2,Bavi,speaker,smallest figure,1771719676052,17.0,1.0
01KJ121CTDA8X8M3KFS5Z0C2DA,01KJ1AQCMSRCHT1CGHT2K2X38J,2.0,refgame,1.0,page5-64,A,01KJ1ADZVZREV8CZAR4J758GGY,Repi,speaker,"the two triangles on the left side, one on top of the other, and a rhombus on the right",1771719678267,17.0,1.0
01KJ121CTDA8X8M3KFS5Z0C2DA,01KJ1AQCMY5FE87EFD8693P3KX,2.0,refgame,1.0,page3-136,A,01KJ1ADZVZREV8CZAR4J758GGY,Repi,speaker,up arrow,1771719615869,16.0,1.0
01KJ121CTDA8X8M3KFS5Z0C2DA,01KJ1AQCMY5FE87EFD8693P3KX,2.0,refgame,1.0,page3-136,B,01KJ1AD4HAYZZ2TP80YYVT6CS2,Bavi,speaker,The T,1771719619923,16.0,1.0
01KJ121CTDA8X8M3KFS5Z0C2DA,01KJ1AQCMY5FE87EFD8693P3KX,2.0,refgame,1.0,page3-136,C,01KJ1ADZ3BQAVZHF51FQ5WJ14K,Nori,speaker,looks like a sort of cross with two triangles on the ends of the horizontal line,1771719641634,16.0,1.0
01KJ121CTDA8X8M3KFS5Z0C2DA,01KJ1AQCMZ2EKZ5H8M5RE8H4HS,2.0,refgame,2.0,page3-136,C,01KJ1AEMA6765ECKJ6NX8GGDF2,Player,speaker,looks like the letter t,1771720706091,48.0,1.0
01KJ121CTDA8X8M3KFS5Z0C2DA,01KJ1AQCMZ2EKZ5H8M5RE8H4HS,2.0,refgame,2.0,page3-136,A,01KJ1ADZ3BQAVZHF51FQ5WJ14K,Player,speaker,looks like an odd cross or letter T,1771720708185,48.0,1.0
01KJ121CTDA8X8M3KFS5Z0C2DA,01KJ1AQCMZ2EKZ5H8M5RE8H4HS,2.0,refgame,2.0,page3-136,B,01KJ1AD4HAYZZ2TP80YYVT6CS2,Player,speaker,The T,1771720719161,48.0,1.0
01KJ121CTDA8X8M3KFS5Z0C2DA,01KJ1AQCN0E2XEG8C0VD0X79SP,2.0,refgame,1.0,page1-128,B,01KJ1AD4HAYZZ2TP80YYVT6CS2,Bavi,speaker,The C,1771719595349,15.0,1.0
01KJ121CTDA8X8M3KFS5Z0C2DA,01KJ1AQCN0E2XEG8C0VD0X79SP,2.0,refgame,1.0,page1-128,A,01KJ1ADZVZREV8CZAR4J758GGY,Repi,speaker,middle right side has a missing rectangle,1771719596628,15.0,1.0
01KJ121CTDA8X8M3KFS5Z0C2DA,01KJ1AQCN0E2XEG8C0VD0X79SP,2.0,refgame,1.0,page1-128,C,01KJ1ADZ3BQAVZHF51FQ5WJ14K,Nori,speaker,it looks like half a letter C,1771719599049,15.0,1.0
01KJ121CTDA8X8M3KFS5Z0C2DA,01KJ1AQCN2CCTHBASZ2GVG7JR0,2.0,refgame,2.0,page5-64,C,01KJ1AEMA6765ECKJ6NX8GGDF2,Player,speaker,looks like a bird flying diagonally,1771720737890,49.0,1.0
01KJ121CTDA8X8M3KFS5Z0C2DA,01KJ1AQCN2CCTHBASZ2GVG7JR0,2.0,refgame,2.0,page5-64,B,01KJ1AD4HAYZZ2TP80YYVT6CS2,Player,speaker,"The turtle walking left, smallest figure",1771720739347,49.0,1.0
01KJ121CTDA8X8M3KFS5Z0C2DA,01KJ1AQCN2CCTHBASZ2GVG7JR0,2.0,refgame,2.0,page5-64,A,01KJ1ADZ3BQAVZHF51FQ5WJ14K,Player,speaker,like a group of 3 small mountains,1771720742610,49.0,1.0
01KJ121CTDA8X8M3KFS5Z0C2DA,01KJ1AQCN34B6JK52DGEAWXJTD,2.0,refgame,1.0,page9-46,B,01KJ1AD4HAYZZ2TP80YYVT6CS2,Bavi,speaker,The backwards C,1771719532939,13.0,1.0
01KJ121CTDA8X8M3KFS5Z0C2DA,01KJ1AQCN34B6JK52DGEAWXJTD,2.0,refgame,1.0,page9-46,C,01KJ1ADZ3BQAVZHF51FQ5WJ14K,Nori,speaker,it sort of looks like a small odd shaped stapler,1771719537049,13.0,1.0
01KJ121CTDA8X8M3KFS5Z0C2DA,01KJ1AQCN34B6JK52DGEAWXJTD,2.0,refgame,1.0,page9-46,B,01KJ1AD4HAYZZ2TP80YYVT6CS2,Bavi,speaker,with a long base,1771719538986,13.0,1.0
01KJ121CTDA8X8M3KFS5Z0C2DA,01KJ1AQCN34B6JK52DGEAWXJTD,2.0,refgame,1.0,page9-46,A,01KJ1ADZVZREV8CZAR4J758GGY,Repi,speaker,"missing a rectangle from the middle left part, looks like esophagor from neopets",1771719540993,13.0,1.0
01KJ121CTDA8X8M3KFS5Z0C2DA,01KJ1AQCN6RX8JR8HSX2EMW6V0,1.0,refgame,2.0,page3-85,B,01KJ1ACD2B6QR45E93SRAYX5VB,Player,speaker,Looks like an anchor or a wrench,1771720671259,47.0,1.0
01KJ121CTDA8X8M3KFS5Z0C2DA,01KJ1AQCN6RX8JR8HSX2EMW6V0,1.0,refgame,2.0,page3-85,A,01KJ1AH433HDWM46XC8PJAA0A7,Player,speaker,Tall shape with square on top - has triangles hanging off of it in various directions,1771720674119,47.0,1.0
01KJ121CTDA8X8M3KFS5Z0C2DA,01KJ1AQCN6RX8JR8HSX2EMW6V0,1.0,refgame,2.0,page3-85,C,01KJ1ADF5M161B12EA40N9T0MS,Player,speaker,Triangle at the top and bottom pointing down,1771720674700,47.0,1.0
01KJ121CTDA8X8M3KFS5Z0C2DA,01KJ1AQCN7MT1KE1NES8YAE8F2,1.0,refgame,1.0,page1-128,B,01KJ1ACD2B6QR45E93SRAYX5VB,Zuda,speaker,Looks like a C,1771719442105,11.0,1.0
01KJ121CTDA8X8M3KFS5Z0C2DA,01KJ1AQCN7MT1KE1NES8YAE8F2,1.0,refgame,1.0,page1-128,C,01KJ1ADF5M161B12EA40N9T0MS,Felu,speaker,"It looks like the letter ""C"" with the bottom longer than the top",1771719444539,11.0,1.0
01KJ121CTDA8X8M3KFS5Z0C2DA,01KJ1AQCN7MT1KE1NES8YAE8F2,1.0,refgame,1.0,page1-128,A,01KJ1AH433HDWM46XC8PJAA0A7,Minu,speaker,Rectangle shape missing from middle right,1771719448073,11.0,1.0
01KJ121CTDA8X8M3KFS5Z0C2DA,01KJ1AQCNB988AMSV33GFCET1H,1.0,refgame,1.0,page3-136,C,01KJ1ADF5M161B12EA40N9T0MS,Felu,speaker,"It looks like the letter ""T""",1771719395321,10.0,1.0
01KJ121CTDA8X8M3KFS5Z0C2DA,01KJ1AQCNB988AMSV33GFCET1H,1.0,refgame,1.0,page3-136,B,01KJ1ACD2B6QR45E93SRAYX5VB,Zuda,speaker,Looks like a T,1771719402353,10.0,1.0
01KJ121CTDA8X8M3KFS5Z0C2DA,01KJ1AQCNB988AMSV33GFCET1H,1.0,refgame,1.0,page3-136,A,01KJ1AH433HDWM46XC8PJAA0A7,Minu,speaker,Shape that closest resembles an arrow pointing up,1771719416314,10.0,1.0
01KJ121CTDA8X8M3KFS5Z0C2DA,01KJ1AQCNDNY7Q0BQ6W4WPXZ5J,1.0,refgame,2.0,page9-27,C,01KJ1ADF5M161B12EA40N9T0MS,Player,speaker,"Triangle at the bottom, facing up",1771720521768,43.0,1.0
01KJ121CTDA8X8M3KFS5Z0C2DA,01KJ1AQCNDNY7Q0BQ6W4WPXZ5J,1.0,refgame,2.0,page9-27,B,01KJ1ACD2B6QR45E93SRAYX5VB,Player,speaker,Largest triangle at top of figure,1771720523491,43.0,1.0
01KJ121CTDA8X8M3KFS5Z0C2DA,01KJ1AQCNDNY7Q0BQ6W4WPXZ5J,1.0,refgame,2.0,page9-27,B,01KJ1ACD2B6QR45E93SRAYX5VB,Player,speaker,goblet,1771720526037,43.0,1.0
01KJ121CTDA8X8M3KFS5Z0C2DA,01KJ1AQCNDNY7Q0BQ6W4WPXZ5J,1.0,refgame,2.0,page9-27,A,01KJ1AH433HDWM46XC8PJAA0A7,Player,speaker,Funnel shape on top of a pyramid(triangle),1771720535205,43.0,1.0
01KJ121CTDA8X8M3KFS5Z0C2DA,01KJ1AQCNDNY7Q0BQ6W4WPXZ5J,1.0,refgame,2.0,page9-27,B,01KJ1ACD2B6QR45E93SRAYX5VB,Player,speaker,triangle on bottom as well,1771720544553,43.0,1.0
01KJ121CTDA8X8M3KFS5Z0C2DA,01KJ1AQCNF3V8KSWH35XP76WBZ,1.0,refgame,2.0,page5-64,C,01KJ1ADF5M161B12EA40N9T0MS,Player,speaker,Looks like three triangle/diamond shapes put together,1771720478647,42.0,1.0
01KJ121CTDA8X8M3KFS5Z0C2DA,01KJ1AQCNF3V8KSWH35XP76WBZ,1.0,refgame,2.0,page5-64,B,01KJ1ACD2B6QR45E93SRAYX5VB,Player,speaker,"Smallest figure, turtle looking",1771720480420,42.0,1.0
01KJ121CTDA8X8M3KFS5Z0C2DA,01KJ1AQCNF3V8KSWH35XP76WBZ,1.0,refgame,2.0,page5-64,A,01KJ1AH433HDWM46XC8PJAA0A7,Player,speaker,"Horizontal, thinner shape with a bigger triangle on the left with smaller triangle inside of it",1771720488857,42.0,1.0
01KJ121CTDA8X8M3KFS5Z0C2DA,01KJ1AQCNJWQQJ5DSDVX2DXF8B,1.0,refgame,1.0,page5-64,C,01KJ1ADF5M161B12EA40N9T0MS,Felu,speaker,It looks like three triangle/diamond shapes put together,1771719362756,9.0,1.0
01KJ121CTDA8X8M3KFS5Z0C2DA,01KJ1AQCNJWQQJ5DSDVX2DXF8B,1.0,refgame,1.0,page5-64,B,01KJ1ACD2B6QR45E93SRAYX5VB,Zuda,speaker,it is the smallest figure left in my opinion. mostly triangles,1771719366198,9.0,1.0
01KJ121CTDA8X8M3KFS5Z0C2DA,01KJ1AQCNJWQQJ5DSDVX2DXF8B,1.0,refgame,1.0,page5-64,A,01KJ1AH433HDWM46XC8PJAA0A7,Minu,speaker,"Flat zig zag, closest to z shape, bigger triangle on top left with smaller triangle inside of that one",1771719367097,9.0,1.0
01KJ121CTDA8X8M3KFS5Z0C2DA,01KJ1AQCNQP3SJQTPT1E59DGSF,0.0,refgame,2.0,page3-136,B,01KJ1AEJK9C91FE2EF1F6KAWDY,Player,speaker,This one looks like a T,1771720422801,40.0,1.0
01KJ121CTDA8X8M3KFS5Z0C2DA,01KJ1AQCNQP3SJQTPT1E59DGSF,0.0,refgame,2.0,page3-136,A,01KJ1ADZVZREV8CZAR4J758GGY,Player,speaker,tall pole with two triangles hanging off the left and right side,1771720426523,40.0,1.0
01KJ121CTDA8X8M3KFS5Z0C2DA,01KJ1AQCNQP3SJQTPT1E59DGSF,0.0,refgame,2.0,page3-136,C,01KJ1AEMA6765ECKJ6NX8GGDF2,Player,speaker,It looks like the letter t,1771720427962,40.0,1.0
01KJ121CTDA8X8M3KFS5Z0C2DA,01KJ1AQCNS5NZR5YKTM367GZW0,0.0,refgame,2.0,page1-128,C,01KJ1AEMA6765ECKJ6NX8GGDF2,Player,speaker,Looks like the letter c,1771720334237,38.0,1.0
01KJ121CTDA8X8M3KFS5Z0C2DA,01KJ1AQCNS5NZR5YKTM367GZW0,0.0,refgame,2.0,page1-128,B,01KJ1AEJK9C91FE2EF1F6KAWDY,Player,speaker,"This one looks like a C, with a square at the base",1771720335410,38.0,1.0
01KJ121CTDA8X8M3KFS5Z0C2DA,01KJ1AQCNS5NZR5YKTM367GZW0,0.0,refgame,2.0,page1-128,A,01KJ1ADZVZREV8CZAR4J758GGY,Player,speaker,the tall rectangle with a tall rectangle hole in the middle right side,1771720339873,38.0,1.0
01KJ121CTDA8X8M3KFS5Z0C2DA,01KJ1AQCP06M2820119GEBQXB9,0.0,refgame,2.0,page3-85,C,01KJ1AEMA6765ECKJ6NX8GGDF2,Player,speaker,it has an upside down triangle on the top,1771720380827,39.0,1.0
01KJ121CTDA8X8M3KFS5Z0C2DA,01KJ1AQCP06M2820119GEBQXB9,0.0,refgame,2.0,page3-85,A,01KJ1ADZVZREV8CZAR4J758GGY,Player,speaker,"the down arrow on top, tall thing balanced on top of upside down pyramid",1771720382522,39.0,1.0
01KJ121CTDA8X8M3KFS5Z0C2DA,01KJ1AQCP06M2820119GEBQXB9,0.0,refgame,2.0,page3-85,B,01KJ1AEJK9C91FE2EF1F6KAWDY,Player,speaker,This one has a long vertical line in the middle with various triangles running through it.,1771720387262,39.0,1.0
01KJ121CTDA8X8M3KFS5Z0C2DA,01KJ1AQCP5N52PP2AC64G8PMCC,1.0,refgame,2.0,page3-136,B,01KJ1ACD2B6QR45E93SRAYX5VB,Player,speaker,The T,1771720639034,46.0,1.0
01KJ121CTDA8X8M3KFS5Z0C2DA,01KJ1AQCP5N52PP2AC64G8PMCC,1.0,refgame,2.0,page3-136,C,01KJ1ADF5M161B12EA40N9T0MS,Player,speaker,"The letter ""T""",1771720642042,46.0,1.0
01KJ121CTDA8X8M3KFS5Z0C2DA,01KJ1AQCP5N52PP2AC64G8PMCC,1.0,refgame,2.0,page3-136,A,01KJ1AH433HDWM46XC8PJAA0A7,Player,speaker,Looks like a T shape or arrow pointing up,1771720642115,46.0,1.0
01KJ121CTDA8X8M3KFS5Z0C2DA,01KJ1AQCP5N52PP2AC71HY8XH1,1.0,refgame,2.0,page1-128,B,01KJ1ACD2B6QR45E93SRAYX5VB,Player,speaker,The C,1771720566629,44.0,1.0
01KJ121CTDA8X8M3KFS5Z0C2DA,01KJ1AQCP5N52PP2AC71HY8XH1,1.0,refgame,2.0,page1-128,C,01KJ1ADF5M161B12EA40N9T0MS,Player,speaker,"The letter ""C"" with a long bottom",1771720569648,44.0,1.0
01KJ121CTDA8X8M3KFS5Z0C2DA,01KJ1AQCP5N52PP2AC71HY8XH1,1.0,refgame,2.0,page1-128,A,01KJ1AH433HDWM46XC8PJAA0A7,Player,speaker,"Tall, rectangle shape missing from middle right of it",1771720581286,44.0,1.0
01KJ121CTDA8X8M3KFS5Z0C2DA,01KJ1AQCP6ZC24JHZBFB8VA4WW,1.0,refgame,2.0,page9-46,B,01KJ1ACD2B6QR45E93SRAYX5VB,Player,speaker,Backwards C,1771720605032,45.0,1.0
01KJ121CTDA8X8M3KFS5Z0C2DA,01KJ1AQCP6ZC24JHZBFB8VA4WW,1.0,refgame,2.0,page9-46,C,01KJ1ADF5M161B12EA40N9T0MS,Player,speaker,Pyramid with the left side/center/top missing,1771720611150,45.0,1.0
01KJ121CTDA8X8M3KFS5Z0C2DA,01KJ1AQCP6ZC24JHZBFB8VA4WW,1.0,refgame,2.0,page9-46,A,01KJ1AH433HDWM46XC8PJAA0A7,Player,speaker,"Looks like a stapler, has a missing rectangle from middle left side",1771720612914,45.0,1.0
01KJ121CTDA8X8M3KFS5Z0C2DA,01KJ1AQCP83RCQ181F5MSHC36A,5.0,refgame,2.0,page3-85,C,01KJ1AH433HDWM46XC8PJAA0A7,Player,speaker,I shape with triangles hanging off of it,1771721391761,70.0,1.0
01KJ121CTDA8X8M3KFS5Z0C2DA,01KJ1AQCP83RCQ181F5MSHC36A,5.0,refgame,2.0,page3-85,A,01KJ1AD4HAYZZ2TP80YYVT6CS2,Player,speaker,The wrench or the I with tiangles hanging off,1771721398484,70.0,1.0
01KJ121CTDA8X8M3KFS5Z0C2DA,01KJ1AQCP83RCQ181F5MSHC36A,5.0,refgame,2.0,page3-85,B,01KJ1ADZ3BQAVZHF51FQ5WJ14K,Player,speaker,an upside down triangle up top and one at the bottom of a skinny pole,1771721407080,70.0,1.0
01KJ121CTDA8X8M3KFS5Z0C2DA,01KJ1AQCS4D0N0J5CE90AFEZS5,2.0,refgame,1.0,page3-85,A,01KJ1ADZVZREV8CZAR4J758GGY,Repi,speaker,lightning bolt on top of a upside down triangle,1771719482443,12.0,1.0
01KJ121CTDA8X8M3KFS5Z0C2DA,01KJ1AQCS4D0N0J5CE90AFEZS5,2.0,refgame,1.0,page3-85,B,01KJ1AD4HAYZZ2TP80YYVT6CS2,Bavi,speaker,The wrench,1771719483750,12.0,1.0
01KJ121CTDA8X8M3KFS5Z0C2DA,01KJ1AQCS4D0N0J5CE90AFEZS5,2.0,refgame,1.0,page3-85,B,01KJ1AD4HAYZZ2TP80YYVT6CS2,Bavi,speaker,vertical,1771719489103,12.0,1.0
01KJ121CTDA8X8M3KFS5Z0C2DA,01KJ1AQCV58HSS87XTW6B8WP7C,2.0,refgame,1.0,page9-27,A,01KJ1ADZVZREV8CZAR4J758GGY,Repi,speaker,funnel on top of a pyramid,1771719567351,14.0,1.0
01KJ121CTDA8X8M3KFS5Z0C2DA,01KJ1AQCV58HSS87XTW6B8WP7C,2.0,refgame,1.0,page9-27,B,01KJ1AD4HAYZZ2TP80YYVT6CS2,Bavi,speaker,The wide-mouthed goblet,1771719574058,14.0,1.0
01KJ121CTDA8X8M3KFS5Z0C2DA,01KJ1AQCV58HSS87XTW6B8WP7C,2.0,refgame,1.0,page9-27,C,01KJ1ADZ3BQAVZHF51FQ5WJ14K,Nori,speaker,it looks like an upside top hat with a triangle under it,1771719576801,14.0,1.0
01KJ121CTDA8X8M3KFS5Z0C2DA,01KJ1AQCV8TX09704S3JTGMPE4,0.0,refgame,2.0,page9-27,B,01KJ1AEJK9C91FE2EF1F6KAWDY,Player,speaker,This one is the last one and has a wide mouth at the top of it,1771720449007,41.0,1.0
01KJ121CTDA8X8M3KFS5Z0C2DA,01KJ1AQCV8TX09704S3JTGMPE4,0.0,refgame,2.0,page9-27,A,01KJ1ADZVZREV8CZAR4J758GGY,Player,speaker,funnel on top of a pyramid,1771720450219,41.0,1.0
01KJ121CTDA8X8M3KFS5Z0C2DA,01KJ1AQCV8TX09704S3JTGMPE4,0.0,refgame,2.0,page9-27,C,01KJ1AEMA6765ECKJ6NX8GGDF2,Player,speaker,it has a triangle at the bottom,1771720450722,41.0,1.0
01KJ121CTDA8X8M3KFS5Z0C2DA,01KJ1AQCVBWR9J15W0HBPY2NES,5.0,refgame,2.0,page1-128,C,01KJ1AH433HDWM46XC8PJAA0A7,Player,speaker,C shape,1771721371527,69.0,1.0
01KJ121CTDA8X8M3KFS5Z0C2DA,01KJ1AQCVBWR9J15W0HBPY2NES,5.0,refgame,2.0,page1-128,A,01KJ1AD4HAYZZ2TP80YYVT6CS2,Player,speaker,The C,1771721373287,69.0,1.0
01KJ121CTDA8X8M3KFS5Z0C2DA,01KJ1AQCVBWR9J15W0HBPY2NES,5.0,refgame,2.0,page1-128,B,01KJ1ADZ3BQAVZHF51FQ5WJ14K,Player,speaker,a Cocky letter C,1771721375264,69.0,1.0
01KJ121CTDA8X8M3KFS5Z0C2DA,01KJ1AQCVFYQPG0AATYWKBM1S3,5.0,refgame,2.0,page9-27,A,01KJ1AD4HAYZZ2TP80YYVT6CS2,Player,speaker,wide mouth goblet,1771721345615,68.0,1.0
01KJ121CTDA8X8M3KFS5Z0C2DA,01KJ1AQCVFYQPG0AATYWKBM1S3,5.0,refgame,2.0,page9-27,C,01KJ1AH433HDWM46XC8PJAA0A7,Player,speaker,Big funnel shape (triangle upside down) ontop of a triangle,1771721350735,68.0,1.0
01KJ121CTDA8X8M3KFS5Z0C2DA,01KJ1AQCVFYQPG0AATYWKBM1S3,5.0,refgame,2.0,page9-27,B,01KJ1ADZ3BQAVZHF51FQ5WJ14K,Player,speaker,upside down top hat with triangle under it,1771721359880,68.0,1.0
01KJ121CTDA8X8M3KFS5Z0C2DA,01KJ1AQCVM0W9BZBTVRNHDVT1A,5.0,refgame,2.0,page3-136,C,01KJ1AH433HDWM46XC8PJAA0A7,Player,speaker,T shape or arrow pointing up,1771721319347,67.0,1.0
01KJ121CTDA8X8M3KFS5Z0C2DA,01KJ1AQCVM0W9BZBTVRNHDVT1A,5.0,refgame,2.0,page3-136,A,01KJ1AD4HAYZZ2TP80YYVT6CS2,Player,speaker,The T,1771721319863,67.0,1.0
01KJ121CTDA8X8M3KFS5Z0C2DA,01KJ1AQCVM0W9BZBTVRNHDVT1A,5.0,refgame,2.0,page3-136,B,01KJ1ADZ3BQAVZHF51FQ5WJ14K,Player,speaker,an odd Cross or letter T,1771721327279,67.0,1.0
01KJ121CTDA8X8M3KFS5Z0C2DA,01KJ1AQCW0JSWN94B6NSFBP9R6,5.0,refgame,2.0,page9-46,B,01KJ1ADZ3BQAVZHF51FQ5WJ14K,Player,speaker,tiny odd shape stapler,1771721297957,66.0,1.0
01KJ121CTDA8X8M3KFS5Z0C2DA,01KJ1AQCW0JSWN94B6NSFBP9R6,5.0,refgame,2.0,page9-46,C,01KJ1AH433HDWM46XC8PJAA0A7,Player,speaker,"backwards C, missing rectangle from middle left part",1771721302882,66.0,1.0
01KJ121CTDA8X8M3KFS5Z0C2DA,01KJ1AQCW0JSWN94B6NSFBP9R6,5.0,refgame,2.0,page9-46,A,01KJ1AD4HAYZZ2TP80YYVT6CS2,Player,speaker,"backwards C, pacman, or stapler",1771721304282,66.0,1.0
01KJ121CTDA8X8M3KFS5Z0C2DA,01KJ1AQCW32MBMQ9H3N8SX7NDK,4.0,refgame,2.0,page9-46,B,01KJ1ACD2B6QR45E93SRAYX5VB,Player,speaker,Backwards C,1771721268052,65.0,1.0
01KJ121CTDA8X8M3KFS5Z0C2DA,01KJ1AQCW32MBMQ9H3N8SX7NDK,4.0,refgame,2.0,page9-46,A,01KJ1ADF5M161B12EA40N9T0MS,Player,speaker,pyramid missing it's left side/center/top,1771721268293,65.0,1.0
01KJ121CTDA8X8M3KFS5Z0C2DA,01KJ1AQCW32MBMQ9H3N8SX7NDK,4.0,refgame,2.0,page9-46,C,01KJ1AH433HDWM46XC8PJAA0A7,Player,speaker,"backwards C, rectangle missing from middle left part",1771721274877,65.0,1.0
01KJ121CTDA8X8M3KFS5Z0C2DA,01KJ1AQCW4CN4C3H83RNX182SB,4.0,refgame,2.0,page3-85,A,01KJ1ADF5M161B12EA40N9T0MS,Player,speaker,Shape with upside down triangles at the top and bottom,1771721103338,60.0,1.0
01KJ121CTDA8X8M3KFS5Z0C2DA,01KJ1AQCW4CN4C3H83RNX182SB,4.0,refgame,2.0,page3-85,C,01KJ1AH433HDWM46XC8PJAA0A7,Player,speaker,I shape with triangles all over it,1771721103469,60.0,1.0
01KJ121CTDA8X8M3KFS5Z0C2DA,01KJ1AQCW4CN4C3H83RNX182SB,4.0,refgame,2.0,page3-85,B,01KJ1ACD2B6QR45E93SRAYX5VB,Player,speaker,"Tall and skinny figure, looks like an anchor",1771721109428,60.0,1.0
01KJ121CTDA8X8M3KFS5Z0C2DA,01KJ1AQCW66V8B8K1AKN3Q07AM,4.0,refgame,2.0,page5-64,B,01KJ1ACD2B6QR45E93SRAYX5VB,Player,speaker,Smallest figure.,1771721238713,64.0,1.0
01KJ121CTDA8X8M3KFS5Z0C2DA,01KJ1AQCW66V8B8K1AKN3Q07AM,4.0,refgame,2.0,page5-64,B,01KJ1ACD2B6QR45E93SRAYX5VB,Player,speaker,made of triangles,1771721242393,64.0,1.0
01KJ121CTDA8X8M3KFS5Z0C2DA,01KJ1AQCW66V8B8K1AKN3Q07AM,4.0,refgame,2.0,page5-64,C,01KJ1AH433HDWM46XC8PJAA0A7,Player,speaker,"Smallest of all of them, looks like a turtle",1771721243436,64.0,1.0
01KJ121CTDA8X8M3KFS5Z0C2DA,01KJ1AQCW66V8B8K1AKN3Q07AM,4.0,refgame,2.0,page5-64,A,01KJ1ADF5M161B12EA40N9T0MS,Player,speaker,"Three shapes connected together, left is triangle, right is diamond",1771721245683,64.0,1.0
01KJ121CTDA8X8M3KFS5Z0C2DA,01KJ1AQCW7K947FQTE1R7681KS,4.0,refgame,2.0,page3-136,B,01KJ1ACD2B6QR45E93SRAYX5VB,Player,speaker,T,1771721212974,63.0,1.0
01KJ121CTDA8X8M3KFS5Z0C2DA,01KJ1AQCW7K947FQTE1R7681KS,4.0,refgame,2.0,page3-136,A,01KJ1ADF5M161B12EA40N9T0MS,Player,speaker,"The letter ""T""",1771721214309,63.0,1.0
01KJ121CTDA8X8M3KFS5Z0C2DA,01KJ1AQCW7K947FQTE1R7681KS,4.0,refgame,2.0,page3-136,C,01KJ1AH433HDWM46XC8PJAA0A7,Player,speaker,T shape or arrow pointing up,1771721217053,63.0,1.0
01KJ121CTDA8X8M3KFS5Z0C2DA,01KJ1AQCW91WDS3GN1RBM13BDY,4.0,refgame,2.0,page9-27,C,01KJ1AH433HDWM46XC8PJAA0A7,Player,speaker,Funnel shape on top of triangle,1771721165388,62.0,1.0
01KJ121CTDA8X8M3KFS5Z0C2DA,01KJ1AQCW91WDS3GN1RBM13BDY,4.0,refgame,2.0,page9-27,A,01KJ1ADF5M161B12EA40N9T0MS,Player,speaker,Triangle putting up at the bottom,1771721169289,62.0,1.0
01KJ121CTDA8X8M3KFS5Z0C2DA,01KJ1AQCW91WDS3GN1RBM13BDY,4.0,refgame,2.0,page9-27,A,01KJ1ADF5M161B12EA40N9T0MS,Player,speaker,pointing*,1771721175760,62.0,1.0
01KJ121CTDA8X8M3KFS5Z0C2DA,01KJ1AQCW91WDS3GN1RBM13BDY,4.0,refgame,2.0,page9-27,B,01KJ1ACD2B6QR45E93SRAYX5VB,Player,speaker,Triangle on bottom. Larger triangle on top. Square in middle,1771721184208,62.0,1.0
01KJ121CTDA8X8M3KFS5Z0C2DA,01KJ1AQCW91WDS3GN1RBM13BDY,4.0,refgame,2.0,page9-27,B,01KJ1ACD2B6QR45E93SRAYX5VB,Player,speaker,goblet,1771721189245,62.0,1.0
01KJ121CTDA8X8M3KFS5Z0C2DA,01KJ1AQCWCR9KXHAHPF35P36J6,4.0,refgame,2.0,page1-128,B,01KJ1ACD2B6QR45E93SRAYX5VB,Player,speaker,C,1771721131264,61.0,1.0
01KJ121CTDA8X8M3KFS5Z0C2DA,01KJ1AQCWCR9KXHAHPF35P36J6,4.0,refgame,2.0,page1-128,A,01KJ1ADF5M161B12EA40N9T0MS,Player,speaker,"Letter ""C"" with a long bottom",1771721132699,61.0,1.0
01KJ121CTDA8X8M3KFS5Z0C2DA,01KJ1AQCWCR9KXHAHPF35P36J6,4.0,refgame,2.0,page1-128,C,01KJ1AH433HDWM46XC8PJAA0A7,Player,speaker,"C shape, rectangle missing from middle right of it",1771721140134,61.0,1.0
01KJ121CTDA8X8M3KFS5Z0C2DA,01KJ1AQCWFXCGP0Y9KPNM843EJ,3.0,refgame,2.0,page1-128,C,01KJ1AEJK9C91FE2EF1F6KAWDY,Player,speaker,The C,1771721059407,59.0,1.0
01KJ121CTDA8X8M3KFS5Z0C2DA,01KJ1AQCWFXCGP0Y9KPNM843EJ,3.0,refgame,2.0,page1-128,A,01KJ1AEMA6765ECKJ6NX8GGDF2,Player,speaker,looks like a fancy letter c,1771721066047,59.0,1.0
01KJ121CTDA8X8M3KFS5Z0C2DA,01KJ1AQCWFXCGP0Y9KPNM843EJ,3.0,refgame,2.0,page1-128,B,01KJ1ADZVZREV8CZAR4J758GGY,Player,speaker,tall rectangle with the tall rectangle hole in the middle right side,1771721066078,59.0,1.0
01KJ121CTDA8X8M3KFS5Z0C2DA,01KJ1AQCWJZEKCXTJJS2YBW0ZF,3.0,refgame,2.0,page5-64,C,01KJ1AEJK9C91FE2EF1F6KAWDY,Player,speaker,"The smallest figure, or turtle",1771721028034,58.0,1.0
01KJ121CTDA8X8M3KFS5Z0C2DA,01KJ1AQCWJZEKCXTJJS2YBW0ZF,3.0,refgame,2.0,page5-64,A,01KJ1AEMA6765ECKJ6NX8GGDF2,Player,speaker,looks like a bird flying diagonally,1771721034086,58.0,1.0
01KJ121CTDA8X8M3KFS5Z0C2DA,01KJ1AQCWJZEKCXTJJS2YBW0ZF,3.0,refgame,2.0,page5-64,B,01KJ1ADZVZREV8CZAR4J758GGY,Player,speaker,"the one with two triangles on the left side, one on top, slanted shape on right",1771721038689,58.0,1.0
01KJ121CTDA8X8M3KFS5Z0C2DA,01KJ1AQCWNGMA39YN43S5AWD7C,3.0,refgame,2.0,page3-85,C,01KJ1AEJK9C91FE2EF1F6KAWDY,Player,speaker,"Wrench, or line with triangles running through it",1771720982919,57.0,1.0
01KJ121CTDA8X8M3KFS5Z0C2DA,01KJ1AQCWNGMA39YN43S5AWD7C,3.0,refgame,2.0,page3-85,A,01KJ1AEMA6765ECKJ6NX8GGDF2,Player,speaker,has an arrow pointing downward,1771720991823,57.0,1.0
01KJ121CTDA8X8M3KFS5Z0C2DA,01KJ1AQCWNGMA39YN43S5AWD7C,3.0,refgame,2.0,page3-85,B,01KJ1ADZVZREV8CZAR4J758GGY,Player,speaker,"down arrow on top, tall thing balanced on top of upside down triangle/pyramid",1771720995657,57.0,1.0
01KJ121CTDA8X8M3KFS5Z0C2DA,01KJ1AQCWQPZPRWEBBCHJR4ZS8,3.0,refgame,2.0,page9-27,C,01KJ1AEJK9C91FE2EF1F6KAWDY,Player,speaker,Wide mouth goblet,1771720950834,56.0,1.0
01KJ121CTDA8X8M3KFS5Z0C2DA,01KJ1AQCWQPZPRWEBBCHJR4ZS8,3.0,refgame,2.0,page9-27,B,01KJ1ADZVZREV8CZAR4J758GGY,Player,speaker,the funnel on top of a pyramid/triangle,1771720957313,56.0,1.0
01KJ121CTDA8X8M3KFS5Z0C2DA,01KJ1AQCWQPZPRWEBBCHJR4ZS8,3.0,refgame,2.0,page9-27,A,01KJ1AEMA6765ECKJ6NX8GGDF2,Player,speaker,has a triangle at the bottom,1771720958133,56.0,1.0
01KJ121CTDA8X8M3KFS5Z0C2DA,01KJ1AQCWXZ3C00W0BMNY4946D,3.0,refgame,2.0,page3-136,C,01KJ1AEJK9C91FE2EF1F6KAWDY,Player,speaker,The T,1771720919931,55.0,1.0
01KJ121CTDA8X8M3KFS5Z0C2DA,01KJ1AQCWXZ3C00W0BMNY4946D,3.0,refgame,2.0,page3-136,A,01KJ1AEMA6765ECKJ6NX8GGDF2,Player,speaker,looks like the letter t,1771720925702,55.0,1.0
01KJ121CTDA8X8M3KFS5Z0C2DA,01KJ1AQCWXZ3C00W0BMNY4946D,3.0,refgame,2.0,page3-136,B,01KJ1ADZVZREV8CZAR4J758GGY,Player,speaker,the tall pole with two triangles hanging off the left and right,1771720927671,55.0,1.0
01KJ121CTDA8X8M3KFS5Z0C2DA,01KJ1AQCX3CPNY5C6X7ZKB0GPH,3.0,refgame,2.0,page9-46,A,01KJ1AEMA6765ECKJ6NX8GGDF2,Player,speaker,looks like a wrench head,1771720895069,54.0,1.0
01KJ121CTDA8X8M3KFS5Z0C2DA,01KJ1AQCX3CPNY5C6X7ZKB0GPH,3.0,refgame,2.0,page9-46,C,01KJ1AEJK9C91FE2EF1F6KAWDY,Player,speaker,"This one looks like a backwards C, or pacman",1771720897014,54.0,1.0
01KJ121CTDA8X8M3KFS5Z0C2DA,01KJ1AQCX3CPNY5C6X7ZKB0GPH,3.0,refgame,2.0,page9-46,B,01KJ1ADZVZREV8CZAR4J758GGY,Player,speaker,the one with a rectangle hole in the middle left side,1771720897286,54.0,1.0
01KJ121CTDA8X8M3KFS5Z0C2DA,01KJ1AQCX80GTAJNHWWG4D0AZP,2.0,refgame,2.0,page9-27,B,01KJ1AD4HAYZZ2TP80YYVT6CS2,Player,speaker,wide mouth goblet,1771720849594,53.0,1.0
01KJ121CTDA8X8M3KFS5Z0C2DA,01KJ1AQCX80GTAJNHWWG4D0AZP,2.0,refgame,2.0,page9-27,C,01KJ1AEMA6765ECKJ6NX8GGDF2,Player,speaker,has a triangle at the bottom,1771720852296,53.0,1.0
01KJ121CTDA8X8M3KFS5Z0C2DA,01KJ1AQCX80GTAJNHWWG4D0AZP,2.0,refgame,2.0,page9-27,A,01KJ1ADZ3BQAVZHF51FQ5WJ14K,Player,speaker,an upside down top hat with a triangle under it,1771720859316,53.0,1.0
01KJ121CTDA8X8M3KFS5Z0C2DA,01KJ1AQCXCR1XN4ASMBQ8XMYXG,2.0,refgame,2.0,page3-85,B,01KJ1AD4HAYZZ2TP80YYVT6CS2,Player,speaker,"Wrench, or I with triangles",1771720813441,52.0,1.0
01KJ121CTDA8X8M3KFS5Z0C2DA,01KJ1AQCXCR1XN4ASMBQ8XMYXG,2.0,refgame,2.0,page3-85,C,01KJ1AEMA6765ECKJ6NX8GGDF2,Player,speaker,has an arrow pointing downward,1771720819654,52.0,1.0
01KJ121CTDA8X8M3KFS5Z0C2DA,01KJ1AQCXCR1XN4ASMBQ8XMYXG,2.0,refgame,2.0,page3-85,A,01KJ1ADZ3BQAVZHF51FQ5WJ14K,Player,speaker,The pole that has an upside down triangle up top and at the bottom,1771720822427,52.0,1.0
01KJ121CTDA8X8M3KFS5Z0C2DA,01KJ1AQCXMHT16Z6Z8GFC4PCZZ,1.0,refgame,1.0,page3-85,B,01KJ1ACD2B6QR45E93SRAYX5VB,Zuda,speaker,looks like an anchor,1771719292967,8.0,1.0
01KJ121CTDA8X8M3KFS5Z0C2DA,01KJ1AQCXMHT16Z6Z8GFC4PCZZ,1.0,refgame,1.0,page3-85,C,01KJ1ADF5M161B12EA40N9T0MS,Felu,speaker,The bottom has a triangle pointing down,1771719293241,8.0,1.0
01KJ121CTDA8X8M3KFS5Z0C2DA,01KJ1AQCXMHT16Z6Z8GFC4PCZZ,1.0,refgame,1.0,page3-85,A,01KJ1AH433HDWM46XC8PJAA0A7,Minu,speaker,Lightening bolt shape with two upside down side triangles on top,1771719319240,8.0,1.0
01KJ121CTDA8X8M3KFS5Z0C2DA,01KJ1AQCXS5T8Q0A4G448C7GXH,1.0,refgame,1.0,page9-46,B,01KJ1ACD2B6QR45E93SRAYX5VB,Zuda,speaker,longest vertical line on bottom,1771719236866,7.0,1.0
01KJ121CTDA8X8M3KFS5Z0C2DA,01KJ1AQCXS5T8Q0A4G448C7GXH,1.0,refgame,1.0,page9-46,A,01KJ1AH433HDWM46XC8PJAA0A7,Minu,speaker,Rectangle piece missing from middle left side,1771719237118,7.0,1.0
01KJ121CTDA8X8M3KFS5Z0C2DA,01KJ1AQCXS5T8Q0A4G448C7GXH,1.0,refgame,1.0,page9-46,C,01KJ1ADF5M161B12EA40N9T0MS,Felu,speaker,It looks like a pyramid with the left side taken out,1771719241419,7.0,1.0
01KJ121CTDA8X8M3KFS5Z0C2DA,01KJ1AQCXS5T8Q0A4G448C7GXH,1.0,refgame,1.0,page9-46,B,01KJ1ACD2B6QR45E93SRAYX5VB,Zuda,speaker,almost like a pacman shape,1771719247361,7.0,1.0
01KJ121CTDA8X8M3KFS5Z0C2DA,01KJ1AQCXXF4RNBACZJT6NJBQ4,1.0,refgame,1.0,page9-27,B,01KJ1ACD2B6QR45E93SRAYX5VB,Zuda,speaker,large upside down triangle on top,1771719187411,6.0,1.0
01KJ121CTDA8X8M3KFS5Z0C2DA,01KJ1AQCXXF4RNBACZJT6NJBQ4,1.0,refgame,1.0,page9-27,A,01KJ1AH433HDWM46XC8PJAA0A7,Minu,speaker,"The funnel shaped one, that has a triangle at the very bottom",1771719190270,6.0,1.0
01KJ121CTDA8X8M3KFS5Z0C2DA,01KJ1AQCXXF4RNBACZJT6NJBQ4,1.0,refgame,1.0,page9-27,C,01KJ1ADF5M161B12EA40N9T0MS,Felu,speaker,It's the shape with a triangle pointing upwards at the bottom,1771719191906,6.0,1.0
01KJ121CTDA8X8M3KFS5Z0C2DA,01KJ1AQCY0BPPP7RG1WF2NDF5V,0.0,refgame,1.0,page3-136,C,01KJ1AEMA6765ECKJ6NX8GGDF2,Lika,speaker,it looks like a bird flying straight upward,1771719122311,5.0,1.0
01KJ121CTDA8X8M3KFS5Z0C2DA,01KJ1AQCY0BPPP7RG1WF2NDF5V,0.0,refgame,1.0,page3-136,A,01KJ1ADZVZREV8CZAR4J758GGY,Repi,speaker,the pole with two triangles hanging off the left and right side,1771719125766,5.0,1.0
01KJ121CTDA8X8M3KFS5Z0C2DA,01KJ1AQCY0BPPP7RG1WF2NDF5V,0.0,refgame,1.0,page3-136,B,01KJ1AEJK9C91FE2EF1F6KAWDY,Hera,speaker,"This one is a veritcal bar in the middle, with symmatrical triangles on either side hanging off of it, and a very small triangle on the top middle",1771719131264,5.0,1.0
01KJ121CTDA8X8M3KFS5Z0C2DA,01KJ1AQCY4K9ACJQ950292HFTC,0.0,refgame,1.0,page1-128,C,01KJ1AEMA6765ECKJ6NX8GGDF2,Lika,speaker,it looks like a telephone,1771719059692,4.0,1.0
01KJ121CTDA8X8M3KFS5Z0C2DA,01KJ1AQCY4K9ACJQ950292HFTC,0.0,refgame,1.0,page1-128,A,01KJ1ADZVZREV8CZAR4J758GGY,Repi,speaker,the one with a tall rectangle hole in the right side,1771719074784,4.0,1.0
01KJ121CTDA8X8M3KFS5Z0C2DA,01KJ1AQCY4K9ACJQ950292HFTC,0.0,refgame,1.0,page1-128,B,01KJ1AEJK9C91FE2EF1F6KAWDY,Hera,speaker,"This one is vertical, and featues a square on the bottom, a vertical line on the left - middle, then an overhang on the top right",1771719082865,4.0,1.0
01KJ121CTDA8X8M3KFS5Z0C2DA,01KJ1AQCY7BFCZBK3JXDP3P6CH,0.0,refgame,1.0,page9-46,A,01KJ1ADZVZREV8CZAR4J758GGY,Repi,speaker,"the one with a rectangle hole in the left side, that could eat a burger",1771719004641,3.0,1.0
01KJ121CTDA8X8M3KFS5Z0C2DA,01KJ1AQCY7BFCZBK3JXDP3P6CH,0.0,refgame,1.0,page9-46,B,01KJ1AEJK9C91FE2EF1F6KAWDY,Hera,speaker,"This one has a horizontal line running along the bottom, then is sloped on the right side, featuring an overhang on the left side",1771719017539,3.0,1.0
01KJ121CTDA8X8M3KFS5Z0C2DA,01KJ1AQCY8E0YF1JSP4X76Y544,0.0,refgame,1.0,page3-85,A,01KJ1ADZVZREV8CZAR4J758GGY,Repi,speaker,the tall one being balanced on a upside down triangle,1771718950284,2.0,1.0
01KJ121CTDA8X8M3KFS5Z0C2DA,01KJ1AQCY8E0YF1JSP4X76Y544,0.0,refgame,1.0,page3-85,C,01KJ1AEMA6765ECKJ6NX8GGDF2,Lika,speaker,It's a peculiar shape which appears to have an arrow pointing downward,1771718968257,2.0,1.0
01KJ121CTDA8X8M3KFS5Z0C2DA,01KJ1AQCY8E0YF1JSP4X76Y544,0.0,refgame,1.0,page3-85,B,01KJ1AEJK9C91FE2EF1F6KAWDY,Hera,speaker,"This one is vertical. It has a straight bar running through it from top to bottom, with an upside down triangle through it in the middle, and a smaller upside down triangle on the bottom left, with another weird shape in the middle",1771718968427,2.0,1.0
01KJ121CTDA8X8M3KFS5Z0C2DA,01KJ1AQCYDM9Z3ENWEZJTEG8X9,0.0,refgame,1.0,page5-64,B,01KJ1AEJK9C91FE2EF1F6KAWDY,Hera,speaker,"This one is mostly horizontal, with a diagnoal square on the right side, and a triangle on the top left",1771718902997,1.0,1.0
01KJ121CTDA8X8M3KFS5Z0C2DA,01KJ1AQCYDM9Z3ENWEZJTEG8X9,0.0,refgame,1.0,page5-64,A,01KJ1ADZVZREV8CZAR4J758GGY,Repi,speaker,"the very horizontal one, with a triangle on the bottom left",1771718908047,1.0,1.0
01KJ121CTDA8X8M3KFS5Z0C2DA,01KJ1AQCYDM9Z3ENWEZJTEG8X9,0.0,refgame,1.0,page5-64,C,01KJ1AEMA6765ECKJ6NX8GGDF2,Lika,speaker,it looks like a bird flying diagonally upwards,1771718911013,1.0,1.0
01KJ121CTDA8X8M3KFS5Z0C2DA,01KJ1AQCYFRV4DJJEDQW0MXYE9,2.0,refgame,2.0,page9-46,C,01KJ1AEMA6765ECKJ6NX8GGDF2,Player,speaker,looks like a stapler,1771720766827,50.0,1.0
01KJ121CTDA8X8M3KFS5Z0C2DA,01KJ1AQCYFRV4DJJEDQW0MXYE9,2.0,refgame,2.0,page9-46,B,01KJ1AD4HAYZZ2TP80YYVT6CS2,Player,speaker,"Stapler, pacman, backwards C",1771720769835,50.0,1.0
01KJ121CTDA8X8M3KFS5Z0C2DA,01KJ1AQCYFRV4DJJEDQW0MXYE9,2.0,refgame,2.0,page9-46,A,01KJ1ADZ3BQAVZHF51FQ5WJ14K,Player,speaker,looks like an odd shape tiny stapler,1771720769875,50.0,1.0
01KJ121CTDA8X8M3KFS5Z0C2DA,01KJ1AQCYKZ44F970GA0986NFB,0.0,refgame,2.0,page9-46,A,01KJ1ADZVZREV8CZAR4J758GGY,Player,speaker,"the one with a rectangle hole in the middle left, could eat a  burger",1771720295824,37.0,1.0
01KJ121CTDA8X8M3KFS5Z0C2DA,01KJ1AQCYKZ44F970GA0986NFB,0.0,refgame,2.0,page9-46,C,01KJ1AEMA6765ECKJ6NX8GGDF2,Player,speaker,looks like a stapler,1771720295866,37.0,1.0
01KJ121CTDA8X8M3KFS5Z0C2DA,01KJ1AQCYKZ44F970GA0986NFB,0.0,refgame,2.0,page9-46,B,01KJ1AEJK9C91FE2EF1F6KAWDY,Player,speaker,This one looks like a backwards C. It has a slope on the right of the object,1771720299082,37.0,1.0
01KJ121CTDA8X8M3KFS5Z0C2DA,01KJ1AQCYQ9FV1QHKDYTHNQX9E,0.0,refgame,2.0,page5-64,B,01KJ1AEJK9C91FE2EF1F6KAWDY,Player,speaker,This one is the smallest figure,1771720247363,36.0,1.0
01KJ121CTDA8X8M3KFS5Z0C2DA,01KJ1AQCYQ9FV1QHKDYTHNQX9E,0.0,refgame,2.0,page5-64,A,01KJ1ADZVZREV8CZAR4J758GGY,Player,speaker,"the one with two triangles on the left, one bigger on top of the other, rhombus on right side",1771720253397,36.0,1.0
01KJ121CTDA8X8M3KFS5Z0C2DA,01KJ1AQCYQ9FV1QHKDYTHNQX9E,0.0,refgame,2.0,page5-64,C,01KJ1AEMA6765ECKJ6NX8GGDF2,Player,speaker,it looks like a bird flying diagonally,1771720256173,36.0,1.0
01KJ121CTDA8X8M3KFS5Z0C2DA,01KJ1AQCYW4APJVZ69WE3YXV25,5.0,refgame,1.0,page9-46,C,01KJ1ADZ3BQAVZHF51FQ5WJ14K,Nori,speaker,a tiny weird shape stapler,1771720163759,35.0,1.0
01KJ121CTDA8X8M3KFS5Z0C2DA,01KJ1AQCYW4APJVZ69WE3YXV25,5.0,refgame,1.0,page9-46,A,01KJ1AH433HDWM46XC8PJAA0A7,Minu,speaker,Rectangle shape missing from middle left,1771720163821,35.0,1.0
01KJ121CTDA8X8M3KFS5Z0C2DA,01KJ1AQCYW4APJVZ69WE3YXV25,5.0,refgame,1.0,page9-46,B,01KJ1AD4HAYZZ2TP80YYVT6CS2,Bavi,speaker,backwards C/Pacman,1771720163880,35.0,1.0
01KJ121CTDA8X8M3KFS5Z0C2DA,01KJ1AQCYZ704WT8652P6WAFCH,5.0,refgame,1.0,page1-128,B,01KJ1AD4HAYZZ2TP80YYVT6CS2,Bavi,speaker,The C,1771720142258,34.0,1.0
01KJ121CTDA8X8M3KFS5Z0C2DA,01KJ1AQCYZ704WT8652P6WAFCH,5.0,refgame,1.0,page1-128,C,01KJ1ADZ3BQAVZHF51FQ5WJ14K,Nori,speaker,A bold and Proud letter C,1771720145134,34.0,1.0
01KJ121CTDA8X8M3KFS5Z0C2DA,01KJ1AQCYZ704WT8652P6WAFCH,5.0,refgame,1.0,page1-128,A,01KJ1AH433HDWM46XC8PJAA0A7,Minu,speaker,Rectangle shape missing from middle right,1771720148473,34.0,1.0
01KJ121CTDA8X8M3KFS5Z0C2DA,01KJ1AQCZ4V2J712EBGWHWNYS9,5.0,refgame,1.0,page3-85,B,01KJ1AD4HAYZZ2TP80YYVT6CS2,Bavi,speaker,wrench,1771720104326,33.0,1.0
01KJ121CTDA8X8M3KFS5Z0C2DA,01KJ1AQCZ4V2J712EBGWHWNYS9,5.0,refgame,1.0,page3-85,A,01KJ1AH433HDWM46XC8PJAA0A7,Minu,speaker,Lightening bolt shape on top of upside down pyramid,1771720108814,33.0,1.0
01KJ121CTDA8X8M3KFS5Z0C2DA,01KJ1AQCZ4V2J712EBGWHWNYS9,5.0,refgame,1.0,page3-85,C,01KJ1ADZ3BQAVZHF51FQ5WJ14K,Nori,speaker,upside down triangles at the top and bottom,1771720113540,33.0,1.0
01KJ121CTDA8X8M3KFS5Z0C2DA,01KJ1AQCZ6WAMYCQYDTSS5BW2G,5.0,refgame,1.0,page3-136,A,01KJ1AH433HDWM46XC8PJAA0A7,Minu,speaker,Arrow pointing up,1771720083002,32.0,1.0
01KJ121CTDA8X8M3KFS5Z0C2DA,01KJ1AQCZ6WAMYCQYDTSS5BW2G,5.0,refgame,1.0,page3-136,B,01KJ1AD4HAYZZ2TP80YYVT6CS2,Bavi,speaker,The T,1771720083553,32.0,1.0
01KJ121CTDA8X8M3KFS5Z0C2DA,01KJ1AQCZ6WAMYCQYDTSS5BW2G,5.0,refgame,1.0,page3-136,C,01KJ1ADZ3BQAVZHF51FQ5WJ14K,Nori,speaker,an odd shape cross or letter T,1771720087124,32.0,1.0
01KJ121CTDA8X8M3KFS5Z0C2DA,01KJ1AQCZB2GMCTK4JYXQE8PN8,5.0,refgame,1.0,page9-27,B,01KJ1AD4HAYZZ2TP80YYVT6CS2,Bavi,speaker,goblet,1771720059624,31.0,1.0
01KJ121CTDA8X8M3KFS5Z0C2DA,01KJ1AQCZB2GMCTK4JYXQE8PN8,5.0,refgame,1.0,page9-27,A,01KJ1AH433HDWM46XC8PJAA0A7,Minu,speaker,Funnel on top of pyramid,1771720062692,31.0,1.0
01KJ121CTDA8X8M3KFS5Z0C2DA,01KJ1AQCZB2GMCTK4JYXQE8PN8,5.0,refgame,1.0,page9-27,C,01KJ1ADZ3BQAVZHF51FQ5WJ14K,Nori,speaker,upside down top hat with a triangle at the bottom,1771720066908,31.0,1.0
01KJ121CTDA8X8M3KFS5Z0C2DA,01KJ1AQCZD6D66QQ11G1E8D5EY,5.0,refgame,1.0,page5-64,B,01KJ1AD4HAYZZ2TP80YYVT6CS2,Bavi,speaker,turtle,1771720033378,30.0,1.0
01KJ121CTDA8X8M3KFS5Z0C2DA,01KJ1AQCZD6D66QQ11G1E8D5EY,5.0,refgame,1.0,page5-64,C,01KJ1ADZ3BQAVZHF51FQ5WJ14K,Nori,speaker,a bird flying diagonally,1771720033691,30.0,1.0
01KJ121CTDA8X8M3KFS5Z0C2DA,01KJ1AQCZD6D66QQ11G1E8D5EY,5.0,refgame,1.0,page5-64,A,01KJ1AH433HDWM46XC8PJAA0A7,Minu,speaker,Horitzontal shape with small triangle in bigger triangle on top left,1771720045901,30.0,1.0
01KJ121CTDA8X8M3KFS5Z0C2DA,01KJ1AQCZG9H7JJDXB7SSXTBKD,4.0,refgame,1.0,page9-46,B,01KJ1ACD2B6QR45E93SRAYX5VB,Zuda,speaker,Backwards C,1771720010909,29.0,1.0
01KJ121CTDA8X8M3KFS5Z0C2DA,01KJ1AQCZG9H7JJDXB7SSXTBKD,4.0,refgame,1.0,page9-46,C,01KJ1ADF5M161B12EA40N9T0MS,Felu,speaker,Pyramid missing the left side and the center,1771720013687,29.0,1.0
01KJ121CTDA8X8M3KFS5Z0C2DA,01KJ1AQCZG9H7JJDXB7SSXTBKD,4.0,refgame,1.0,page9-46,A,01KJ1AH433HDWM46XC8PJAA0A7,Minu,speaker,Rectangle shape missing from middle left,1771720015051,29.0,1.0
01KJ121CTDA8X8M3KFS5Z0C2DA,01KJ1AQCZP27EAWYZEDFBX0F1G,4.0,refgame,1.0,page1-128,B,01KJ1ACD2B6QR45E93SRAYX5VB,Zuda,speaker,C,1771719987900,28.0,1.0
01KJ121CTDA8X8M3KFS5Z0C2DA,01KJ1AQCZP27EAWYZEDFBX0F1G,4.0,refgame,1.0,page1-128,C,01KJ1ADF5M161B12EA40N9T0MS,Felu,speaker,C with a long bottom,1771719991019,28.0,1.0
01KJ121CTDA8X8M3KFS5Z0C2DA,01KJ1AQCZP27EAWYZEDFBX0F1G,4.0,refgame,1.0,page1-128,A,01KJ1AH433HDWM46XC8PJAA0A7,Minu,speaker,Rectangle shape missing from middle right,1771719997568,28.0,1.0
01KJ121CTDA8X8M3KFS5Z0C2DA,01KJ1AQCZRSQA59FDNP6982XXA,4.0,refgame,1.0,page3-85,B,01KJ1ACD2B6QR45E93SRAYX5VB,Zuda,speaker,wrench,1771719964000,27.0,1.0
01KJ121CTDA8X8M3KFS5Z0C2DA,01KJ1AQCZRSQA59FDNP6982XXA,4.0,refgame,1.0,page3-85,C,01KJ1ADF5M161B12EA40N9T0MS,Felu,speaker,Triangle facing down at the bottom,1771719966271,27.0,1.0
01KJ121CTDA8X8M3KFS5Z0C2DA,01KJ1AQCZRSQA59FDNP6982XXA,4.0,refgame,1.0,page3-85,A,01KJ1AH433HDWM46XC8PJAA0A7,Minu,speaker,Lightening bolt shape on top of upside down pyramid,1771719974883,27.0,1.0
01KJ121CTDA8X8M3KFS5Z0C2DA,01KJ1AQCZSHR717GW1VVM351RF,4.0,refgame,1.0,page9-27,A,01KJ1AH433HDWM46XC8PJAA0A7,Minu,speaker,Funnel on top of a pyramid,1771719946158,26.0,1.0
01KJ121CTDA8X8M3KFS5Z0C2DA,01KJ1AQCZSHR717GW1VVM351RF,4.0,refgame,1.0,page9-27,C,01KJ1ADF5M161B12EA40N9T0MS,Felu,speaker,Triangle facing up at the bottom,1771719947892,26.0,1.0
01KJ121CTDA8X8M3KFS5Z0C2DA,01KJ1AQCZSHR717GW1VVM351RF,4.0,refgame,1.0,page9-27,B,01KJ1ACD2B6QR45E93SRAYX5VB,Zuda,speaker,wide mouthed goblet,1771719952834,26.0,1.0
01KJ121CTDA8X8M3KFS5Z0C2DA,01KJ1AQCZZJ06BHZ8FEPVVSTC2,4.0,refgame,1.0,page3-136,B,01KJ1ACD2B6QR45E93SRAYX5VB,Zuda,speaker,T,1771719917363,25.0,1.0
01KJ121CTDA8X8M3KFS5Z0C2DA,01KJ1AQCZZJ06BHZ8FEPVVSTC2,4.0,refgame,1.0,page3-136,C,01KJ1ADF5M161B12EA40N9T0MS,Felu,speaker,"Looks like a ""T""",1771719918952,25.0,1.0
01KJ121CTDA8X8M3KFS5Z0C2DA,01KJ1AQCZZJ06BHZ8FEPVVSTC2,4.0,refgame,1.0,page3-136,A,01KJ1AH433HDWM46XC8PJAA0A7,Minu,speaker,Arrow pointing up,1771719921633,25.0,1.0
01KJ121CTDA8X8M3KFS5Z0C2DA,01KJ1AQD01P7NRDVWX5CHPTPPH,4.0,refgame,1.0,page5-64,B,01KJ1ACD2B6QR45E93SRAYX5VB,Zuda,speaker,"Smallest figure, turtle",1771719874957,24.0,1.0
01KJ121CTDA8X8M3KFS5Z0C2DA,01KJ1AQD01P7NRDVWX5CHPTPPH,4.0,refgame,1.0,page5-64,A,01KJ1AH433HDWM46XC8PJAA0A7,Minu,speaker,Horizontal shape with a bigger triangle on the left with smaller triangle inside of it,1771719894553,24.0,1.0
01KJ121CTDA8X8M3KFS5Z0C2DA,01KJ1AQD052EXEKAVR7WQDTZHB,3.0,refgame,1.0,page1-128,B,01KJ1AEJK9C91FE2EF1F6KAWDY,Hera,speaker,The C,1771719845708,23.0,1.0
01KJ121CTDA8X8M3KFS5Z0C2DA,01KJ1AQD052EXEKAVR7WQDTZHB,3.0,refgame,1.0,page1-128,A,01KJ1ADZVZREV8CZAR4J758GGY,Repi,speaker,middle right has a missing rectangle,1771719849123,23.0,1.0
01KJ121CTDA8X8M3KFS5Z0C2DA,01KJ1AQD052EXEKAVR7WQDTZHB,3.0,refgame,1.0,page1-128,C,01KJ1AEMA6765ECKJ6NX8GGDF2,Lika,speaker,looks like the letter C,1771719855843,23.0,1.0
01KJ121CTDA8X8M3KFS5Z0C2DA,01KJ1AQD0APYTJP182YNW71GQ4,3.0,refgame,1.0,page5-64,B,01KJ1AEJK9C91FE2EF1F6KAWDY,Hera,speaker,Smallest figure,1771719806116,22.0,1.0
01KJ121CTDA8X8M3KFS5Z0C2DA,01KJ1AQD0APYTJP182YNW71GQ4,3.0,refgame,1.0,page5-64,A,01KJ1ADZVZREV8CZAR4J758GGY,Repi,speaker,the one with two triangles on the left side,1771719812709,22.0,1.0
01KJ121CTDA8X8M3KFS5Z0C2DA,01KJ1AQD0APYTJP182YNW71GQ4,3.0,refgame,1.0,page5-64,C,01KJ1AEMA6765ECKJ6NX8GGDF2,Lika,speaker,looks like a bird flying diagonally,1771719817280,22.0,1.0
01KJ121CTDA8X8M3KFS5Z0C2DA,01KJ1AQD0APYTJP182YNW71GQ4,3.0,refgame,1.0,page5-64,A,01KJ1ADZVZREV8CZAR4J758GGY,Repi,speaker,one on top of the other*,1771719835654,22.0,1.0
01KJ121CTDA8X8M3KFS5Z0C2DA,01KJ1AQD0B8CJQT16Y2ZC775AT,3.0,refgame,1.0,page9-46,B,01KJ1AEJK9C91FE2EF1F6KAWDY,Hera,speaker,"Backwards C, the pacman",1771719780564,21.0,1.0
01KJ121CTDA8X8M3KFS5Z0C2DA,01KJ1AQD0B8CJQT16Y2ZC775AT,3.0,refgame,1.0,page9-46,A,01KJ1ADZVZREV8CZAR4J758GGY,Repi,speaker,"middle left side has a missing rectangle, esophagor",1771719783940,21.0,1.0
01KJ121CTDA8X8M3KFS5Z0C2DA,01KJ1AQD0B8CJQT16Y2ZC775AT,3.0,refgame,1.0,page9-46,C,01KJ1AEMA6765ECKJ6NX8GGDF2,Lika,speaker,kinda looks like a wrench,1771719785768,21.0,1.0
01KJ121CTDA8X8M3KFS5Z0C2DA,01KJ1AQD0GXD90ZM301K7P3VT9,3.0,refgame,1.0,page3-136,B,01KJ1AEJK9C91FE2EF1F6KAWDY,Hera,speaker,the T,1771719753299,20.0,1.0
01KJ121CTDA8X8M3KFS5Z0C2DA,01KJ1AQD0GXD90ZM301K7P3VT9,3.0,refgame,1.0,page3-136,A,01KJ1ADZVZREV8CZAR4J758GGY,Repi,speaker,up arrow one,1771719754244,20.0,1.0
01KJ121CTDA8X8M3KFS5Z0C2DA,01KJ1AQD0GXD90ZM301K7P3VT9,3.0,refgame,1.0,page3-136,C,01KJ1AEMA6765ECKJ6NX8GGDF2,Lika,speaker,Looks like the letter T,1771719763960,20.0,1.0
01KJ121CTDA8X8M3KFS5Z0C2DA,01KJ1AQD0JTY8Z71102CWN9N9B,3.0,refgame,1.0,page9-27,B,01KJ1AEJK9C91FE2EF1F6KAWDY,Hera,speaker,Wide mouthed goblet,1771719734029,19.0,1.0
01KJ121CTDA8X8M3KFS5Z0C2DA,01KJ1AQD0JTY8Z71102CWN9N9B,3.0,refgame,1.0,page9-27,A,01KJ1ADZVZREV8CZAR4J758GGY,Repi,speaker,funnel on top of pyramid,1771719734192,19.0,1.0
01KJ121CTDA8X8M3KFS5Z0C2DA,01KJ1AQD0JTY8Z71102CWN9N9B,3.0,refgame,1.0,page9-27,C,01KJ1AEMA6765ECKJ6NX8GGDF2,Lika,speaker,has a triangle at the bottom,1771719737851,19.0,1.0
01KJ121CTDA8X8M3KFS5Z0C2DA,01KJ1AQD0M8ZAKNFA420SGXCN4,5.0,refgame,2.0,page5-64,B,01KJ1ADZ3BQAVZHF51FQ5WJ14K,Player,speaker,a small group of 3 little mountains,1771721435528,71.0,1.0
01KJ121CTDA8X8M3KFS5Z0C2DA,01KJ1AQD0M8ZAKNFA420SGXCN4,5.0,refgame,2.0,page5-64,C,01KJ1AH433HDWM46XC8PJAA0A7,Player,speaker,"smallest of all of them, looks like a turtle",1771721437266,71.0,1.0
01KJ121CTDA8X8M3KFS5Z0C2DA,01KJ1AQD0M8ZAKNFA420SGXCN4,5.0,refgame,2.0,page5-64,A,01KJ1AD4HAYZZ2TP80YYVT6CS2,Player,speaker,"turtle walking left, smallest figure",1771721439246,71.0,1.0
01KJ33KJSZTPJ1ZX8A32CVKHSG,01KJ36S9P3AR0XMYE70RYQGQ4X,0.0,refgame,1.0,page3-136,B,01KJ36ET4XZJSBET24EAAPG563,Hera,speaker,Looks like a T,1771781823629,0.0,1.0
01KJ33KJSZTPJ1ZX8A32CVKHSG,01KJ36S9P3AR0XMYE70RYQGQ4X,0.0,refgame,1.0,page3-136,A,01KJ36H4JT5FXT099834BWVZ2X,Repi,speaker,it looks like an axe,1771781829644,0.0,1.0
01KJ33KJSZTPJ1ZX8A32CVKHSG,01KJ36S9P3AR0XMYE70RYQGQ4X,0.0,refgame,1.0,page3-136,C,01KJ36FC5TV0WE77HY2CRQEVK9,Lika,speaker,It looks like the letter T or a lot like a cross,1771781838190,0.0,1.0
01KJ33KJSZTPJ1ZX8A32CVKHSG,01KJ36S9PGSRAEBF9WM2S2C5FM,1.0,refgame,1.0,page1-128,B,01KJ36ETQEFCRFP2MBHTV3TAYN,Zuda,speaker,recntangle with a rectangle eaten off from it on the right,1771782160605,6.0,1.0
01KJ33KJSZTPJ1ZX8A32CVKHSG,01KJ36S9PGSRAEBF9WM2S2C5FM,1.0,refgame,1.0,page1-128,C,01KJ36FPQT07Q8H1HTHKNR9ZHN,Felu,speaker,C facing the right way,1771782163137,6.0,1.0
01KJ33KJSZTPJ1ZX8A32CVKHSG,01KJ36S9PGSRAEBF9WM2S2C5FM,1.0,refgame,1.0,page1-128,A,01KJ36HPQGRRDA1JZ2BN1MDMN4,Minu,speaker,IT is a rectangle with a notch cut out on the right side.,1771782180410,6.0,1.0
01KJ33KJSZTPJ1ZX8A32CVKHSG,01KJ36S9R8W9ZCDK2QSHYRTAGE,2.0,refgame,2.0,page9-46,C,01KJ36F4YDX6CZ5RBVN7KN0VFA,Player,speaker,a backwards c,1771783727301,51.0,1.0
01KJ33KJSZTPJ1ZX8A32CVKHSG,01KJ36S9R8W9ZCDK2QSHYRTAGE,2.0,refgame,2.0,page9-46,B,01KJ36JHZG7RJW8JFPYPM1ZBSD,Player,speaker,it looks like a wave with a notch cut out on the left,1771783728192,51.0,1.0
01KJ33KJSZTPJ1ZX8A32CVKHSG,01KJ36S9R8W9ZCDK2QSHYRTAGE,2.0,refgame,2.0,page9-46,A,01KJ36HP23RMC93E849APAJY04,Player,speaker,looks like the letter C backwards,1771783735624,51.0,1.0
01KJ33KJSZTPJ1ZX8A32CVKHSG,01KJ36S9S2ZJ5G6V39V36Y8N06,3.0,refgame,2.0,page9-27,C,01KJ36ET4XZJSBET24EAAPG563,Player,speaker,Looks like a trophy,1771783849475,54.0,1.0
01KJ33KJSZTPJ1ZX8A32CVKHSG,01KJ36S9S2ZJ5G6V39V36Y8N06,3.0,refgame,2.0,page9-27,A,01KJ36H4JT5FXT099834BWVZ2X,Player,speaker,larger shape balancing on a triangle. looks like a flower,1771783861884,54.0,1.0
01KJ33KJSZTPJ1ZX8A32CVKHSG,01KJ36S9S2ZJ5G6V39V36Y8N06,3.0,refgame,2.0,page9-27,B,01KJ36FC5TV0WE77HY2CRQEVK9,Player,speaker,tiny triangle on bottom balancing a pedestal on top,1771783862327,54.0,1.0
01KJ33KJSZTPJ1ZX8A32CVKHSG,01KJ36S9S6SWECD4Z6V3EEA3DT,2.0,refgame,1.0,page9-46,C,01KJ36F4YDX6CZ5RBVN7KN0VFA,Nori,speaker,backwards c,1771782381633,12.0,1.0
01KJ33KJSZTPJ1ZX8A32CVKHSG,01KJ36S9S6SWECD4Z6V3EEA3DT,2.0,refgame,1.0,page9-46,B,01KJ36HP23RMC93E849APAJY04,Bavi,speaker,backwards C.,1771782388366,12.0,1.0
01KJ33KJSZTPJ1ZX8A32CVKHSG,01KJ36S9S6SWECD4Z6V3EEA3DT,2.0,refgame,1.0,page9-46,A,01KJ36JHZG7RJW8JFPYPM1ZBSD,Laju,speaker,it looks like a wave with a notch cut out,1771782402550,12.0,1.0
01KJ33KJSZTPJ1ZX8A32CVKHSG,01KJ36S9SNR0VZGTXHY3P04WB3,1.0,refgame,1.0,page3-85,C,01KJ36FPQT07Q8H1HTHKNR9ZHN,Felu,speaker,J,1771782335681,11.0,1.0
01KJ33KJSZTPJ1ZX8A32CVKHSG,01KJ36S9SNR0VZGTXHY3P04WB3,1.0,refgame,1.0,page3-85,B,01KJ36ETQEFCRFP2MBHTV3TAYN,Zuda,speaker,upside down triangle at bottom with a long rectangle with triangle in the middle going through the rectangl;e,1771782347468,11.0,1.0
01KJ33KJSZTPJ1ZX8A32CVKHSG,01KJ36S9SNR0VZGTXHY3P04WB3,1.0,refgame,1.0,page3-85,A,01KJ36HPQGRRDA1JZ2BN1MDMN4,Minu,speaker,It looks like an upside-down sword piercing a polygon.,1771782351743,11.0,1.0
01KJ33KJSZTPJ1ZX8A32CVKHSG,01KJ36S9T2S39HVNGH39N87KWF,1.0,refgame,1.0,page9-27,C,01KJ36FPQT07Q8H1HTHKNR9ZHN,Felu,speaker,T sitting on a triangle pointing up at bottom,1771782292649,10.0,1.0
01KJ33KJSZTPJ1ZX8A32CVKHSG,01KJ36S9T2S39HVNGH39N87KWF,1.0,refgame,1.0,page9-27,A,01KJ36HPQGRRDA1JZ2BN1MDMN4,Minu,speaker,It is balancing on a triangle at the bottom.,1771782297018,10.0,1.0
01KJ33KJSZTPJ1ZX8A32CVKHSG,01KJ36S9T2S39HVNGH39N87KWF,1.0,refgame,1.0,page9-27,B,01KJ36ETQEFCRFP2MBHTV3TAYN,Zuda,speaker,a triangle at the bottom then a square above it then a upside down trapezoid,1771782306348,10.0,1.0
01KJ33KJSZTPJ1ZX8A32CVKHSG,01KJ36S9TCZDB8E0BHGRW2306B,1.0,refgame,1.0,page3-136,B,01KJ36ETQEFCRFP2MBHTV3TAYN,Zuda,speaker,looks like a t,1771782255643,9.0,1.0
01KJ33KJSZTPJ1ZX8A32CVKHSG,01KJ36S9TCZDB8E0BHGRW2306B,1.0,refgame,1.0,page3-136,C,01KJ36FPQT07Q8H1HTHKNR9ZHN,Felu,speaker,letter t with a triangle pointing up on top,1771782264957,9.0,1.0
01KJ33KJSZTPJ1ZX8A32CVKHSG,01KJ36S9TCZDB8E0BHGRW2306B,1.0,refgame,1.0,page3-136,A,01KJ36HPQGRRDA1JZ2BN1MDMN4,Minu,speaker,It looks like an axe.,1771782267188,9.0,1.0
01KJ33KJSZTPJ1ZX8A32CVKHSG,01KJ36S9TMHBYSF7C5PXAF9HXW,1.0,refgame,1.0,page9-46,C,01KJ36FPQT07Q8H1HTHKNR9ZHN,Felu,speaker,backwards c,1771782232117,8.0,1.0
01KJ33KJSZTPJ1ZX8A32CVKHSG,01KJ36S9TMHBYSF7C5PXAF9HXW,1.0,refgame,1.0,page9-46,B,01KJ36ETQEFCRFP2MBHTV3TAYN,Zuda,speaker,rectangle eaten from the left,1771782234398,8.0,1.0
01KJ33KJSZTPJ1ZX8A32CVKHSG,01KJ36S9TMHBYSF7C5PXAF9HXW,1.0,refgame,1.0,page9-46,A,01KJ36HPQGRRDA1JZ2BN1MDMN4,Minu,speaker,It looks like a wave with a notch cut out on the left side.,1771782248532,8.0,1.0
01KJ33KJSZTPJ1ZX8A32CVKHSG,01KJ36S9TTCE08CS05RX17X2YA,0.0,refgame,1.0,page9-46,B,01KJ36ET4XZJSBET24EAAPG563,Hera,speaker,Triangle with rectangle sized chunk removed from it,1771782113885,5.0,1.0
01KJ33KJSZTPJ1ZX8A32CVKHSG,01KJ36S9TTCE08CS05RX17X2YA,0.0,refgame,1.0,page9-46,A,01KJ36H4JT5FXT099834BWVZ2X,Repi,speaker,it is horizontal with a slope on the right side and a hole in the left side,1771782115719,5.0,1.0
01KJ33KJSZTPJ1ZX8A32CVKHSG,01KJ36S9TTCE08CS05RX17X2YA,0.0,refgame,1.0,page9-46,C,01KJ36FC5TV0WE77HY2CRQEVK9,Lika,speaker,"It's the shape of a triangle, making a backwards c",1771782119291,5.0,1.0
01KJ33KJSZTPJ1ZX8A32CVKHSG,01KJ36S9TTCE08CS05RX17X2YA,0.0,refgame,1.0,page9-46,B,01KJ36ETQEFCRFP2MBHTV3TAYN,Zuda,listener,which side is the rectangle eaten from,1771782124690,5.0,1.0
01KJ33KJSZTPJ1ZX8A32CVKHSG,01KJ36S9TTCE08CS05RX17X2YA,0.0,refgame,1.0,page9-46,B,01KJ36ET4XZJSBET24EAAPG563,Hera,speaker,my left,1771782133092,5.0,1.0
01KJ33KJSZTPJ1ZX8A32CVKHSG,01KJ36S9V14Q6B7YAR9F2G9ZQB,0.0,refgame,1.0,page5-64,B,01KJ36ET4XZJSBET24EAAPG563,Hera,speaker,Looks like group of mountains,1771782055630,4.0,1.0
01KJ33KJSZTPJ1ZX8A32CVKHSG,01KJ36S9V14Q6B7YAR9F2G9ZQB,0.0,refgame,1.0,page5-64,A,01KJ36H4JT5FXT099834BWVZ2X,Repi,speaker,it is horizontal and kind of looks like a bird with spread wings,1771782063316,4.0,1.0
01KJ33KJSZTPJ1ZX8A32CVKHSG,01KJ36S9V14Q6B7YAR9F2G9ZQB,0.0,refgame,1.0,page5-64,B,01KJ36ETQEFCRFP2MBHTV3TAYN,Zuda,listener,what do you mean by that,1771782064958,4.0,1.0
01KJ33KJSZTPJ1ZX8A32CVKHSG,01KJ36S9V14Q6B7YAR9F2G9ZQB,0.0,refgame,1.0,page5-64,C,01KJ36FC5TV0WE77HY2CRQEVK9,Lika,speaker,It's has the lowest profile and could be a three leaf clover,1771782067734,4.0,1.0
01KJ33KJSZTPJ1ZX8A32CVKHSG,01KJ36S9V14Q6B7YAR9F2G9ZQB,0.0,refgame,1.0,page5-64,B,01KJ36ET4XZJSBET24EAAPG563,Hera,speaker,"triangle, trapezoid, triangle",1771782078570,4.0,1.0
01KJ33KJSZTPJ1ZX8A32CVKHSG,01KJ36S9V825SKQZTZY0025EZT,0.0,refgame,1.0,page1-128,B,01KJ36ET4XZJSBET24EAAPG563,Hera,speaker,Rectangle with a bite taken out of it on right hand side,1771782006505,3.0,1.0
01KJ33KJSZTPJ1ZX8A32CVKHSG,01KJ36S9V825SKQZTZY0025EZT,0.0,refgame,1.0,page1-128,C,01KJ36FC5TV0WE77HY2CRQEVK9,Lika,speaker,It looks like the letter c facing the correct direction,1771782006926,3.0,1.0
01KJ33KJSZTPJ1ZX8A32CVKHSG,01KJ36S9V825SKQZTZY0025EZT,0.0,refgame,1.0,page1-128,A,01KJ36H4JT5FXT099834BWVZ2X,Repi,speaker,it is straight up and down with a section of pixels missing on the top right side,1771782008695,3.0,1.0
01KJ33KJSZTPJ1ZX8A32CVKHSG,01KJ36S9VEDYHAQX7FAH25GZP5,0.0,refgame,1.0,page3-85,C,01KJ36FC5TV0WE77HY2CRQEVK9,Lika,speaker,It looks like the letter J,1771781944221,2.0,1.0
01KJ33KJSZTPJ1ZX8A32CVKHSG,01KJ36S9VEDYHAQX7FAH25GZP5,0.0,refgame,1.0,page3-85,A,01KJ36H4JT5FXT099834BWVZ2X,Repi,speaker,it has like a hook shape on the bottom and is straight up and down,1771781946533,2.0,1.0
01KJ33KJSZTPJ1ZX8A32CVKHSG,01KJ36S9VEDYHAQX7FAH25GZP5,0.0,refgame,1.0,page3-85,B,01KJ36ET4XZJSBET24EAAPG563,Hera,speaker,"Upside down arrow at tope, triangles sticking out on left side. Tall and skinny",1771781951995,2.0,1.0
01KJ33KJSZTPJ1ZX8A32CVKHSG,01KJ36S9VQXJFGQAW4JCM7PKX1,0.0,refgame,1.0,page9-27,B,01KJ36ET4XZJSBET24EAAPG563,Hera,speaker,Looks like a trophy,1771781873795,1.0,1.0
01KJ33KJSZTPJ1ZX8A32CVKHSG,01KJ36S9VQXJFGQAW4JCM7PKX1,0.0,refgame,1.0,page9-27,A,01KJ36H4JT5FXT099834BWVZ2X,Repi,speaker,it has a triangle at the bottom and a bigger shape on top,1771781875432,1.0,1.0
01KJ33KJSZTPJ1ZX8A32CVKHSG,01KJ36S9VQXJFGQAW4JCM7PKX1,0.0,refgame,1.0,page9-27,C,01KJ36FC5TV0WE77HY2CRQEVK9,Lika,speaker,It's a triangle with an inverted pedestal on to,1771781892766,1.0,1.0
01KJ33KJSZTPJ1ZX8A32CVKHSG,01KJ36S9VYSBE4WZYFZAA4R0AY,1.0,refgame,1.0,page5-64,C,01KJ36FPQT07Q8H1HTHKNR9ZHN,Felu,speaker,low profile one,1771782192039,7.0,1.0
01KJ33KJSZTPJ1ZX8A32CVKHSG,01KJ36S9VYSBE4WZYFZAA4R0AY,1.0,refgame,1.0,page5-64,B,01KJ36ETQEFCRFP2MBHTV3TAYN,Zuda,speaker,"3 shapes all next to each other, a triangle, a tiny right triangle and a pallalologram",1771782202245,7.0,1.0
01KJ33KJSZTPJ1ZX8A32CVKHSG,01KJ36S9VYSBE4WZYFZAA4R0AY,1.0,refgame,1.0,page5-64,A,01KJ36HPQGRRDA1JZ2BN1MDMN4,Minu,speaker,It looks like a bird. It is the smallest shape. Triangles and a diamond.,1771782213477,7.0,1.0
01KJ33KJSZTPJ1ZX8A32CVKHSG,01KJ36S9W30MP96XF0159KS1S3,1.0,refgame,2.0,page3-85,B,01KJ36ETQEFCRFP2MBHTV3TAYN,Player,speaker,looks like a j,1771783540231,46.0,1.0
01KJ33KJSZTPJ1ZX8A32CVKHSG,01KJ36S9W30MP96XF0159KS1S3,1.0,refgame,2.0,page3-85,A,01KJ36FPQT07Q8H1HTHKNR9ZHN,Player,speaker,Looks like a J,1771783545055,46.0,1.0
01KJ33KJSZTPJ1ZX8A32CVKHSG,01KJ36S9W30MP96XF0159KS1S3,1.0,refgame,2.0,page3-85,B,01KJ36ETQEFCRFP2MBHTV3TAYN,Player,speaker,and has triangle going through it,1771783545996,46.0,1.0
01KJ33KJSZTPJ1ZX8A32CVKHSG,01KJ36S9W30MP96XF0159KS1S3,1.0,refgame,2.0,page3-85,C,01KJ36HPQGRRDA1JZ2BN1MDMN4,Player,speaker,An upside-down sword piercing a polygon,1771783556760,46.0,1.0
01KJ33KJSZTPJ1ZX8A32CVKHSG,01KJ36S9W30MP96XF0159KS1S3,1.0,refgame,2.0,page3-85,C,01KJ36FC5TV0WE77HY2CRQEVK9,Player,listener,letter J?,1771783561347,46.0,1.0
01KJ33KJSZTPJ1ZX8A32CVKHSG,01KJ36S9W30MP96XF0159KS1S3,1.0,refgame,2.0,page3-85,C,01KJ36HPQGRRDA1JZ2BN1MDMN4,Player,speaker,Yeah,1771783574424,46.0,1.0
01KJ33KJSZTPJ1ZX8A32CVKHSG,01KJ36S9WA0MCKBQG6JJMYCBFQ,1.0,refgame,2.0,page1-128,B,01KJ36ETQEFCRFP2MBHTV3TAYN,Player,speaker,rectangle has been eaten from right,1771783480161,44.0,1.0
01KJ33KJSZTPJ1ZX8A32CVKHSG,01KJ36S9WA0MCKBQG6JJMYCBFQ,1.0,refgame,2.0,page1-128,A,01KJ36FPQT07Q8H1HTHKNR9ZHN,Player,speaker,C facing the right way,1771783481807,44.0,1.0
01KJ33KJSZTPJ1ZX8A32CVKHSG,01KJ36S9WA0MCKBQG6JJMYCBFQ,1.0,refgame,2.0,page1-128,C,01KJ36HPQGRRDA1JZ2BN1MDMN4,Player,speaker,A rectangle with a notch cut out on the right.,1771783495067,44.0,1.0
01KJ33KJSZTPJ1ZX8A32CVKHSG,01KJ36S9WMXE213E46DEZKMFAJ,1.0,refgame,2.0,page5-64,A,01KJ36FPQT07Q8H1HTHKNR9ZHN,Player,speaker,lowest profile option,1771783513301,45.0,1.0
01KJ33KJSZTPJ1ZX8A32CVKHSG,01KJ36S9WMXE213E46DEZKMFAJ,1.0,refgame,2.0,page5-64,B,01KJ36ETQEFCRFP2MBHTV3TAYN,Player,speaker,"3 shapes, a triangle, a right triangle and then a parallelogram",1771783521739,45.0,1.0
01KJ33KJSZTPJ1ZX8A32CVKHSG,01KJ36S9WMXE213E46DEZKMFAJ,1.0,refgame,2.0,page5-64,C,01KJ36HPQGRRDA1JZ2BN1MDMN4,Player,speaker,A bird made of a diamond and two triangles. The smallest shape.,1771783525656,45.0,1.0
01KJ33KJSZTPJ1ZX8A32CVKHSG,01KJ36S9WMXE213E46DEZKMFAJ,1.0,refgame,2.0,page5-64,B,01KJ36ETQEFCRFP2MBHTV3TAYN,Player,speaker,looks like a bird,1771783526677,45.0,1.0
01KJ33KJSZTPJ1ZX8A32CVKHSG,01KJ36S9WYWVGR3FDHFFW65KBJ,4.0,refgame,1.0,page9-27,B,01KJ36ETQEFCRFP2MBHTV3TAYN,Zuda,speaker,"a trapezoid at top, a square below it, and a triangle at the bottom",1771782925822,29.0,1.0
01KJ33KJSZTPJ1ZX8A32CVKHSG,01KJ36S9WYWVGR3FDHFFW65KBJ,4.0,refgame,1.0,page9-27,C,01KJ36FPQT07Q8H1HTHKNR9ZHN,Felu,speaker,"Triangle facing down on top and up on bottom, t shaped",1771782933395,29.0,1.0
01KJ33KJSZTPJ1ZX8A32CVKHSG,01KJ36S9WYWVGR3FDHFFW65KBJ,4.0,refgame,1.0,page9-27,B,01KJ36ETQEFCRFP2MBHTV3TAYN,Zuda,speaker,trapezoid is upside down,1771782934524,29.0,1.0
01KJ33KJSZTPJ1ZX8A32CVKHSG,01KJ36S9WYWVGR3FDHFFW65KBJ,4.0,refgame,1.0,page9-27,A,01KJ36HPQGRRDA1JZ2BN1MDMN4,Minu,speaker,The large shape balanced on a triangle at the bottom,1771782939619,29.0,1.0
01KJ33KJSZTPJ1ZX8A32CVKHSG,01KJ36S9X7H9DSJXD2HBE4QB0R,1.0,refgame,2.0,page9-46,B,01KJ36ETQEFCRFP2MBHTV3TAYN,Player,speaker,recntangle has been eaten from left,1771783450654,43.0,1.0
01KJ33KJSZTPJ1ZX8A32CVKHSG,01KJ36S9X7H9DSJXD2HBE4QB0R,1.0,refgame,2.0,page9-46,A,01KJ36FPQT07Q8H1HTHKNR9ZHN,Player,speaker,backwards c,1771783451053,43.0,1.0
01KJ33KJSZTPJ1ZX8A32CVKHSG,01KJ36S9X7H9DSJXD2HBE4QB0R,1.0,refgame,2.0,page9-46,C,01KJ36HPQGRRDA1JZ2BN1MDMN4,Player,speaker,It looks like a wave with a notch cut out on the left.,1771783462689,43.0,1.0
01KJ33KJSZTPJ1ZX8A32CVKHSG,01KJ36S9XDEWRKFADTFF5JSPS0,1.0,refgame,2.0,page3-136,B,01KJ36ETQEFCRFP2MBHTV3TAYN,Player,speaker,Looks like a t shape,1771783418752,42.0,1.0
01KJ33KJSZTPJ1ZX8A32CVKHSG,01KJ36S9XDEWRKFADTFF5JSPS0,1.0,refgame,2.0,page3-136,A,01KJ36FPQT07Q8H1HTHKNR9ZHN,Player,speaker,T shaped with a triangle facing up on top,1771783429918,42.0,1.0
01KJ33KJSZTPJ1ZX8A32CVKHSG,01KJ36S9XDEWRKFADTFF5JSPS0,1.0,refgame,2.0,page3-136,C,01KJ36HPQGRRDA1JZ2BN1MDMN4,Player,speaker,It looks like a T or an axe,1771783435394,42.0,1.0
01KJ33KJSZTPJ1ZX8A32CVKHSG,01KJ36S9XM4VTXNG2YTK3NTNZR,0.0,refgame,2.0,page3-85,B,01KJ36FC5TV0WE77HY2CRQEVK9,Player,speaker,it's the shape of the letter J,1771783379027,41.0,1.0
01KJ33KJSZTPJ1ZX8A32CVKHSG,01KJ36S9XM4VTXNG2YTK3NTNZR,0.0,refgame,2.0,page3-85,A,01KJ36H4JT5FXT099834BWVZ2X,Player,speaker,looks like a sword piercing through something. Vertical up and down,1771783389383,41.0,1.0
01KJ33KJSZTPJ1ZX8A32CVKHSG,01KJ36S9XM4VTXNG2YTK3NTNZR,0.0,refgame,2.0,page3-85,C,01KJ36ET4XZJSBET24EAAPG563,Player,speaker,Upright rectangle with triangles sticking out from its sides,1771783389565,41.0,1.0
01KJ33KJSZTPJ1ZX8A32CVKHSG,01KJ36S9XV30059JQ67YJEA59K,0.0,refgame,2.0,page9-27,C,01KJ36ET4XZJSBET24EAAPG563,Player,speaker,Looks like a trophy,1771783350166,40.0,1.0
01KJ33KJSZTPJ1ZX8A32CVKHSG,01KJ36S9XV30059JQ67YJEA59K,0.0,refgame,2.0,page9-27,A,01KJ36H4JT5FXT099834BWVZ2X,Player,speaker,big shape balancing on a triangle. Looks like a flower.,1771783355453,40.0,1.0
01KJ33KJSZTPJ1ZX8A32CVKHSG,01KJ36S9XV30059JQ67YJEA59K,0.0,refgame,2.0,page9-27,B,01KJ36FC5TV0WE77HY2CRQEVK9,Player,speaker,there is a tiny triangle on bottom supported a pedastal,1771783358234,40.0,1.0
01KJ33KJSZTPJ1ZX8A32CVKHSG,01KJ36S9YBQVDJKD3QQ4SFXB15,0.0,refgame,2.0,page9-46,B,01KJ36FC5TV0WE77HY2CRQEVK9,Player,speaker,it's a backyards C,1771783303740,39.0,1.0
01KJ33KJSZTPJ1ZX8A32CVKHSG,01KJ36S9YBQVDJKD3QQ4SFXB15,0.0,refgame,2.0,page9-46,A,01KJ36H4JT5FXT099834BWVZ2X,Player,speaker,looks like a wave. notch missing on left and slanted on right,1771783307076,39.0,1.0
01KJ33KJSZTPJ1ZX8A32CVKHSG,01KJ36S9YBQVDJKD3QQ4SFXB15,0.0,refgame,2.0,page9-46,C,01KJ36ET4XZJSBET24EAAPG563,Player,speaker,Triangle with a bite taken out of it. Looks like a backward C,1771783310298,39.0,1.0
01KJ33KJSZTPJ1ZX8A32CVKHSG,01KJ36S9YM869YB8Z12FTPYZTW,0.0,refgame,2.0,page3-136,C,01KJ36ET4XZJSBET24EAAPG563,Player,speaker,Looks like a T,1771783270996,38.0,1.0
01KJ33KJSZTPJ1ZX8A32CVKHSG,01KJ36S9YM869YB8Z12FTPYZTW,0.0,refgame,2.0,page3-136,A,01KJ36H4JT5FXT099834BWVZ2X,Player,speaker,looks like an axe,1771783271670,38.0,1.0
01KJ33KJSZTPJ1ZX8A32CVKHSG,01KJ36S9YM869YB8Z12FTPYZTW,0.0,refgame,2.0,page3-136,B,01KJ36FC5TV0WE77HY2CRQEVK9,Player,speaker,it's a capital T and there is a tiny triangle on top of the T,1771783280000,38.0,1.0
01KJ33KJSZTPJ1ZX8A32CVKHSG,01KJ36S9YV5NNAKS0XGWSAJ0M9,0.0,refgame,2.0,page5-64,C,01KJ36ET4XZJSBET24EAAPG563,Player,speaker,triangle triangle parallelogram,1771783225846,37.0,1.0
01KJ33KJSZTPJ1ZX8A32CVKHSG,01KJ36S9YV5NNAKS0XGWSAJ0M9,0.0,refgame,2.0,page5-64,A,01KJ36H4JT5FXT099834BWVZ2X,Player,speaker,it looks like a bird with wings spread. the smallest shape,1771783229729,37.0,1.0
01KJ33KJSZTPJ1ZX8A32CVKHSG,01KJ36S9YV5NNAKS0XGWSAJ0M9,0.0,refgame,2.0,page5-64,B,01KJ36FC5TV0WE77HY2CRQEVK9,Player,speaker,"it has the lowest profile, could be a three leaf clover",1771783230513,37.0,1.0
01KJ33KJSZTPJ1ZX8A32CVKHSG,01KJ36S9YV5NNAKS0XGWSAJ0M9,0.0,refgame,2.0,page5-64,B,01KJ36ETQEFCRFP2MBHTV3TAYN,Player,listener,can you desribe one shape from it?,1771783246259,37.0,1.0
01KJ33KJSZTPJ1ZX8A32CVKHSG,01KJ36S9YV5NNAKS0XGWSAJ0M9,0.0,refgame,2.0,page5-64,B,01KJ36FC5TV0WE77HY2CRQEVK9,Player,speaker,maybe a bird,1771783254499,37.0,1.0
01KJ33KJSZTPJ1ZX8A32CVKHSG,01KJ36S9Z2HH6HJST21E4D4KGZ,0.0,refgame,2.0,page1-128,C,01KJ36ET4XZJSBET24EAAPG563,Player,speaker,Looks like a C,1771783194000,36.0,1.0
01KJ33KJSZTPJ1ZX8A32CVKHSG,01KJ36S9Z2HH6HJST21E4D4KGZ,0.0,refgame,2.0,page1-128,B,01KJ36FC5TV0WE77HY2CRQEVK9,Player,speaker,letter c facing the correct way,1771783195445,36.0,1.0
01KJ33KJSZTPJ1ZX8A32CVKHSG,01KJ36S9Z2HH6HJST21E4D4KGZ,0.0,refgame,2.0,page1-128,A,01KJ36H4JT5FXT099834BWVZ2X,Player,speaker,its a rectangle with a section cut out on the right side,1771783202577,36.0,1.0
01KJ33KJSZTPJ1ZX8A32CVKHSG,01KJ36S9ZAENNP0C7PP867NV36,5.0,refgame,1.0,page9-27,B,01KJ36HP23RMC93E849APAJY04,Bavi,speaker,a Trophy,1771782976137,30.0,1.0
01KJ33KJSZTPJ1ZX8A32CVKHSG,01KJ36S9ZAENNP0C7PP867NV36,5.0,refgame,1.0,page9-27,A,01KJ36JHZG7RJW8JFPYPM1ZBSD,Laju,speaker,it's the large shape balancing on the tiny triangle,1771782981710,30.0,1.0
01KJ33KJSZTPJ1ZX8A32CVKHSG,01KJ36S9ZAENNP0C7PP867NV36,5.0,refgame,1.0,page9-27,C,01KJ36F4YDX6CZ5RBVN7KN0VFA,Nori,speaker,upside down triangle with a triangle facing up on bottom,1771782986087,30.0,1.0
01KJ33KJSZTPJ1ZX8A32CVKHSG,01KJ36S9ZE6KK584DD2HKQ6X53,3.0,refgame,2.0,page3-136,C,01KJ36ET4XZJSBET24EAAPG563,Player,speaker,Looks like a T,1771783984324,58.0,1.0
01KJ33KJSZTPJ1ZX8A32CVKHSG,01KJ36S9ZE6KK584DD2HKQ6X53,3.0,refgame,2.0,page3-136,A,01KJ36H4JT5FXT099834BWVZ2X,Player,speaker,looks like an axe or the letter T,1771783987583,58.0,1.0
01KJ33KJSZTPJ1ZX8A32CVKHSG,01KJ36S9ZE6KK584DD2HKQ6X53,3.0,refgame,2.0,page3-136,B,01KJ36FC5TV0WE77HY2CRQEVK9,Player,speaker,it's a capital T with a tiny triangle on top,1771783989287,58.0,1.0
01KJ33KJSZTPJ1ZX8A32CVKHSG,01KJ36S9ZJND79Q1PW99FJA5W1,3.0,refgame,2.0,page1-128,A,01KJ36H4JT5FXT099834BWVZ2X,Player,speaker,Letter C,1771784004198,59.0,1.0
01KJ33KJSZTPJ1ZX8A32CVKHSG,01KJ36S9ZJND79Q1PW99FJA5W1,3.0,refgame,2.0,page1-128,C,01KJ36ET4XZJSBET24EAAPG563,Player,speaker,Looks a little like a C,1771784007209,59.0,1.0
01KJ33KJSZTPJ1ZX8A32CVKHSG,01KJ36S9ZJND79Q1PW99FJA5W1,3.0,refgame,2.0,page1-128,B,01KJ36FC5TV0WE77HY2CRQEVK9,Player,speaker,A correct facing C,1771784007311,59.0,1.0
01KJ33KJSZTPJ1ZX8A32CVKHSG,01KJ36S9ZW98KGWQV00FFSYZ77,4.0,refgame,2.0,page3-136,A,01KJ36ETQEFCRFP2MBHTV3TAYN,Player,speaker,looks like a t,1771784028021,60.0,1.0
01KJ33KJSZTPJ1ZX8A32CVKHSG,01KJ36S9ZW98KGWQV00FFSYZ77,4.0,refgame,2.0,page3-136,C,01KJ36FPQT07Q8H1HTHKNR9ZHN,Player,speaker,Letter t with a triangle facing up on the top,1771784036456,60.0,1.0
01KJ33KJSZTPJ1ZX8A32CVKHSG,01KJ36S9ZW98KGWQV00FFSYZ77,4.0,refgame,2.0,page3-136,A,01KJ36FC5TV0WE77HY2CRQEVK9,Player,listener,capital T?,1771784037866,60.0,1.0
01KJ33KJSZTPJ1ZX8A32CVKHSG,01KJ36S9ZW98KGWQV00FFSYZ77,4.0,refgame,2.0,page3-136,A,01KJ36ETQEFCRFP2MBHTV3TAYN,Player,speaker,yes,1771784038790,60.0,1.0
01KJ33KJSZTPJ1ZX8A32CVKHSG,01KJ36S9ZW98KGWQV00FFSYZ77,4.0,refgame,2.0,page3-136,B,01KJ36HPQGRRDA1JZ2BN1MDMN4,Player,speaker,letter T,1771784053276,60.0,1.0
01KJ33KJSZTPJ1ZX8A32CVKHSG,01KJ36SA01H9K10A82Z4S4SDW8,4.0,refgame,2.0,page1-128,A,01KJ36ETQEFCRFP2MBHTV3TAYN,Player,speaker,looks like a c,1771784059591,61.0,1.0
01KJ33KJSZTPJ1ZX8A32CVKHSG,01KJ36SA01H9K10A82Z4S4SDW8,4.0,refgame,2.0,page1-128,A,01KJ36ETQEFCRFP2MBHTV3TAYN,Player,speaker,witha  rectangle eaten from right,1771784064070,61.0,1.0
01KJ33KJSZTPJ1ZX8A32CVKHSG,01KJ36SA01H9K10A82Z4S4SDW8,4.0,refgame,2.0,page1-128,C,01KJ36FPQT07Q8H1HTHKNR9ZHN,Player,speaker,Letter C,1771784064356,61.0,1.0
01KJ33KJSZTPJ1ZX8A32CVKHSG,01KJ36SA01H9K10A82Z4S4SDW8,4.0,refgame,2.0,page1-128,B,01KJ36HPQGRRDA1JZ2BN1MDMN4,Player,speaker,letter C,1771784069191,61.0,1.0
01KJ33KJSZTPJ1ZX8A32CVKHSG,01KJ36SA0592V5WFRE4SBWY9FK,4.0,refgame,2.0,page5-64,C,01KJ36FPQT07Q8H1HTHKNR9ZHN,Player,speaker,"smallest shape, lowest profile",1771784081322,62.0,1.0
01KJ33KJSZTPJ1ZX8A32CVKHSG,01KJ36SA0592V5WFRE4SBWY9FK,4.0,refgame,2.0,page5-64,A,01KJ36ETQEFCRFP2MBHTV3TAYN,Player,speaker,3 shapes triangle triangle parallelogram,1771784085439,62.0,1.0
01KJ33KJSZTPJ1ZX8A32CVKHSG,01KJ36SA0592V5WFRE4SBWY9FK,4.0,refgame,2.0,page5-64,B,01KJ36HPQGRRDA1JZ2BN1MDMN4,Player,speaker,bird made of triangles and diamond,1771784089469,62.0,1.0
01KJ33KJSZTPJ1ZX8A32CVKHSG,01KJ36SA0592V5WFRE4SBWY9FK,4.0,refgame,2.0,page5-64,A,01KJ36ETQEFCRFP2MBHTV3TAYN,Player,speaker,also looks likes a bird,1771784091645,62.0,1.0
01KJ33KJSZTPJ1ZX8A32CVKHSG,01KJ36SA0HS53MP3X566TTVF5X,4.0,refgame,1.0,page1-128,B,01KJ36ETQEFCRFP2MBHTV3TAYN,Zuda,speaker,rectangle being eaten from right,1771782887585,28.0,1.0
01KJ33KJSZTPJ1ZX8A32CVKHSG,01KJ36SA0HS53MP3X566TTVF5X,4.0,refgame,1.0,page1-128,C,01KJ36FPQT07Q8H1HTHKNR9ZHN,Felu,speaker,C facing right way,1771782888815,28.0,1.0
01KJ33KJSZTPJ1ZX8A32CVKHSG,01KJ36SA0HS53MP3X566TTVF5X,4.0,refgame,1.0,page1-128,B,01KJ36ETQEFCRFP2MBHTV3TAYN,Zuda,speaker,looks like c,1771782889728,28.0,1.0
01KJ33KJSZTPJ1ZX8A32CVKHSG,01KJ36SA0HS53MP3X566TTVF5X,4.0,refgame,1.0,page1-128,A,01KJ36HPQGRRDA1JZ2BN1MDMN4,Minu,speaker,The rectangle with a notch cut out of the right side,1771782902696,28.0,1.0
01KJ33KJSZTPJ1ZX8A32CVKHSG,01KJ36SA0SF7MFPNJ09NN2B60A,4.0,refgame,1.0,page3-85,C,01KJ36FPQT07Q8H1HTHKNR9ZHN,Felu,speaker,J,1771782864833,27.0,1.0
01KJ33KJSZTPJ1ZX8A32CVKHSG,01KJ36SA0SF7MFPNJ09NN2B60A,4.0,refgame,1.0,page3-85,B,01KJ36ETQEFCRFP2MBHTV3TAYN,Zuda,speaker,a rectangle with triangles oging through it,1771782867592,27.0,1.0
01KJ33KJSZTPJ1ZX8A32CVKHSG,01KJ36SA0SF7MFPNJ09NN2B60A,4.0,refgame,1.0,page3-85,A,01KJ36HPQGRRDA1JZ2BN1MDMN4,Minu,speaker,The upside-down sword,1771782878322,27.0,1.0
01KJ33KJSZTPJ1ZX8A32CVKHSG,01KJ36SA0YQ4YWD8KVA3PS76Q4,4.0,refgame,1.0,page3-136,B,01KJ36ETQEFCRFP2MBHTV3TAYN,Zuda,speaker,T shape,1771782837509,26.0,1.0
01KJ33KJSZTPJ1ZX8A32CVKHSG,01KJ36SA0YQ4YWD8KVA3PS76Q4,4.0,refgame,1.0,page3-136,C,01KJ36FPQT07Q8H1HTHKNR9ZHN,Felu,speaker,t with triangle on top,1771782848997,26.0,1.0
01KJ33KJSZTPJ1ZX8A32CVKHSG,01KJ36SA0YQ4YWD8KVA3PS76Q4,4.0,refgame,1.0,page3-136,A,01KJ36HPQGRRDA1JZ2BN1MDMN4,Minu,speaker,The axe,1771782850372,26.0,1.0
01KJ33KJSZTPJ1ZX8A32CVKHSG,01KJ36SA17WT5ZRF9YCKTX5TRR,4.0,refgame,1.0,page9-46,C,01KJ36FPQT07Q8H1HTHKNR9ZHN,Felu,speaker,backwards c,1771782816867,25.0,1.0
01KJ33KJSZTPJ1ZX8A32CVKHSG,01KJ36SA17WT5ZRF9YCKTX5TRR,4.0,refgame,1.0,page9-46,B,01KJ36ETQEFCRFP2MBHTV3TAYN,Zuda,speaker,rectangle being eaten from left,1771782817975,25.0,1.0
01KJ33KJSZTPJ1ZX8A32CVKHSG,01KJ36SA17WT5ZRF9YCKTX5TRR,4.0,refgame,1.0,page9-46,A,01KJ36HPQGRRDA1JZ2BN1MDMN4,Minu,speaker,The wave,1771782824222,25.0,1.0
01KJ33KJSZTPJ1ZX8A32CVKHSG,01KJ36SA1DR0T2MEJ3MT3JQ39S,4.0,refgame,1.0,page5-64,B,01KJ36ETQEFCRFP2MBHTV3TAYN,Zuda,speaker,"3 shapes, a triangle a right triangle and a aprallelogram",1771782793170,24.0,1.0
01KJ33KJSZTPJ1ZX8A32CVKHSG,01KJ36SA1DR0T2MEJ3MT3JQ39S,4.0,refgame,1.0,page5-64,C,01KJ36FPQT07Q8H1HTHKNR9ZHN,Felu,speaker,low profile,1771782795350,24.0,1.0
01KJ33KJSZTPJ1ZX8A32CVKHSG,01KJ36SA1DR0T2MEJ3MT3JQ39S,4.0,refgame,1.0,page5-64,A,01KJ36HPQGRRDA1JZ2BN1MDMN4,Minu,speaker,The bird with triangles and a diamond,1771782805029,24.0,1.0
01KJ33KJSZTPJ1ZX8A32CVKHSG,01KJ36SA1JNM4Q8KC1F546TD12,5.0,refgame,1.0,page5-64,C,01KJ36F4YDX6CZ5RBVN7KN0VFA,Nori,speaker,lowest profile,1771783123652,35.0,1.0
01KJ33KJSZTPJ1ZX8A32CVKHSG,01KJ36SA1JNM4Q8KC1F546TD12,5.0,refgame,1.0,page5-64,A,01KJ36JHZG7RJW8JFPYPM1ZBSD,Laju,speaker,it looks like a bird made out of triangles and a diamond,1771783126477,35.0,1.0
01KJ33KJSZTPJ1ZX8A32CVKHSG,01KJ36SA1JNM4Q8KC1F546TD12,5.0,refgame,1.0,page5-64,B,01KJ36HP23RMC93E849APAJY04,Bavi,speaker,"triangle, parallagram,triangle",1771783134755,35.0,1.0
01KJ33KJSZTPJ1ZX8A32CVKHSG,01KJ36SA1RVM2ENEF79G49SB3R,5.0,refgame,1.0,page3-85,C,01KJ36F4YDX6CZ5RBVN7KN0VFA,Nori,speaker,letter j,1771783093860,34.0,1.0
01KJ33KJSZTPJ1ZX8A32CVKHSG,01KJ36SA1RVM2ENEF79G49SB3R,5.0,refgame,1.0,page3-85,A,01KJ36JHZG7RJW8JFPYPM1ZBSD,Laju,speaker,it looks like an upside down sword,1771783105027,34.0,1.0
01KJ33KJSZTPJ1ZX8A32CVKHSG,01KJ36SA1RVM2ENEF79G49SB3R,5.0,refgame,1.0,page3-85,B,01KJ36HP23RMC93E849APAJY04,Bavi,speaker,long rectangle with triangles sticking out,1771783106457,34.0,1.0
01KJ33KJSZTPJ1ZX8A32CVKHSG,01KJ36SA21BBWY0QG60E2K48J4,5.0,refgame,1.0,page1-128,C,01KJ36F4YDX6CZ5RBVN7KN0VFA,Nori,speaker,c facing the right way,1771783074162,33.0,1.0
01KJ33KJSZTPJ1ZX8A32CVKHSG,01KJ36SA21BBWY0QG60E2K48J4,5.0,refgame,1.0,page1-128,A,01KJ36JHZG7RJW8JFPYPM1ZBSD,Laju,speaker,the long rectangle with a chunk missing,1771783074526,33.0,1.0
01KJ33KJSZTPJ1ZX8A32CVKHSG,01KJ36SA21BBWY0QG60E2K48J4,5.0,refgame,1.0,page1-128,B,01KJ36HP23RMC93E849APAJY04,Bavi,speaker,looks like C,1771783077151,33.0,1.0
01KJ33KJSZTPJ1ZX8A32CVKHSG,01KJ36SA2A9SGW3CNY8YFN4JAZ,5.0,refgame,1.0,page9-46,C,01KJ36F4YDX6CZ5RBVN7KN0VFA,Nori,speaker,backwards c,1771783050625,32.0,1.0
01KJ33KJSZTPJ1ZX8A32CVKHSG,01KJ36SA2A9SGW3CNY8YFN4JAZ,5.0,refgame,1.0,page9-46,A,01KJ36JHZG7RJW8JFPYPM1ZBSD,Laju,speaker,it's a wave with a notch cut out,1771783053553,32.0,1.0
01KJ33KJSZTPJ1ZX8A32CVKHSG,01KJ36SA2A9SGW3CNY8YFN4JAZ,5.0,refgame,1.0,page9-46,B,01KJ36HP23RMC93E849APAJY04,Bavi,speaker,Backwards C,1771783058601,32.0,1.0
01KJ33KJSZTPJ1ZX8A32CVKHSG,01KJ36SA2HQ6BM8234ENRDTZ53,5.0,refgame,1.0,page3-136,A,01KJ36JHZG7RJW8JFPYPM1ZBSD,Laju,speaker,it looks like an axe,1771783021357,31.0,1.0
01KJ33KJSZTPJ1ZX8A32CVKHSG,01KJ36SA2HQ6BM8234ENRDTZ53,5.0,refgame,1.0,page3-136,B,01KJ36HP23RMC93E849APAJY04,Bavi,speaker,a T,1771783021876,31.0,1.0
01KJ33KJSZTPJ1ZX8A32CVKHSG,01KJ36SA2HQ6BM8234ENRDTZ53,5.0,refgame,1.0,page3-136,C,01KJ36F4YDX6CZ5RBVN7KN0VFA,Nori,speaker,a T with a triangle pointing up,1771783034213,31.0,1.0
01KJ33KJSZTPJ1ZX8A32CVKHSG,01KJ36SA2PD41KC83Y1VFC50ZY,2.0,refgame,1.0,page3-85,C,01KJ36F4YDX6CZ5RBVN7KN0VFA,Nori,speaker,the letter j,1771782550371,17.0,1.0
01KJ33KJSZTPJ1ZX8A32CVKHSG,01KJ36SA2PD41KC83Y1VFC50ZY,2.0,refgame,1.0,page3-85,A,01KJ36JHZG7RJW8JFPYPM1ZBSD,Laju,speaker,it's a vertical image with a triangle on the bottom and it kind of looks like a sword,1771782569420,17.0,1.0
01KJ33KJSZTPJ1ZX8A32CVKHSG,01KJ36SA2PD41KC83Y1VFC50ZY,2.0,refgame,1.0,page3-85,B,01KJ36HP23RMC93E849APAJY04,Bavi,speaker,long rectangle with Triangles sticking out,1771782580292,17.0,1.0
01KJ33KJSZTPJ1ZX8A32CVKHSG,01KJ36SA2V8KZ87181PFTFZBT0,2.0,refgame,1.0,page9-27,B,01KJ36HP23RMC93E849APAJY04,Bavi,speaker,looks like a Trophy,1771782515226,16.0,1.0
01KJ33KJSZTPJ1ZX8A32CVKHSG,01KJ36SA2V8KZ87181PFTFZBT0,2.0,refgame,1.0,page9-27,A,01KJ36JHZG7RJW8JFPYPM1ZBSD,Laju,speaker,it's got a tiny triangle on the bottom holding up a bigger triangle and a square,1771782523163,16.0,1.0
01KJ33KJSZTPJ1ZX8A32CVKHSG,01KJ36SA2V8KZ87181PFTFZBT0,2.0,refgame,1.0,page9-27,C,01KJ36F4YDX6CZ5RBVN7KN0VFA,Nori,speaker,an upside down triangle with a triangle pointing up on bottom,1771782523521,16.0,1.0
01KJ33KJSZTPJ1ZX8A32CVKHSG,01KJ36SA2ZA50WTYR6WME7BX1Q,2.0,refgame,1.0,page5-64,C,01KJ36F4YDX6CZ5RBVN7KN0VFA,Nori,speaker,lowest profile,1771782479390,15.0,1.0
01KJ33KJSZTPJ1ZX8A32CVKHSG,01KJ36SA2ZA50WTYR6WME7BX1Q,2.0,refgame,1.0,page5-64,B,01KJ36HP23RMC93E849APAJY04,Bavi,speaker,looks like a Bird,1771782483284,15.0,1.0
01KJ33KJSZTPJ1ZX8A32CVKHSG,01KJ36SA2ZA50WTYR6WME7BX1Q,2.0,refgame,1.0,page5-64,A,01KJ36JHZG7RJW8JFPYPM1ZBSD,Laju,speaker,it looks like a bird flapping its wings made out of triangles and a diamond,1771782492239,15.0,1.0
01KJ33KJSZTPJ1ZX8A32CVKHSG,01KJ36SA33VXZ2NZHRS7N88Q2C,3.0,refgame,1.0,page3-85,A,01KJ36H4JT5FXT099834BWVZ2X,Repi,speaker,the one that kinda looks like a sword,1771782758235,23.0,1.0
01KJ33KJSZTPJ1ZX8A32CVKHSG,01KJ36SA33VXZ2NZHRS7N88Q2C,3.0,refgame,1.0,page3-85,C,01KJ36FC5TV0WE77HY2CRQEVK9,Lika,speaker,letter J,1771782758608,23.0,1.0
01KJ33KJSZTPJ1ZX8A32CVKHSG,01KJ36SA33VXZ2NZHRS7N88Q2C,3.0,refgame,1.0,page3-85,B,01KJ36ET4XZJSBET24EAAPG563,Hera,speaker,Upright rectangle with triangles sticking out on the sides,1771782772159,23.0,1.0
01KJ33KJSZTPJ1ZX8A32CVKHSG,01KJ36SA39H4KMPPFTX7V4TW4C,3.0,refgame,1.0,page9-46,A,01KJ36H4JT5FXT099834BWVZ2X,Repi,speaker,the wave,1771782719491,22.0,1.0
01KJ33KJSZTPJ1ZX8A32CVKHSG,01KJ36SA39H4KMPPFTX7V4TW4C,3.0,refgame,1.0,page9-46,C,01KJ36FC5TV0WE77HY2CRQEVK9,Lika,speaker,backwards c,1771782720651,22.0,1.0
01KJ33KJSZTPJ1ZX8A32CVKHSG,01KJ36SA39H4KMPPFTX7V4TW4C,3.0,refgame,1.0,page9-46,B,01KJ36ET4XZJSBET24EAAPG563,Hera,speaker,Partial triangle looks like a backwards C,1771782730113,22.0,1.0
01KJ33KJSZTPJ1ZX8A32CVKHSG,01KJ36SA3G3PW4PR47Z99QRZ4B,3.0,refgame,1.0,page1-128,A,01KJ36H4JT5FXT099834BWVZ2X,Repi,speaker,rectangle with a chunk missing,1771782698086,21.0,1.0
01KJ33KJSZTPJ1ZX8A32CVKHSG,01KJ36SA3G3PW4PR47Z99QRZ4B,3.0,refgame,1.0,page1-128,C,01KJ36FC5TV0WE77HY2CRQEVK9,Lika,speaker,C facing correct way,1771782698861,21.0,1.0
01KJ33KJSZTPJ1ZX8A32CVKHSG,01KJ36SA3G3PW4PR47Z99QRZ4B,3.0,refgame,1.0,page1-128,B,01KJ36ET4XZJSBET24EAAPG563,Hera,speaker,Upright rectangle looks like a C,1771782702269,21.0,1.0
01KJ33KJSZTPJ1ZX8A32CVKHSG,01KJ36SA3RF4SJXWS77GCQ0F3K,3.0,refgame,1.0,page5-64,C,01KJ36FC5TV0WE77HY2CRQEVK9,Lika,speaker,low profile,1771782673621,20.0,1.0
01KJ33KJSZTPJ1ZX8A32CVKHSG,01KJ36SA3RF4SJXWS77GCQ0F3K,3.0,refgame,1.0,page5-64,A,01KJ36H4JT5FXT099834BWVZ2X,Repi,speaker,looks like a bird,1771782673764,20.0,1.0
01KJ33KJSZTPJ1ZX8A32CVKHSG,01KJ36SA3RF4SJXWS77GCQ0F3K,3.0,refgame,1.0,page5-64,B,01KJ36ET4XZJSBET24EAAPG563,Hera,speaker,triangle triangle parallelogram,1771782678497,20.0,1.0
01KJ33KJSZTPJ1ZX8A32CVKHSG,01KJ36SA40AZKM5E3X37P0YJE2,3.0,refgame,1.0,page3-136,B,01KJ36ET4XZJSBET24EAAPG563,Hera,speaker,Looks like a T,1771782639300,19.0,1.0
01KJ33KJSZTPJ1ZX8A32CVKHSG,01KJ36SA40AZKM5E3X37P0YJE2,3.0,refgame,1.0,page3-136,A,01KJ36H4JT5FXT099834BWVZ2X,Repi,speaker,looks like an axe,1771782642727,19.0,1.0
01KJ33KJSZTPJ1ZX8A32CVKHSG,01KJ36SA40AZKM5E3X37P0YJE2,3.0,refgame,1.0,page3-136,C,01KJ36FC5TV0WE77HY2CRQEVK9,Lika,speaker,A T with a triangle on top facing up,1771782647353,19.0,1.0
01KJ33KJSZTPJ1ZX8A32CVKHSG,01KJ36SA46FE8SJQ8B5QM3TEHC,3.0,refgame,1.0,page9-27,B,01KJ36ET4XZJSBET24EAAPG563,Hera,speaker,Looks like a trophy,1771782595820,18.0,1.0
01KJ33KJSZTPJ1ZX8A32CVKHSG,01KJ36SA46FE8SJQ8B5QM3TEHC,3.0,refgame,1.0,page9-27,A,01KJ36H4JT5FXT099834BWVZ2X,Repi,speaker,it's a bigger shape balancing on a triangle.,1771782604465,18.0,1.0
01KJ33KJSZTPJ1ZX8A32CVKHSG,01KJ36SA46FE8SJQ8B5QM3TEHC,3.0,refgame,1.0,page9-27,C,01KJ36FC5TV0WE77HY2CRQEVK9,Lika,speaker,"Bottom triangle facing up, with a pedestal on top",1771782614125,18.0,1.0
01KJ33KJSZTPJ1ZX8A32CVKHSG,01KJ36SA4CKJHM60GFYCCXC49W,2.0,refgame,1.0,page3-136,B,01KJ36HP23RMC93E849APAJY04,Bavi,speaker,Looks like T,1771782451656,14.0,1.0
01KJ33KJSZTPJ1ZX8A32CVKHSG,01KJ36SA4CKJHM60GFYCCXC49W,2.0,refgame,1.0,page3-136,A,01KJ36JHZG7RJW8JFPYPM1ZBSD,Laju,speaker,it looks like an axe,1771782452293,14.0,1.0
01KJ33KJSZTPJ1ZX8A32CVKHSG,01KJ36SA4CKJHM60GFYCCXC49W,2.0,refgame,1.0,page3-136,C,01KJ36F4YDX6CZ5RBVN7KN0VFA,Nori,speaker,a T with a triangle pointing up,1771782459320,14.0,1.0
01KJ33KJSZTPJ1ZX8A32CVKHSG,01KJ36SA4J68RP0KT1WYRSFFCB,2.0,refgame,2.0,page3-136,B,01KJ36JHZG7RJW8JFPYPM1ZBSD,Player,speaker,it looks like an axe,1771783698831,50.0,1.0
01KJ33KJSZTPJ1ZX8A32CVKHSG,01KJ36SA4J68RP0KT1WYRSFFCB,2.0,refgame,2.0,page3-136,A,01KJ36HP23RMC93E849APAJY04,Player,speaker,looks like the letter T,1771783701377,50.0,1.0
01KJ33KJSZTPJ1ZX8A32CVKHSG,01KJ36SA4J68RP0KT1WYRSFFCB,2.0,refgame,2.0,page3-136,C,01KJ36F4YDX6CZ5RBVN7KN0VFA,Player,speaker,a t shape with a triangle pointing up,1771783704588,50.0,1.0
01KJ33KJSZTPJ1ZX8A32CVKHSG,01KJ36SA4RMB827B29M12C5MKN,2.0,refgame,2.0,page1-128,C,01KJ36F4YDX6CZ5RBVN7KN0VFA,Player,speaker,a c facing the right way,1771783662854,49.0,1.0
01KJ33KJSZTPJ1ZX8A32CVKHSG,01KJ36SA4RMB827B29M12C5MKN,2.0,refgame,2.0,page1-128,B,01KJ36JHZG7RJW8JFPYPM1ZBSD,Player,speaker,it's a long rectangle with a notch cut out on the right side,1771783666453,49.0,1.0
01KJ33KJSZTPJ1ZX8A32CVKHSG,01KJ36SA4RMB827B29M12C5MKN,2.0,refgame,2.0,page1-128,A,01KJ36HP23RMC93E849APAJY04,Player,speaker,looks like the letter C,1771783671019,49.0,1.0
01KJ33KJSZTPJ1ZX8A32CVKHSG,01KJ36SA4Z4GX1QW223A8MDRK2,2.0,refgame,2.0,page9-27,B,01KJ36JHZG7RJW8JFPYPM1ZBSD,Player,speaker,its a large shape balancing on a tiny triangle,1771783631575,48.0,1.0
01KJ33KJSZTPJ1ZX8A32CVKHSG,01KJ36SA4Z4GX1QW223A8MDRK2,2.0,refgame,2.0,page9-27,A,01KJ36HP23RMC93E849APAJY04,Player,speaker,looks like a Trophy,1771783633244,48.0,1.0
01KJ33KJSZTPJ1ZX8A32CVKHSG,01KJ36SA4Z4GX1QW223A8MDRK2,2.0,refgame,2.0,page9-27,C,01KJ36F4YDX6CZ5RBVN7KN0VFA,Player,speaker,upside down triangle with a triangle pointing up on bottom,1771783639709,48.0,1.0
01KJ33KJSZTPJ1ZX8A32CVKHSG,01KJ36SA52CGXZM1G2WWDP8MKN,1.0,refgame,2.0,page9-27,B,01KJ36ETQEFCRFP2MBHTV3TAYN,Player,speaker,looks like a trophey,1771783580728,47.0,1.0
01KJ33KJSZTPJ1ZX8A32CVKHSG,01KJ36SA52CGXZM1G2WWDP8MKN,1.0,refgame,2.0,page9-27,B,01KJ36ETQEFCRFP2MBHTV3TAYN,Player,speaker,has a traingle at the bottom witha  square touching its tip,1771783587917,47.0,1.0
01KJ33KJSZTPJ1ZX8A32CVKHSG,01KJ36SA52CGXZM1G2WWDP8MKN,1.0,refgame,2.0,page9-27,A,01KJ36FPQT07Q8H1HTHKNR9ZHN,Player,speaker,upside down triangle on top with a triangle facing up on the bottom holding up the rest,1771783594421,47.0,1.0
01KJ33KJSZTPJ1ZX8A32CVKHSG,01KJ36SA52CGXZM1G2WWDP8MKN,1.0,refgame,2.0,page9-27,C,01KJ36HPQGRRDA1JZ2BN1MDMN4,Player,speaker,The large shape balanced on a small triangle at the bottom,1771783599118,47.0,1.0
01KJ33KJSZTPJ1ZX8A32CVKHSG,01KJ36SA5CFGJ0EMFDKZAWQQAD,3.0,refgame,2.0,page9-46,B,01KJ36FC5TV0WE77HY2CRQEVK9,Player,speaker,backwards c,1771783953189,57.0,1.0
01KJ33KJSZTPJ1ZX8A32CVKHSG,01KJ36SA5CFGJ0EMFDKZAWQQAD,3.0,refgame,2.0,page9-46,C,01KJ36ET4XZJSBET24EAAPG563,Player,speaker,Looks a little like a backwards C,1771783955666,57.0,1.0
01KJ33KJSZTPJ1ZX8A32CVKHSG,01KJ36SA5CFGJ0EMFDKZAWQQAD,3.0,refgame,2.0,page9-46,A,01KJ36H4JT5FXT099834BWVZ2X,Player,speaker,looks like a wave. Notch cut out on left side and slanted on right.,1771783958059,57.0,1.0
01KJ33KJSZTPJ1ZX8A32CVKHSG,01KJ36SA5JG1XQN3022Q22F76W,3.0,refgame,2.0,page5-64,B,01KJ36FC5TV0WE77HY2CRQEVK9,Player,speaker,"low profile, looks like a bird",1771783912562,56.0,1.0
01KJ33KJSZTPJ1ZX8A32CVKHSG,01KJ36SA5JG1XQN3022Q22F76W,3.0,refgame,2.0,page5-64,A,01KJ36H4JT5FXT099834BWVZ2X,Player,speaker,smallest shape. looks like a bird with wings spread,1771783915942,56.0,1.0
01KJ33KJSZTPJ1ZX8A32CVKHSG,01KJ36SA5JG1XQN3022Q22F76W,3.0,refgame,2.0,page5-64,C,01KJ36ET4XZJSBET24EAAPG563,Player,speaker,3 shapes: triangle triangle parallelogram,1771783920533,56.0,1.0
01KJ33KJSZTPJ1ZX8A32CVKHSG,01KJ36SA5S3QQDMSSFR1J6Y0SA,3.0,refgame,2.0,page3-85,B,01KJ36FC5TV0WE77HY2CRQEVK9,Player,speaker,Looks like the letter J,1771783885280,55.0,1.0
01KJ33KJSZTPJ1ZX8A32CVKHSG,01KJ36SA5S3QQDMSSFR1J6Y0SA,3.0,refgame,2.0,page3-85,C,01KJ36ET4XZJSBET24EAAPG563,Player,speaker,Looks sort of like the letter J,1771783889700,55.0,1.0
01KJ33KJSZTPJ1ZX8A32CVKHSG,01KJ36SA5S3QQDMSSFR1J6Y0SA,3.0,refgame,2.0,page3-85,A,01KJ36H4JT5FXT099834BWVZ2X,Player,speaker,looks like a sword piercing through something or the letter j,1771783891022,55.0,1.0
01KJ33KJSZTPJ1ZX8A32CVKHSG,01KJ36SA5ZHSV8930WX1PR6CAR,2.0,refgame,2.0,page5-64,C,01KJ36F4YDX6CZ5RBVN7KN0VFA,Player,speaker,lowest profile,1771783757920,52.0,1.0
01KJ33KJSZTPJ1ZX8A32CVKHSG,01KJ36SA5ZHSV8930WX1PR6CAR,2.0,refgame,2.0,page5-64,B,01KJ36JHZG7RJW8JFPYPM1ZBSD,Player,speaker,it looks like a bird flapping its wings made of triangles and a diamond,1771783766906,52.0,1.0
01KJ33KJSZTPJ1ZX8A32CVKHSG,01KJ36SA5ZHSV8930WX1PR6CAR,2.0,refgame,2.0,page5-64,A,01KJ36HP23RMC93E849APAJY04,Player,speaker,"triangle, parallagram,triangle... also looks like a bird",1771783778503,52.0,1.0
01KJ33KJSZTPJ1ZX8A32CVKHSG,01KJ36SA664JSKRGFG19D7G6CF,2.0,refgame,2.0,page3-85,C,01KJ36F4YDX6CZ5RBVN7KN0VFA,Player,speaker,letter j,1771783796071,53.0,1.0
01KJ33KJSZTPJ1ZX8A32CVKHSG,01KJ36SA664JSKRGFG19D7G6CF,2.0,refgame,2.0,page3-85,B,01KJ36JHZG7RJW8JFPYPM1ZBSD,Player,speaker,"it looks like it's an upside down sword, kind of looks like the letter J on the bottom",1771783814066,53.0,1.0
01KJ33KJSZTPJ1ZX8A32CVKHSG,01KJ36SA664JSKRGFG19D7G6CF,2.0,refgame,2.0,page3-85,A,01KJ36HP23RMC93E849APAJY04,Player,speaker,long rectangle with trianlgs sticking out.... also looks like the letter J,1771783823986,53.0,1.0
01KJ33KJSZTPJ1ZX8A32CVKHSG,01KJ36SA9Y6ZTDR4393GRPWB4Q,5.0,refgame,2.0,page5-64,A,01KJ36F4YDX6CZ5RBVN7KN0VFA,Player,speaker,low profile,1771784230446,67.0,1.0
01KJ33KJSZTPJ1ZX8A32CVKHSG,01KJ36SA9Y6ZTDR4393GRPWB4Q,5.0,refgame,2.0,page5-64,C,01KJ36JHZG7RJW8JFPYPM1ZBSD,Player,speaker,"it looks like a bird flapping its wings made out of triangles and a diamond, the smallest shape",1771784244605,67.0,1.0
01KJ33KJSZTPJ1ZX8A32CVKHSG,01KJ36SA9Y6ZTDR4393GRPWB4Q,5.0,refgame,2.0,page5-64,B,01KJ36HP23RMC93E849APAJY04,Player,speaker,"triangle, parallagram, triangle...also looks like a bird",1771784251841,67.0,1.0
01KJ33KJSZTPJ1ZX8A32CVKHSG,01KJ36SAACRRYNN5VKHZKVB962,2.0,refgame,1.0,page1-128,C,01KJ36F4YDX6CZ5RBVN7KN0VFA,Nori,speaker,c facing the right way,1771782420128,13.0,1.0
01KJ33KJSZTPJ1ZX8A32CVKHSG,01KJ36SAACRRYNN5VKHZKVB962,2.0,refgame,1.0,page1-128,B,01KJ36HP23RMC93E849APAJY04,Bavi,speaker,looks like the letter C,1771782423579,13.0,1.0
01KJ33KJSZTPJ1ZX8A32CVKHSG,01KJ36SAACRRYNN5VKHZKVB962,2.0,refgame,1.0,page1-128,A,01KJ36JHZG7RJW8JFPYPM1ZBSD,Laju,speaker,it's a long up and down rectangle with a notch cut out,1771782431899,13.0,1.0
01KJ33KJSZTPJ1ZX8A32CVKHSG,01KJ36SAAZV7X6ZXAC3TN9PMEQ,5.0,refgame,2.0,page1-128,B,01KJ36HP23RMC93E849APAJY04,Player,speaker,the letter C,1771784371295,71.0,1.0
01KJ33KJSZTPJ1ZX8A32CVKHSG,01KJ36SAAZV7X6ZXAC3TN9PMEQ,5.0,refgame,2.0,page1-128,A,01KJ36F4YDX6CZ5RBVN7KN0VFA,Player,speaker,C facing the right way,1771784374135,71.0,1.0
01KJ33KJSZTPJ1ZX8A32CVKHSG,01KJ36SAAZV7X6ZXAC3TN9PMEQ,5.0,refgame,2.0,page1-128,C,01KJ36JHZG7RJW8JFPYPM1ZBSD,Player,speaker,it's a vertical long rectangle with a notch cut out of the right,1771784381102,71.0,1.0
01KJ33KJSZTPJ1ZX8A32CVKHSG,01KJ36SAB66130N1PWFYWTKR3Y,5.0,refgame,2.0,page3-85,A,01KJ36F4YDX6CZ5RBVN7KN0VFA,Player,speaker,letter j,1771784337386,70.0,1.0
01KJ33KJSZTPJ1ZX8A32CVKHSG,01KJ36SAB66130N1PWFYWTKR3Y,5.0,refgame,2.0,page3-85,C,01KJ36JHZG7RJW8JFPYPM1ZBSD,Player,speaker,"it looks like an upside down sword, or the letter J",1771784347869,70.0,1.0
01KJ33KJSZTPJ1ZX8A32CVKHSG,01KJ36SAB66130N1PWFYWTKR3Y,5.0,refgame,2.0,page3-85,B,01KJ36HP23RMC93E849APAJY04,Player,speaker,long rectangle with triangles sticking out... or the letter J,1771784355369,70.0,1.0
01KJ33KJSZTPJ1ZX8A32CVKHSG,01KJ36SABCK5MVA0EXCV6AA58N,5.0,refgame,2.0,page9-46,A,01KJ36F4YDX6CZ5RBVN7KN0VFA,Player,speaker,a backwards c,1771784297529,69.0,1.0
01KJ33KJSZTPJ1ZX8A32CVKHSG,01KJ36SABCK5MVA0EXCV6AA58N,5.0,refgame,2.0,page9-46,C,01KJ36JHZG7RJW8JFPYPM1ZBSD,Player,speaker,it looks like a wave with a slant on the side and a notch cut out on the left,1771784301844,69.0,1.0
01KJ33KJSZTPJ1ZX8A32CVKHSG,01KJ36SABCK5MVA0EXCV6AA58N,5.0,refgame,2.0,page9-46,B,01KJ36HP23RMC93E849APAJY04,Player,speaker,looks like a backward C...or wave with something missing on the left of it,1771784320848,69.0,1.0
01KJ33KJSZTPJ1ZX8A32CVKHSG,01KJ36SABJKHY9YAMNDHP5SEM2,5.0,refgame,2.0,page9-27,B,01KJ36HP23RMC93E849APAJY04,Player,speaker,looks like a Trophy,1771784198359,66.0,1.0
01KJ33KJSZTPJ1ZX8A32CVKHSG,01KJ36SABJKHY9YAMNDHP5SEM2,5.0,refgame,2.0,page9-27,A,01KJ36F4YDX6CZ5RBVN7KN0VFA,Player,speaker,upside down triangle with a triangle pointing up on bottom,1771784206154,66.0,1.0
01KJ33KJSZTPJ1ZX8A32CVKHSG,01KJ36SABJKHY9YAMNDHP5SEM2,5.0,refgame,2.0,page9-27,C,01KJ36JHZG7RJW8JFPYPM1ZBSD,Player,speaker,it's a tiny triangle on the bottom holding up a larger shape with a triangle,1771784208201,66.0,1.0
01KJ33KJSZTPJ1ZX8A32CVKHSG,01KJ36SABRESFHZD7G14TX3P9F,5.0,refgame,2.0,page3-136,B,01KJ36HP23RMC93E849APAJY04,Player,speaker,the letter T,1771784271124,68.0,1.0
01KJ33KJSZTPJ1ZX8A32CVKHSG,01KJ36SABRESFHZD7G14TX3P9F,5.0,refgame,2.0,page3-136,C,01KJ36JHZG7RJW8JFPYPM1ZBSD,Player,speaker,it looks like the letter T with a tiny triangle on top,1771784275589,68.0,1.0
01KJ33KJSZTPJ1ZX8A32CVKHSG,01KJ36SABRESFHZD7G14TX3P9F,5.0,refgame,2.0,page3-136,A,01KJ36F4YDX6CZ5RBVN7KN0VFA,Player,speaker,letter T with a triangle pointing up on top,1771784278971,68.0,1.0
01KJ33KJSZTPJ1ZX8A32CVKHSG,01KJ36SABXW3NZFCARFF6VEZN3,4.0,refgame,2.0,page3-85,A,01KJ36ETQEFCRFP2MBHTV3TAYN,Player,speaker,looks like a j,1771784162610,65.0,1.0
01KJ33KJSZTPJ1ZX8A32CVKHSG,01KJ36SABXW3NZFCARFF6VEZN3,4.0,refgame,2.0,page3-85,C,01KJ36FPQT07Q8H1HTHKNR9ZHN,Player,speaker,J looking shape,1771784170439,65.0,1.0
01KJ33KJSZTPJ1ZX8A32CVKHSG,01KJ36SABXW3NZFCARFF6VEZN3,4.0,refgame,2.0,page3-85,B,01KJ36HPQGRRDA1JZ2BN1MDMN4,Player,speaker,letter J or upside-down sword piercing polygon,1771784179778,65.0,1.0
01KJ33KJSZTPJ1ZX8A32CVKHSG,01KJ36SAC0QNYCB3EQTJHJ1VWJ,4.0,refgame,2.0,page9-27,A,01KJ36ETQEFCRFP2MBHTV3TAYN,Player,speaker,looks like a trophey,1771784126396,64.0,1.0
01KJ33KJSZTPJ1ZX8A32CVKHSG,01KJ36SAC0QNYCB3EQTJHJ1VWJ,4.0,refgame,2.0,page9-27,C,01KJ36FPQT07Q8H1HTHKNR9ZHN,Player,speaker,upside down triangle on top and on the bottom is a triangle facing up holding everything up,1771784141279,64.0,1.0
01KJ33KJSZTPJ1ZX8A32CVKHSG,01KJ36SAC0QNYCB3EQTJHJ1VWJ,4.0,refgame,2.0,page9-27,B,01KJ36HPQGRRDA1JZ2BN1MDMN4,Player,speaker,Letter Y balanced on small triangle at bottom,1771784142067,64.0,1.0
01KJ33KJSZTPJ1ZX8A32CVKHSG,01KJ36SAC9S274THH6T2TN2BKH,4.0,refgame,2.0,page9-46,A,01KJ36ETQEFCRFP2MBHTV3TAYN,Player,speaker,rectangle eaten from left,1771784105269,63.0,1.0
01KJ33KJSZTPJ1ZX8A32CVKHSG,01KJ36SAC9S274THH6T2TN2BKH,4.0,refgame,2.0,page9-46,A,01KJ36ETQEFCRFP2MBHTV3TAYN,Player,speaker,also backwards c,1771784108026,63.0,1.0
01KJ33KJSZTPJ1ZX8A32CVKHSG,01KJ36SAC9S274THH6T2TN2BKH,4.0,refgame,2.0,page9-46,C,01KJ36FPQT07Q8H1HTHKNR9ZHN,Player,speaker,backwards c or like a wave with slant on right side,1771784112879,63.0,1.0
01KJ33KJSZTPJ1ZX8A32CVKHSG,01KJ36SAC9S274THH6T2TN2BKH,4.0,refgame,2.0,page9-46,B,01KJ36HPQGRRDA1JZ2BN1MDMN4,Player,speaker,wave with notch cut out on left or backwards letter C,1771784121463,63.0,1.0
