gameId,playerId,originalGroup,currentGroup,tangramSet,blockNum,trialNum,phase,phaseNum,target,repNum,utterance,uttLength
01KJ121CTDA8X8M3KFS5Z0C2DA,01KJ1ACD2B6QR45E93SRAYX5VB,B,B,1.0,1.0,11.0,refgame,1.0,page1-128,2.0,Looks like a C,4
01KJ121CTDA8X8M3KFS5Z0C2DA,01KJ1ACD2B6QR45E93SRAYX5VB,B,B,1.0,1.0,44.0,refgame,2.0,page1-128,1.0,The C,2
01KJ121CTDA8X8M3KFS5Z0C2DA,01KJ1ACD2B6QR45E93SRAYX5VB,B,B,1.0,1.0,10.0,refgame,1.0,page3-136,1.0,Looks like a T,4
01KJ121CTDA8X8M3KFS5Z0C2DA,01KJ1ACD2B6QR45E93SRAYX5VB,B,B,1.0,1.0,46.0,refgame,2.0,page3-136,2.0,The T,2
01KJ121CTDA8X8M3KFS5Z0C2DA,01KJ1ACD2B6QR45E93SRAYX5VB,B,B,1.0,1.0,47.0,refgame,2.0,page3-85,1.0,Looks like an anchor or a wrench,7
01KJ121CTDA8X8M3KFS5Z0C2DA,01KJ1ACD2B6QR45E93SRAYX5VB,B,B,1.0,1.0,8.0,refgame,1.0,page3-85,2.0,looks like an anchor,4
01KJ121CTDA8X8M3KFS5Z0C2DA,01KJ1ACD2B6QR45E93SRAYX5VB,B,B,1.0,1.0,42.0,refgame,2.0,page5-64,1.0,"Smallest figure, turtle looking",4
01KJ121CTDA8X8M3KFS5Z0C2DA,01KJ1ACD2B6QR45E93SRAYX5VB,B,B,1.0,1.0,9.0,refgame,1.0,page5-64,2.0,it is the smallest figure left in my opinion. mostly triangles,11
01KJ121CTDA8X8M3KFS5Z0C2DA,01KJ1ACD2B6QR45E93SRAYX5VB,B,B,1.0,1.0,43.0,refgame,2.0,page9-27,2.0,"Largest triangle at top of figure, goblet, triangle on bottom as well",12
01KJ121CTDA8X8M3KFS5Z0C2DA,01KJ1ACD2B6QR45E93SRAYX5VB,B,B,1.0,1.0,6.0,refgame,1.0,page9-27,1.0,large upside down triangle on top,6
01KJ121CTDA8X8M3KFS5Z0C2DA,01KJ1ACD2B6QR45E93SRAYX5VB,B,B,1.0,1.0,45.0,refgame,2.0,page9-46,1.0,Backwards C,2
01KJ121CTDA8X8M3KFS5Z0C2DA,01KJ1ACD2B6QR45E93SRAYX5VB,B,B,1.0,1.0,7.0,refgame,1.0,page9-46,2.0,"longest vertical line on bottom, almost like a pacman shape",10
01KJ121CTDA8X8M3KFS5Z0C2DA,01KJ1ACD2B6QR45E93SRAYX5VB,B,B,1.0,4.0,61.0,refgame,2.0,page1-128,4.0,C,1
01KJ121CTDA8X8M3KFS5Z0C2DA,01KJ1ACD2B6QR45E93SRAYX5VB,B,B,1.0,4.0,28.0,refgame,1.0,page1-128,3.0,C,1
01KJ121CTDA8X8M3KFS5Z0C2DA,01KJ1ACD2B6QR45E93SRAYX5VB,B,B,1.0,4.0,63.0,refgame,2.0,page3-136,4.0,T,1
01KJ121CTDA8X8M3KFS5Z0C2DA,01KJ1ACD2B6QR45E93SRAYX5VB,B,B,1.0,4.0,25.0,refgame,1.0,page3-136,3.0,T,1
01KJ121CTDA8X8M3KFS5Z0C2DA,01KJ1ACD2B6QR45E93SRAYX5VB,B,B,1.0,4.0,60.0,refgame,2.0,page3-85,3.0,"Tall and skinny figure, looks like an anchor",8
01KJ121CTDA8X8M3KFS5Z0C2DA,01KJ1ACD2B6QR45E93SRAYX5VB,B,B,1.0,4.0,27.0,refgame,1.0,page3-85,4.0,wrench,1
01KJ121CTDA8X8M3KFS5Z0C2DA,01KJ1ACD2B6QR45E93SRAYX5VB,B,B,1.0,4.0,64.0,refgame,2.0,page5-64,3.0,"Smallest figure., made of triangles",5
01KJ121CTDA8X8M3KFS5Z0C2DA,01KJ1ACD2B6QR45E93SRAYX5VB,B,B,1.0,4.0,24.0,refgame,1.0,page5-64,4.0,"Smallest figure, turtle",3
01KJ121CTDA8X8M3KFS5Z0C2DA,01KJ1ACD2B6QR45E93SRAYX5VB,B,B,1.0,4.0,62.0,refgame,2.0,page9-27,4.0,"Triangle on bottom. Larger triangle on top. Square in middle, goblet",11
01KJ121CTDA8X8M3KFS5Z0C2DA,01KJ1ACD2B6QR45E93SRAYX5VB,B,B,1.0,4.0,26.0,refgame,1.0,page9-27,3.0,wide mouthed goblet,3
01KJ121CTDA8X8M3KFS5Z0C2DA,01KJ1ACD2B6QR45E93SRAYX5VB,B,B,1.0,4.0,65.0,refgame,2.0,page9-46,4.0,Backwards C,2
01KJ121CTDA8X8M3KFS5Z0C2DA,01KJ1ACD2B6QR45E93SRAYX5VB,B,B,1.0,4.0,29.0,refgame,1.0,page9-46,3.0,Backwards C,2
01KJ121CTDA8X8M3KFS5Z0C2DA,01KJ1AD4HAYZZ2TP80YYVT6CS2,B,B,1.0,2.0,51.0,refgame,2.0,page1-128,2.0,The C,2
01KJ121CTDA8X8M3KFS5Z0C2DA,01KJ1AD4HAYZZ2TP80YYVT6CS2,B,B,1.0,2.0,15.0,refgame,1.0,page1-128,1.0,The C,2
01KJ121CTDA8X8M3KFS5Z0C2DA,01KJ1AD4HAYZZ2TP80YYVT6CS2,B,B,1.0,2.0,16.0,refgame,1.0,page3-136,1.0,The T,2
01KJ121CTDA8X8M3KFS5Z0C2DA,01KJ1AD4HAYZZ2TP80YYVT6CS2,B,B,1.0,2.0,48.0,refgame,2.0,page3-136,2.0,The T,2
01KJ121CTDA8X8M3KFS5Z0C2DA,01KJ1AD4HAYZZ2TP80YYVT6CS2,B,B,1.0,2.0,12.0,refgame,1.0,page3-85,2.0,"The wrench, vertical",3
01KJ121CTDA8X8M3KFS5Z0C2DA,01KJ1AD4HAYZZ2TP80YYVT6CS2,B,B,1.0,2.0,52.0,refgame,2.0,page3-85,1.0,"Wrench, or I with triangles",5
01KJ121CTDA8X8M3KFS5Z0C2DA,01KJ1AD4HAYZZ2TP80YYVT6CS2,B,B,1.0,2.0,17.0,refgame,1.0,page5-64,1.0,"Turtle walking to the left, smallest figure",7
01KJ121CTDA8X8M3KFS5Z0C2DA,01KJ1AD4HAYZZ2TP80YYVT6CS2,B,B,1.0,2.0,49.0,refgame,2.0,page5-64,2.0,"The turtle walking left, smallest figure",6
01KJ121CTDA8X8M3KFS5Z0C2DA,01KJ1AD4HAYZZ2TP80YYVT6CS2,B,B,1.0,2.0,14.0,refgame,1.0,page9-27,2.0,The wide-mouthed goblet,3
01KJ121CTDA8X8M3KFS5Z0C2DA,01KJ1AD4HAYZZ2TP80YYVT6CS2,B,B,1.0,2.0,53.0,refgame,2.0,page9-27,1.0,wide mouth goblet,3
01KJ121CTDA8X8M3KFS5Z0C2DA,01KJ1AD4HAYZZ2TP80YYVT6CS2,B,B,1.0,2.0,13.0,refgame,1.0,page9-46,1.0,"The backwards C, with a long base",7
01KJ121CTDA8X8M3KFS5Z0C2DA,01KJ1AD4HAYZZ2TP80YYVT6CS2,B,B,1.0,2.0,50.0,refgame,2.0,page9-46,2.0,"Stapler, pacman, backwards C",4
01KJ121CTDA8X8M3KFS5Z0C2DA,01KJ1AD4HAYZZ2TP80YYVT6CS2,B,A,1.0,5.0,69.0,refgame,2.0,page1-128,3.0,The C,2
01KJ121CTDA8X8M3KFS5Z0C2DA,01KJ1AD4HAYZZ2TP80YYVT6CS2,B,B,1.0,5.0,34.0,refgame,1.0,page1-128,4.0,The C,2
01KJ121CTDA8X8M3KFS5Z0C2DA,01KJ1AD4HAYZZ2TP80YYVT6CS2,B,A,1.0,5.0,67.0,refgame,2.0,page3-136,3.0,The T,2
01KJ121CTDA8X8M3KFS5Z0C2DA,01KJ1AD4HAYZZ2TP80YYVT6CS2,B,B,1.0,5.0,32.0,refgame,1.0,page3-136,4.0,The T,2
01KJ121CTDA8X8M3KFS5Z0C2DA,01KJ1AD4HAYZZ2TP80YYVT6CS2,B,A,1.0,5.0,70.0,refgame,2.0,page3-85,4.0,The wrench or the I with tiangles hanging off,9
01KJ121CTDA8X8M3KFS5Z0C2DA,01KJ1AD4HAYZZ2TP80YYVT6CS2,B,B,1.0,5.0,33.0,refgame,1.0,page3-85,3.0,wrench,1
01KJ121CTDA8X8M3KFS5Z0C2DA,01KJ1AD4HAYZZ2TP80YYVT6CS2,B,B,1.0,5.0,30.0,refgame,1.0,page5-64,4.0,turtle,1
01KJ121CTDA8X8M3KFS5Z0C2DA,01KJ1AD4HAYZZ2TP80YYVT6CS2,B,A,1.0,5.0,71.0,refgame,2.0,page5-64,3.0,"turtle walking left, smallest figure",5
01KJ121CTDA8X8M3KFS5Z0C2DA,01KJ1AD4HAYZZ2TP80YYVT6CS2,B,A,1.0,5.0,68.0,refgame,2.0,page9-27,3.0,wide mouth goblet,3
01KJ121CTDA8X8M3KFS5Z0C2DA,01KJ1AD4HAYZZ2TP80YYVT6CS2,B,B,1.0,5.0,31.0,refgame,1.0,page9-27,4.0,goblet,1
01KJ121CTDA8X8M3KFS5Z0C2DA,01KJ1AD4HAYZZ2TP80YYVT6CS2,B,A,1.0,5.0,66.0,refgame,2.0,page9-46,4.0,"backwards C, pacman, or stapler",5
01KJ121CTDA8X8M3KFS5Z0C2DA,01KJ1AD4HAYZZ2TP80YYVT6CS2,B,B,1.0,5.0,35.0,refgame,1.0,page9-46,3.0,backwards C/Pacman,2
01KJ121CTDA8X8M3KFS5Z0C2DA,01KJ1ADF5M161B12EA40N9T0MS,C,C,1.0,1.0,11.0,refgame,1.0,page1-128,2.0,"It looks like the letter ""C"" with the bottom longer than the top",13
01KJ121CTDA8X8M3KFS5Z0C2DA,01KJ1ADF5M161B12EA40N9T0MS,C,C,1.0,1.0,44.0,refgame,2.0,page1-128,1.0,"The letter ""C"" with a long bottom",7
01KJ121CTDA8X8M3KFS5Z0C2DA,01KJ1ADF5M161B12EA40N9T0MS,C,C,1.0,1.0,10.0,refgame,1.0,page3-136,2.0,"It looks like the letter ""T""",6
01KJ121CTDA8X8M3KFS5Z0C2DA,01KJ1ADF5M161B12EA40N9T0MS,C,C,1.0,1.0,46.0,refgame,2.0,page3-136,1.0,"The letter ""T""",3
01KJ121CTDA8X8M3KFS5Z0C2DA,01KJ1ADF5M161B12EA40N9T0MS,C,C,1.0,1.0,47.0,refgame,2.0,page3-85,1.0,Triangle at the top and bottom pointing down,8
01KJ121CTDA8X8M3KFS5Z0C2DA,01KJ1ADF5M161B12EA40N9T0MS,C,C,1.0,1.0,8.0,refgame,1.0,page3-85,2.0,The bottom has a triangle pointing down,7
01KJ121CTDA8X8M3KFS5Z0C2DA,01KJ1ADF5M161B12EA40N9T0MS,C,C,1.0,1.0,42.0,refgame,2.0,page5-64,1.0,Looks like three triangle/diamond shapes put together,7
01KJ121CTDA8X8M3KFS5Z0C2DA,01KJ1ADF5M161B12EA40N9T0MS,C,C,1.0,1.0,9.0,refgame,1.0,page5-64,2.0,It looks like three triangle/diamond shapes put together,8
01KJ121CTDA8X8M3KFS5Z0C2DA,01KJ1ADF5M161B12EA40N9T0MS,C,C,1.0,1.0,43.0,refgame,2.0,page9-27,2.0,"Triangle at the bottom, facing up",6
01KJ121CTDA8X8M3KFS5Z0C2DA,01KJ1ADF5M161B12EA40N9T0MS,C,C,1.0,1.0,6.0,refgame,1.0,page9-27,1.0,It's the shape with a triangle pointing upwards at the bottom,11
01KJ121CTDA8X8M3KFS5Z0C2DA,01KJ1ADF5M161B12EA40N9T0MS,C,C,1.0,1.0,45.0,refgame,2.0,page9-46,1.0,Pyramid with the left side/center/top missing,6
01KJ121CTDA8X8M3KFS5Z0C2DA,01KJ1ADF5M161B12EA40N9T0MS,C,C,1.0,1.0,7.0,refgame,1.0,page9-46,2.0,It looks like a pyramid with the left side taken out,11
01KJ121CTDA8X8M3KFS5Z0C2DA,01KJ1ADF5M161B12EA40N9T0MS,C,A,1.0,4.0,61.0,refgame,2.0,page1-128,3.0,"Letter ""C"" with a long bottom",6
01KJ121CTDA8X8M3KFS5Z0C2DA,01KJ1ADF5M161B12EA40N9T0MS,C,C,1.0,4.0,28.0,refgame,1.0,page1-128,4.0,C with a long bottom,5
01KJ121CTDA8X8M3KFS5Z0C2DA,01KJ1ADF5M161B12EA40N9T0MS,C,A,1.0,4.0,63.0,refgame,2.0,page3-136,3.0,"The letter ""T""",3
01KJ121CTDA8X8M3KFS5Z0C2DA,01KJ1ADF5M161B12EA40N9T0MS,C,C,1.0,4.0,25.0,refgame,1.0,page3-136,4.0,"Looks like a ""T""",4
01KJ121CTDA8X8M3KFS5Z0C2DA,01KJ1ADF5M161B12EA40N9T0MS,C,A,1.0,4.0,60.0,refgame,2.0,page3-85,3.0,Shape with upside down triangles at the top and bottom,10
01KJ121CTDA8X8M3KFS5Z0C2DA,01KJ1ADF5M161B12EA40N9T0MS,C,C,1.0,4.0,27.0,refgame,1.0,page3-85,4.0,Triangle facing down at the bottom,6
01KJ121CTDA8X8M3KFS5Z0C2DA,01KJ1ADF5M161B12EA40N9T0MS,C,A,1.0,4.0,64.0,refgame,2.0,page5-64,3.0,"Three shapes connected together, left is triangle, right is diamond",10
01KJ121CTDA8X8M3KFS5Z0C2DA,01KJ1ADF5M161B12EA40N9T0MS,C,A,1.0,4.0,62.0,refgame,2.0,page9-27,4.0,"Triangle putting up at the bottom, pointing*",7
01KJ121CTDA8X8M3KFS5Z0C2DA,01KJ1ADF5M161B12EA40N9T0MS,C,C,1.0,4.0,26.0,refgame,1.0,page9-27,3.0,Triangle facing up at the bottom,6
01KJ121CTDA8X8M3KFS5Z0C2DA,01KJ1ADF5M161B12EA40N9T0MS,C,A,1.0,4.0,65.0,refgame,2.0,page9-46,3.0,pyramid missing it's left side/center/top,5
01KJ121CTDA8X8M3KFS5Z0C2DA,01KJ1ADF5M161B12EA40N9T0MS,C,C,1.0,4.0,29.0,refgame,1.0,page9-46,4.0,Pyramid missing the left side and the center,8
01KJ121CTDA8X8M3KFS5Z0C2DA,01KJ1ADZ3BQAVZHF51FQ5WJ14K,C,A,1.0,2.0,51.0,refgame,2.0,page1-128,2.0,a bold letter C,4
01KJ121CTDA8X8M3KFS5Z0C2DA,01KJ1ADZ3BQAVZHF51FQ5WJ14K,C,C,1.0,2.0,15.0,refgame,1.0,page1-128,1.0,it looks like half a letter C,7
01KJ121CTDA8X8M3KFS5Z0C2DA,01KJ1ADZ3BQAVZHF51FQ5WJ14K,C,C,1.0,2.0,16.0,refgame,1.0,page3-136,2.0,looks like a sort of cross with two triangles on the ends of the horizontal line,16
01KJ121CTDA8X8M3KFS5Z0C2DA,01KJ1ADZ3BQAVZHF51FQ5WJ14K,C,A,1.0,2.0,48.0,refgame,2.0,page3-136,1.0,looks like an odd cross or letter T,8
01KJ121CTDA8X8M3KFS5Z0C2DA,01KJ1ADZ3BQAVZHF51FQ5WJ14K,C,A,1.0,2.0,52.0,refgame,2.0,page3-85,1.0,The pole that has an upside down triangle up top and at the bottom,14
01KJ121CTDA8X8M3KFS5Z0C2DA,01KJ1ADZ3BQAVZHF51FQ5WJ14K,C,C,1.0,2.0,17.0,refgame,1.0,page5-64,2.0,looks sort of like 3 small mountains,7
01KJ121CTDA8X8M3KFS5Z0C2DA,01KJ1ADZ3BQAVZHF51FQ5WJ14K,C,A,1.0,2.0,49.0,refgame,2.0,page5-64,1.0,like a group of 3 small mountains,7
01KJ121CTDA8X8M3KFS5Z0C2DA,01KJ1ADZ3BQAVZHF51FQ5WJ14K,C,C,1.0,2.0,14.0,refgame,1.0,page9-27,2.0,it looks like an upside top hat with a triangle under it,12
01KJ121CTDA8X8M3KFS5Z0C2DA,01KJ1ADZ3BQAVZHF51FQ5WJ14K,C,A,1.0,2.0,53.0,refgame,2.0,page9-27,1.0,an upside down top hat with a triangle under it,10
01KJ121CTDA8X8M3KFS5Z0C2DA,01KJ1ADZ3BQAVZHF51FQ5WJ14K,C,C,1.0,2.0,13.0,refgame,1.0,page9-46,1.0,it sort of looks like a small odd shaped stapler,10
01KJ121CTDA8X8M3KFS5Z0C2DA,01KJ1ADZ3BQAVZHF51FQ5WJ14K,C,A,1.0,2.0,50.0,refgame,2.0,page9-46,2.0,looks like an odd shape tiny stapler,7
01KJ121CTDA8X8M3KFS5Z0C2DA,01KJ1ADZ3BQAVZHF51FQ5WJ14K,C,B,1.0,5.0,69.0,refgame,2.0,page1-128,3.0,a Cocky letter C,4
01KJ121CTDA8X8M3KFS5Z0C2DA,01KJ1ADZ3BQAVZHF51FQ5WJ14K,C,C,1.0,5.0,34.0,refgame,1.0,page1-128,4.0,A bold and Proud letter C,6
01KJ121CTDA8X8M3KFS5Z0C2DA,01KJ1ADZ3BQAVZHF51FQ5WJ14K,C,B,1.0,5.0,67.0,refgame,2.0,page3-136,4.0,an odd Cross or letter T,6
01KJ121CTDA8X8M3KFS5Z0C2DA,01KJ1ADZ3BQAVZHF51FQ5WJ14K,C,C,1.0,5.0,32.0,refgame,1.0,page3-136,3.0,an odd shape cross or letter T,7
01KJ121CTDA8X8M3KFS5Z0C2DA,01KJ1ADZ3BQAVZHF51FQ5WJ14K,C,B,1.0,5.0,70.0,refgame,2.0,page3-85,4.0,an upside down triangle up top and one at the bottom of a skinny pole,15
01KJ121CTDA8X8M3KFS5Z0C2DA,01KJ1ADZ3BQAVZHF51FQ5WJ14K,C,C,1.0,5.0,33.0,refgame,1.0,page3-85,3.0,upside down triangles at the top and bottom,8
01KJ121CTDA8X8M3KFS5Z0C2DA,01KJ1ADZ3BQAVZHF51FQ5WJ14K,C,C,1.0,5.0,30.0,refgame,1.0,page5-64,3.0,a bird flying diagonally,4
01KJ121CTDA8X8M3KFS5Z0C2DA,01KJ1ADZ3BQAVZHF51FQ5WJ14K,C,B,1.0,5.0,71.0,refgame,2.0,page5-64,4.0,a small group of 3 little mountains,7
01KJ121CTDA8X8M3KFS5Z0C2DA,01KJ1ADZ3BQAVZHF51FQ5WJ14K,C,B,1.0,5.0,68.0,refgame,2.0,page9-27,4.0,upside down top hat with triangle under it,8
01KJ121CTDA8X8M3KFS5Z0C2DA,01KJ1ADZ3BQAVZHF51FQ5WJ14K,C,C,1.0,5.0,31.0,refgame,1.0,page9-27,3.0,upside down top hat with a triangle at the bottom,10
01KJ121CTDA8X8M3KFS5Z0C2DA,01KJ1ADZ3BQAVZHF51FQ5WJ14K,C,B,1.0,5.0,66.0,refgame,2.0,page9-46,3.0,tiny odd shape stapler,4
01KJ121CTDA8X8M3KFS5Z0C2DA,01KJ1ADZ3BQAVZHF51FQ5WJ14K,C,C,1.0,5.0,35.0,refgame,1.0,page9-46,4.0,a tiny weird shape stapler,5
01KJ121CTDA8X8M3KFS5Z0C2DA,01KJ1ADZVZREV8CZAR4J758GGY,A,A,1.0,0.0,38.0,refgame,2.0,page1-128,2.0,the tall rectangle with a tall rectangle hole in the middle right side,13
01KJ121CTDA8X8M3KFS5Z0C2DA,01KJ1ADZVZREV8CZAR4J758GGY,A,A,1.0,0.0,4.0,refgame,1.0,page1-128,1.0,the one with a tall rectangle hole in the right side,11
01KJ121CTDA8X8M3KFS5Z0C2DA,01KJ1ADZVZREV8CZAR4J758GGY,A,A,1.0,0.0,40.0,refgame,2.0,page3-136,1.0,tall pole with two triangles hanging off the left and right side,12
01KJ121CTDA8X8M3KFS5Z0C2DA,01KJ1ADZVZREV8CZAR4J758GGY,A,A,1.0,0.0,5.0,refgame,1.0,page3-136,2.0,the pole with two triangles hanging off the left and right side,12
01KJ121CTDA8X8M3KFS5Z0C2DA,01KJ1ADZVZREV8CZAR4J758GGY,A,A,1.0,0.0,39.0,refgame,2.0,page3-85,2.0,"the down arrow on top, tall thing balanced on top of upside down pyramid",14
01KJ121CTDA8X8M3KFS5Z0C2DA,01KJ1ADZVZREV8CZAR4J758GGY,A,A,1.0,0.0,2.0,refgame,1.0,page3-85,1.0,the tall one being balanced on a upside down triangle,10
01KJ121CTDA8X8M3KFS5Z0C2DA,01KJ1ADZVZREV8CZAR4J758GGY,A,A,1.0,0.0,1.0,refgame,1.0,page5-64,1.0,"the very horizontal one, with a triangle on the bottom left",11
01KJ121CTDA8X8M3KFS5Z0C2DA,01KJ1ADZVZREV8CZAR4J758GGY,A,A,1.0,0.0,36.0,refgame,2.0,page5-64,2.0,"the one with two triangles on the left, one bigger on top of the other, rhombus on right side",19
01KJ121CTDA8X8M3KFS5Z0C2DA,01KJ1ADZVZREV8CZAR4J758GGY,A,A,1.0,0.0,0.0,refgame,1.0,page9-27,1.0,the one with a pyramid on the bottom,8
01KJ121CTDA8X8M3KFS5Z0C2DA,01KJ1ADZVZREV8CZAR4J758GGY,A,A,1.0,0.0,41.0,refgame,2.0,page9-27,2.0,funnel on top of a pyramid,6
01KJ121CTDA8X8M3KFS5Z0C2DA,01KJ1ADZVZREV8CZAR4J758GGY,A,A,1.0,0.0,3.0,refgame,1.0,page9-46,2.0,"the one with a rectangle hole in the left side, that could eat a burger",15
01KJ121CTDA8X8M3KFS5Z0C2DA,01KJ1ADZVZREV8CZAR4J758GGY,A,A,1.0,0.0,37.0,refgame,2.0,page9-46,1.0,"the one with a rectangle hole in the middle left, could eat a  burger",14
01KJ121CTDA8X8M3KFS5Z0C2DA,01KJ1ADZVZREV8CZAR4J758GGY,A,A,1.0,2.0,15.0,refgame,1.0,page1-128,3.0,middle right side has a missing rectangle,7
01KJ121CTDA8X8M3KFS5Z0C2DA,01KJ1ADZVZREV8CZAR4J758GGY,A,A,1.0,2.0,16.0,refgame,1.0,page3-136,3.0,up arrow,2
01KJ121CTDA8X8M3KFS5Z0C2DA,01KJ1ADZVZREV8CZAR4J758GGY,A,A,1.0,2.0,12.0,refgame,1.0,page3-85,3.0,lightning bolt on top of a upside down triangle,9
01KJ121CTDA8X8M3KFS5Z0C2DA,01KJ1ADZVZREV8CZAR4J758GGY,A,A,1.0,2.0,17.0,refgame,1.0,page5-64,3.0,"the two triangles on the left side, one on top of the other, and a rhombus on the right",19
01KJ121CTDA8X8M3KFS5Z0C2DA,01KJ1ADZVZREV8CZAR4J758GGY,A,A,1.0,2.0,14.0,refgame,1.0,page9-27,3.0,funnel on top of a pyramid,6
01KJ121CTDA8X8M3KFS5Z0C2DA,01KJ1ADZVZREV8CZAR4J758GGY,A,A,1.0,2.0,13.0,refgame,1.0,page9-46,3.0,"missing a rectangle from the middle left part, looks like esophagor from neopets",13
01KJ121CTDA8X8M3KFS5Z0C2DA,01KJ1ADZVZREV8CZAR4J758GGY,A,B,1.0,3.0,59.0,refgame,2.0,page1-128,5.0,tall rectangle with the tall rectangle hole in the middle right side,12
01KJ121CTDA8X8M3KFS5Z0C2DA,01KJ1ADZVZREV8CZAR4J758GGY,A,A,1.0,3.0,23.0,refgame,1.0,page1-128,4.0,middle right has a missing rectangle,6
01KJ121CTDA8X8M3KFS5Z0C2DA,01KJ1ADZVZREV8CZAR4J758GGY,A,B,1.0,3.0,55.0,refgame,2.0,page3-136,5.0,the tall pole with two triangles hanging off the left and right,12
01KJ121CTDA8X8M3KFS5Z0C2DA,01KJ1ADZVZREV8CZAR4J758GGY,A,A,1.0,3.0,20.0,refgame,1.0,page3-136,4.0,up arrow one,3
01KJ121CTDA8X8M3KFS5Z0C2DA,01KJ1ADZVZREV8CZAR4J758GGY,A,A,1.0,3.0,18.0,refgame,1.0,page3-85,5.0,lightning bolt on top of upside down pyramid,8
01KJ121CTDA8X8M3KFS5Z0C2DA,01KJ1ADZVZREV8CZAR4J758GGY,A,B,1.0,3.0,57.0,refgame,2.0,page3-85,4.0,"down arrow on top, tall thing balanced on top of upside down triangle/pyramid",13
01KJ121CTDA8X8M3KFS5Z0C2DA,01KJ1ADZVZREV8CZAR4J758GGY,A,B,1.0,3.0,58.0,refgame,2.0,page5-64,5.0,"the one with two triangles on the left side, one on top, slanted shape on right",16
01KJ121CTDA8X8M3KFS5Z0C2DA,01KJ1ADZVZREV8CZAR4J758GGY,A,A,1.0,3.0,22.0,refgame,1.0,page5-64,4.0,"the one with two triangles on the left side, one on top of the other*",15
01KJ121CTDA8X8M3KFS5Z0C2DA,01KJ1ADZVZREV8CZAR4J758GGY,A,B,1.0,3.0,56.0,refgame,2.0,page9-27,5.0,the funnel on top of a pyramid/triangle,7
01KJ121CTDA8X8M3KFS5Z0C2DA,01KJ1ADZVZREV8CZAR4J758GGY,A,A,1.0,3.0,19.0,refgame,1.0,page9-27,4.0,funnel on top of pyramid,5
01KJ121CTDA8X8M3KFS5Z0C2DA,01KJ1ADZVZREV8CZAR4J758GGY,A,B,1.0,3.0,54.0,refgame,2.0,page9-46,4.0,the one with a rectangle hole in the middle left side,11
01KJ121CTDA8X8M3KFS5Z0C2DA,01KJ1ADZVZREV8CZAR4J758GGY,A,A,1.0,3.0,21.0,refgame,1.0,page9-46,5.0,"middle left side has a missing rectangle, esophagor",8
01KJ121CTDA8X8M3KFS5Z0C2DA,01KJ1AEJK9C91FE2EF1F6KAWDY,B,B,1.0,0.0,38.0,refgame,2.0,page1-128,1.0,"This one looks like a C, with a square at the base",12
01KJ121CTDA8X8M3KFS5Z0C2DA,01KJ1AEJK9C91FE2EF1F6KAWDY,B,B,1.0,0.0,4.0,refgame,1.0,page1-128,2.0,"This one is vertical, and featues a square on the bottom, a vertical line on the left - middle, then an overhang on the top right",26
01KJ121CTDA8X8M3KFS5Z0C2DA,01KJ1AEJK9C91FE2EF1F6KAWDY,B,B,1.0,0.0,40.0,refgame,2.0,page3-136,1.0,This one looks like a T,6
01KJ121CTDA8X8M3KFS5Z0C2DA,01KJ1AEJK9C91FE2EF1F6KAWDY,B,B,1.0,0.0,5.0,refgame,1.0,page3-136,2.0,"This one is a veritcal bar in the middle, with symmatrical triangles on either side hanging off of it, and a very small triangle on the top middle",28
01KJ121CTDA8X8M3KFS5Z0C2DA,01KJ1AEJK9C91FE2EF1F6KAWDY,B,B,1.0,0.0,39.0,refgame,2.0,page3-85,2.0,This one has a long vertical line in the middle with various triangles running through it.,16
01KJ121CTDA8X8M3KFS5Z0C2DA,01KJ1AEJK9C91FE2EF1F6KAWDY,B,B,1.0,0.0,2.0,refgame,1.0,page3-85,1.0,"This one is vertical. It has a straight bar running through it from top to bottom, with an upside down triangle through it in the middle, and a smaller upside down triangle on the bottom left, with another weird shape in the middle",43
01KJ121CTDA8X8M3KFS5Z0C2DA,01KJ1AEJK9C91FE2EF1F6KAWDY,B,B,1.0,0.0,1.0,refgame,1.0,page5-64,1.0,"This one is mostly horizontal, with a diagnoal square on the right side, and a triangle on the top left",20
01KJ121CTDA8X8M3KFS5Z0C2DA,01KJ1AEJK9C91FE2EF1F6KAWDY,B,B,1.0,0.0,36.0,refgame,2.0,page5-64,2.0,This one is the smallest figure,6
01KJ121CTDA8X8M3KFS5Z0C2DA,01KJ1AEJK9C91FE2EF1F6KAWDY,B,B,1.0,0.0,0.0,refgame,1.0,page9-27,1.0,"It looks like a triangle on the bottom, then a square in the middle and then another object on top",20
01KJ121CTDA8X8M3KFS5Z0C2DA,01KJ1AEJK9C91FE2EF1F6KAWDY,B,B,1.0,0.0,41.0,refgame,2.0,page9-27,2.0,This one is the last one and has a wide mouth at the top of it,16
01KJ121CTDA8X8M3KFS5Z0C2DA,01KJ1AEJK9C91FE2EF1F6KAWDY,B,B,1.0,0.0,3.0,refgame,1.0,page9-46,1.0,"This one has a horizontal line running along the bottom, then is sloped on the right side, featuring an overhang on the left side",24
01KJ121CTDA8X8M3KFS5Z0C2DA,01KJ1AEJK9C91FE2EF1F6KAWDY,B,B,1.0,0.0,37.0,refgame,2.0,page9-46,2.0,This one looks like a backwards C. It has a slope on the right of the object,17
01KJ121CTDA8X8M3KFS5Z0C2DA,01KJ1AEJK9C91FE2EF1F6KAWDY,B,C,1.0,3.0,59.0,refgame,2.0,page1-128,3.0,The C,2
01KJ121CTDA8X8M3KFS5Z0C2DA,01KJ1AEJK9C91FE2EF1F6KAWDY,B,B,1.0,3.0,23.0,refgame,1.0,page1-128,4.0,The C,2
01KJ121CTDA8X8M3KFS5Z0C2DA,01KJ1AEJK9C91FE2EF1F6KAWDY,B,C,1.0,3.0,55.0,refgame,2.0,page3-136,4.0,The T,2
01KJ121CTDA8X8M3KFS5Z0C2DA,01KJ1AEJK9C91FE2EF1F6KAWDY,B,B,1.0,3.0,20.0,refgame,1.0,page3-136,3.0,the T,2
01KJ121CTDA8X8M3KFS5Z0C2DA,01KJ1AEJK9C91FE2EF1F6KAWDY,B,B,1.0,3.0,18.0,refgame,1.0,page3-85,4.0,The wrench,2
01KJ121CTDA8X8M3KFS5Z0C2DA,01KJ1AEJK9C91FE2EF1F6KAWDY,B,C,1.0,3.0,57.0,refgame,2.0,page3-85,3.0,"Wrench, or line with triangles running through it",8
01KJ121CTDA8X8M3KFS5Z0C2DA,01KJ1AEJK9C91FE2EF1F6KAWDY,B,C,1.0,3.0,58.0,refgame,2.0,page5-64,4.0,"The smallest figure, or turtle",5
01KJ121CTDA8X8M3KFS5Z0C2DA,01KJ1AEJK9C91FE2EF1F6KAWDY,B,B,1.0,3.0,22.0,refgame,1.0,page5-64,3.0,Smallest figure,2
01KJ121CTDA8X8M3KFS5Z0C2DA,01KJ1AEJK9C91FE2EF1F6KAWDY,B,C,1.0,3.0,56.0,refgame,2.0,page9-27,3.0,Wide mouth goblet,3
01KJ121CTDA8X8M3KFS5Z0C2DA,01KJ1AEJK9C91FE2EF1F6KAWDY,B,B,1.0,3.0,19.0,refgame,1.0,page9-27,4.0,Wide mouthed goblet,3
01KJ121CTDA8X8M3KFS5Z0C2DA,01KJ1AEJK9C91FE2EF1F6KAWDY,B,C,1.0,3.0,54.0,refgame,2.0,page9-46,4.0,"This one looks like a backwards C, or pacman",9
01KJ121CTDA8X8M3KFS5Z0C2DA,01KJ1AEJK9C91FE2EF1F6KAWDY,B,B,1.0,3.0,21.0,refgame,1.0,page9-46,3.0,"Backwards C, the pacman",4
01KJ121CTDA8X8M3KFS5Z0C2DA,01KJ1AEMA6765ECKJ6NX8GGDF2,C,C,1.0,0.0,38.0,refgame,2.0,page1-128,2.0,Looks like the letter c,5
01KJ121CTDA8X8M3KFS5Z0C2DA,01KJ1AEMA6765ECKJ6NX8GGDF2,C,C,1.0,0.0,4.0,refgame,1.0,page1-128,1.0,it looks like a telephone,5
01KJ121CTDA8X8M3KFS5Z0C2DA,01KJ1AEMA6765ECKJ6NX8GGDF2,C,C,1.0,0.0,40.0,refgame,2.0,page3-136,1.0,It looks like the letter t,6
01KJ121CTDA8X8M3KFS5Z0C2DA,01KJ1AEMA6765ECKJ6NX8GGDF2,C,C,1.0,0.0,5.0,refgame,1.0,page3-136,2.0,it looks like a bird flying straight upward,8
01KJ121CTDA8X8M3KFS5Z0C2DA,01KJ1AEMA6765ECKJ6NX8GGDF2,C,C,1.0,0.0,39.0,refgame,2.0,page3-85,1.0,it has an upside down triangle on the top,9
01KJ121CTDA8X8M3KFS5Z0C2DA,01KJ1AEMA6765ECKJ6NX8GGDF2,C,C,1.0,0.0,2.0,refgame,1.0,page3-85,2.0,It's a peculiar shape which appears to have an arrow pointing downward,12
01KJ121CTDA8X8M3KFS5Z0C2DA,01KJ1AEMA6765ECKJ6NX8GGDF2,C,C,1.0,0.0,1.0,refgame,1.0,page5-64,1.0,it looks like a bird flying diagonally upwards,8
01KJ121CTDA8X8M3KFS5Z0C2DA,01KJ1AEMA6765ECKJ6NX8GGDF2,C,C,1.0,0.0,36.0,refgame,2.0,page5-64,2.0,it looks like a bird flying diagonally,7
01KJ121CTDA8X8M3KFS5Z0C2DA,01KJ1AEMA6765ECKJ6NX8GGDF2,C,C,1.0,0.0,0.0,refgame,1.0,page9-27,1.0,It kind of looks like an upside down bell with a triangle at the bottom,15
01KJ121CTDA8X8M3KFS5Z0C2DA,01KJ1AEMA6765ECKJ6NX8GGDF2,C,C,1.0,0.0,41.0,refgame,2.0,page9-27,2.0,it has a triangle at the bottom,7
01KJ121CTDA8X8M3KFS5Z0C2DA,01KJ1AEMA6765ECKJ6NX8GGDF2,C,C,1.0,0.0,37.0,refgame,2.0,page9-46,1.0,looks like a stapler,4
01KJ121CTDA8X8M3KFS5Z0C2DA,01KJ1AEMA6765ECKJ6NX8GGDF2,C,C,1.0,2.0,51.0,refgame,2.0,page1-128,3.0,looks like the letter c,5
01KJ121CTDA8X8M3KFS5Z0C2DA,01KJ1AEMA6765ECKJ6NX8GGDF2,C,C,1.0,2.0,48.0,refgame,2.0,page3-136,3.0,looks like the letter t,5
01KJ121CTDA8X8M3KFS5Z0C2DA,01KJ1AEMA6765ECKJ6NX8GGDF2,C,C,1.0,2.0,52.0,refgame,2.0,page3-85,3.0,has an arrow pointing downward,5
01KJ121CTDA8X8M3KFS5Z0C2DA,01KJ1AEMA6765ECKJ6NX8GGDF2,C,C,1.0,2.0,49.0,refgame,2.0,page5-64,3.0,looks like a bird flying diagonally,6
01KJ121CTDA8X8M3KFS5Z0C2DA,01KJ1AEMA6765ECKJ6NX8GGDF2,C,C,1.0,2.0,53.0,refgame,2.0,page9-27,3.0,has a triangle at the bottom,6
01KJ121CTDA8X8M3KFS5Z0C2DA,01KJ1AEMA6765ECKJ6NX8GGDF2,C,C,1.0,2.0,50.0,refgame,2.0,page9-46,3.0,looks like a stapler,4
01KJ121CTDA8X8M3KFS5Z0C2DA,01KJ1AEMA6765ECKJ6NX8GGDF2,C,A,1.0,3.0,59.0,refgame,2.0,page1-128,4.0,looks like a fancy letter c,6
01KJ121CTDA8X8M3KFS5Z0C2DA,01KJ1AEMA6765ECKJ6NX8GGDF2,C,C,1.0,3.0,23.0,refgame,1.0,page1-128,5.0,looks like the letter C,5
01KJ121CTDA8X8M3KFS5Z0C2DA,01KJ1AEMA6765ECKJ6NX8GGDF2,C,A,1.0,3.0,55.0,refgame,2.0,page3-136,5.0,looks like the letter t,5
01KJ121CTDA8X8M3KFS5Z0C2DA,01KJ1AEMA6765ECKJ6NX8GGDF2,C,C,1.0,3.0,20.0,refgame,1.0,page3-136,4.0,Looks like the letter T,5
01KJ121CTDA8X8M3KFS5Z0C2DA,01KJ1AEMA6765ECKJ6NX8GGDF2,C,C,1.0,3.0,18.0,refgame,1.0,page3-85,4.0,has an upside down triangle at the top,8
01KJ121CTDA8X8M3KFS5Z0C2DA,01KJ1AEMA6765ECKJ6NX8GGDF2,C,A,1.0,3.0,57.0,refgame,2.0,page3-85,5.0,has an arrow pointing downward,5
01KJ121CTDA8X8M3KFS5Z0C2DA,01KJ1AEMA6765ECKJ6NX8GGDF2,C,A,1.0,3.0,58.0,refgame,2.0,page5-64,4.0,looks like a bird flying diagonally,6
01KJ121CTDA8X8M3KFS5Z0C2DA,01KJ1AEMA6765ECKJ6NX8GGDF2,C,C,1.0,3.0,22.0,refgame,1.0,page5-64,5.0,looks like a bird flying diagonally,6
01KJ121CTDA8X8M3KFS5Z0C2DA,01KJ1AEMA6765ECKJ6NX8GGDF2,C,A,1.0,3.0,56.0,refgame,2.0,page9-27,5.0,has a triangle at the bottom,6
01KJ121CTDA8X8M3KFS5Z0C2DA,01KJ1AEMA6765ECKJ6NX8GGDF2,C,C,1.0,3.0,19.0,refgame,1.0,page9-27,4.0,has a triangle at the bottom,6
01KJ121CTDA8X8M3KFS5Z0C2DA,01KJ1AEMA6765ECKJ6NX8GGDF2,C,A,1.0,3.0,54.0,refgame,2.0,page9-46,5.0,looks like a wrench head,5
01KJ121CTDA8X8M3KFS5Z0C2DA,01KJ1AEMA6765ECKJ6NX8GGDF2,C,C,1.0,3.0,21.0,refgame,1.0,page9-46,4.0,kinda looks like a wrench,5
01KJ121CTDA8X8M3KFS5Z0C2DA,01KJ1AH433HDWM46XC8PJAA0A7,A,A,1.0,1.0,11.0,refgame,1.0,page1-128,2.0,Rectangle shape missing from middle right,6
01KJ121CTDA8X8M3KFS5Z0C2DA,01KJ1AH433HDWM46XC8PJAA0A7,A,A,1.0,1.0,44.0,refgame,2.0,page1-128,1.0,"Tall, rectangle shape missing from middle right of it",9
01KJ121CTDA8X8M3KFS5Z0C2DA,01KJ1AH433HDWM46XC8PJAA0A7,A,A,1.0,1.0,10.0,refgame,1.0,page3-136,2.0,Shape that closest resembles an arrow pointing up,8
01KJ121CTDA8X8M3KFS5Z0C2DA,01KJ1AH433HDWM46XC8PJAA0A7,A,A,1.0,1.0,46.0,refgame,2.0,page3-136,1.0,Looks like a T shape or arrow pointing up,9
01KJ121CTDA8X8M3KFS5Z0C2DA,01KJ1AH433HDWM46XC8PJAA0A7,A,A,1.0,1.0,47.0,refgame,2.0,page3-85,1.0,Tall shape with square on top - has triangles hanging off of it in various directions,16
01KJ121CTDA8X8M3KFS5Z0C2DA,01KJ1AH433HDWM46XC8PJAA0A7,A,A,1.0,1.0,8.0,refgame,1.0,page3-85,2.0,Lightening bolt shape with two upside down side triangles on top,11
01KJ121CTDA8X8M3KFS5Z0C2DA,01KJ1AH433HDWM46XC8PJAA0A7,A,A,1.0,1.0,42.0,refgame,2.0,page5-64,2.0,"Horizontal, thinner shape with a bigger triangle on the left with smaller triangle inside of it",16
01KJ121CTDA8X8M3KFS5Z0C2DA,01KJ1AH433HDWM46XC8PJAA0A7,A,A,1.0,1.0,9.0,refgame,1.0,page5-64,1.0,"Flat zig zag, closest to z shape, bigger triangle on top left with smaller triangle inside of that one",19
01KJ121CTDA8X8M3KFS5Z0C2DA,01KJ1AH433HDWM46XC8PJAA0A7,A,A,1.0,1.0,43.0,refgame,2.0,page9-27,2.0,Funnel shape on top of a pyramid(triangle),7
01KJ121CTDA8X8M3KFS5Z0C2DA,01KJ1AH433HDWM46XC8PJAA0A7,A,A,1.0,1.0,6.0,refgame,1.0,page9-27,1.0,"The funnel shaped one, that has a triangle at the very bottom",12
01KJ121CTDA8X8M3KFS5Z0C2DA,01KJ1AH433HDWM46XC8PJAA0A7,A,A,1.0,1.0,45.0,refgame,2.0,page9-46,2.0,"Looks like a stapler, has a missing rectangle from middle left side",12
01KJ121CTDA8X8M3KFS5Z0C2DA,01KJ1AH433HDWM46XC8PJAA0A7,A,A,1.0,1.0,7.0,refgame,1.0,page9-46,1.0,Rectangle piece missing from middle left side,7
01KJ121CTDA8X8M3KFS5Z0C2DA,01KJ1AH433HDWM46XC8PJAA0A7,A,C,1.0,4.0,61.0,refgame,2.0,page1-128,4.0,"C shape, rectangle missing from middle right of it",9
01KJ121CTDA8X8M3KFS5Z0C2DA,01KJ1AH433HDWM46XC8PJAA0A7,A,A,1.0,4.0,28.0,refgame,1.0,page1-128,3.0,Rectangle shape missing from middle right,6
01KJ121CTDA8X8M3KFS5Z0C2DA,01KJ1AH433HDWM46XC8PJAA0A7,A,C,1.0,4.0,63.0,refgame,2.0,page3-136,4.0,T shape or arrow pointing up,6
01KJ121CTDA8X8M3KFS5Z0C2DA,01KJ1AH433HDWM46XC8PJAA0A7,A,A,1.0,4.0,25.0,refgame,1.0,page3-136,3.0,Arrow pointing up,3
01KJ121CTDA8X8M3KFS5Z0C2DA,01KJ1AH433HDWM46XC8PJAA0A7,A,C,1.0,4.0,60.0,refgame,2.0,page3-85,4.0,I shape with triangles all over it,7
01KJ121CTDA8X8M3KFS5Z0C2DA,01KJ1AH433HDWM46XC8PJAA0A7,A,A,1.0,4.0,27.0,refgame,1.0,page3-85,3.0,Lightening bolt shape on top of upside down pyramid,9
01KJ121CTDA8X8M3KFS5Z0C2DA,01KJ1AH433HDWM46XC8PJAA0A7,A,C,1.0,4.0,64.0,refgame,2.0,page5-64,3.0,"Smallest of all of them, looks like a turtle",9
01KJ121CTDA8X8M3KFS5Z0C2DA,01KJ1AH433HDWM46XC8PJAA0A7,A,A,1.0,4.0,24.0,refgame,1.0,page5-64,4.0,Horizontal shape with a bigger triangle on the left with smaller triangle inside of it,15
01KJ121CTDA8X8M3KFS5Z0C2DA,01KJ1AH433HDWM46XC8PJAA0A7,A,C,1.0,4.0,62.0,refgame,2.0,page9-27,3.0,Funnel shape on top of triangle,6
01KJ121CTDA8X8M3KFS5Z0C2DA,01KJ1AH433HDWM46XC8PJAA0A7,A,A,1.0,4.0,26.0,refgame,1.0,page9-27,4.0,Funnel on top of a pyramid,6
01KJ121CTDA8X8M3KFS5Z0C2DA,01KJ1AH433HDWM46XC8PJAA0A7,A,C,1.0,4.0,65.0,refgame,2.0,page9-46,4.0,"backwards C, rectangle missing from middle left part",8
01KJ121CTDA8X8M3KFS5Z0C2DA,01KJ1AH433HDWM46XC8PJAA0A7,A,A,1.0,4.0,29.0,refgame,1.0,page9-46,3.0,Rectangle shape missing from middle left,6
01KJ121CTDA8X8M3KFS5Z0C2DA,01KJ1AH433HDWM46XC8PJAA0A7,A,C,1.0,5.0,69.0,refgame,2.0,page1-128,6.0,C shape,2
01KJ121CTDA8X8M3KFS5Z0C2DA,01KJ1AH433HDWM46XC8PJAA0A7,A,A,1.0,5.0,34.0,refgame,1.0,page1-128,5.0,Rectangle shape missing from middle right,6
01KJ121CTDA8X8M3KFS5Z0C2DA,01KJ1AH433HDWM46XC8PJAA0A7,A,C,1.0,5.0,67.0,refgame,2.0,page3-136,5.0,T shape or arrow pointing up,6
01KJ121CTDA8X8M3KFS5Z0C2DA,01KJ1AH433HDWM46XC8PJAA0A7,A,A,1.0,5.0,32.0,refgame,1.0,page3-136,6.0,Arrow pointing up,3
01KJ121CTDA8X8M3KFS5Z0C2DA,01KJ1AH433HDWM46XC8PJAA0A7,A,C,1.0,5.0,70.0,refgame,2.0,page3-85,5.0,I shape with triangles hanging off of it,8
01KJ121CTDA8X8M3KFS5Z0C2DA,01KJ1AH433HDWM46XC8PJAA0A7,A,A,1.0,5.0,33.0,refgame,1.0,page3-85,6.0,Lightening bolt shape on top of upside down pyramid,9
01KJ121CTDA8X8M3KFS5Z0C2DA,01KJ1AH433HDWM46XC8PJAA0A7,A,A,1.0,5.0,30.0,refgame,1.0,page5-64,6.0,Horitzontal shape with small triangle in bigger triangle on top left,11
01KJ121CTDA8X8M3KFS5Z0C2DA,01KJ1AH433HDWM46XC8PJAA0A7,A,C,1.0,5.0,71.0,refgame,2.0,page5-64,5.0,"smallest of all of them, looks like a turtle",9
01KJ121CTDA8X8M3KFS5Z0C2DA,01KJ1AH433HDWM46XC8PJAA0A7,A,C,1.0,5.0,68.0,refgame,2.0,page9-27,5.0,Big funnel shape (triangle upside down) ontop of a triangle,10
01KJ121CTDA8X8M3KFS5Z0C2DA,01KJ1AH433HDWM46XC8PJAA0A7,A,A,1.0,5.0,31.0,refgame,1.0,page9-27,6.0,Funnel on top of pyramid,5
01KJ121CTDA8X8M3KFS5Z0C2DA,01KJ1AH433HDWM46XC8PJAA0A7,A,C,1.0,5.0,66.0,refgame,2.0,page9-46,6.0,"backwards C, missing rectangle from middle left part",8
01KJ121CTDA8X8M3KFS5Z0C2DA,01KJ1AH433HDWM46XC8PJAA0A7,A,A,1.0,5.0,35.0,refgame,1.0,page9-46,5.0,Rectangle shape missing from middle left,6
01KJ33KJSZTPJ1ZX8A32CVKHSG,01KJ36ET4XZJSBET24EAAPG563,B,B,1.0,0.0,3.0,refgame,1.0,page1-128,2.0,Rectangle with a bite taken out of it on right hand side,12
01KJ33KJSZTPJ1ZX8A32CVKHSG,01KJ36ET4XZJSBET24EAAPG563,B,C,1.0,0.0,36.0,refgame,2.0,page1-128,1.0,Looks like a C,4
01KJ33KJSZTPJ1ZX8A32CVKHSG,01KJ36ET4XZJSBET24EAAPG563,B,B,1.0,0.0,0.0,refgame,1.0,page3-136,2.0,Looks like a T,4
01KJ33KJSZTPJ1ZX8A32CVKHSG,01KJ36ET4XZJSBET24EAAPG563,B,C,1.0,0.0,38.0,refgame,2.0,page3-136,1.0,Looks like a T,4
01KJ33KJSZTPJ1ZX8A32CVKHSG,01KJ36ET4XZJSBET24EAAPG563,B,B,1.0,0.0,2.0,refgame,1.0,page3-85,1.0,"Upside down arrow at tope, triangles sticking out on left side. Tall and skinny",14
01KJ33KJSZTPJ1ZX8A32CVKHSG,01KJ36ET4XZJSBET24EAAPG563,B,C,1.0,0.0,41.0,refgame,2.0,page3-85,2.0,Upright rectangle with triangles sticking out from its sides,9
01KJ33KJSZTPJ1ZX8A32CVKHSG,01KJ36ET4XZJSBET24EAAPG563,B,B,1.0,0.0,4.0,refgame,1.0,page5-64,2.0,"Looks like group of mountains, triangle, trapezoid, triangle",8
01KJ33KJSZTPJ1ZX8A32CVKHSG,01KJ36ET4XZJSBET24EAAPG563,B,C,1.0,0.0,37.0,refgame,2.0,page5-64,1.0,triangle triangle parallelogram,3
01KJ33KJSZTPJ1ZX8A32CVKHSG,01KJ36ET4XZJSBET24EAAPG563,B,B,1.0,0.0,1.0,refgame,1.0,page9-27,1.0,Looks like a trophy,4
01KJ33KJSZTPJ1ZX8A32CVKHSG,01KJ36ET4XZJSBET24EAAPG563,B,C,1.0,0.0,40.0,refgame,2.0,page9-27,2.0,Looks like a trophy,4
01KJ33KJSZTPJ1ZX8A32CVKHSG,01KJ36ET4XZJSBET24EAAPG563,B,B,1.0,0.0,5.0,refgame,1.0,page9-46,2.0,"Triangle with rectangle sized chunk removed from it, my left",10
01KJ33KJSZTPJ1ZX8A32CVKHSG,01KJ36ET4XZJSBET24EAAPG563,B,C,1.0,0.0,39.0,refgame,2.0,page9-46,1.0,Triangle with a bite taken out of it. Looks like a backward C,13
01KJ33KJSZTPJ1ZX8A32CVKHSG,01KJ36ET4XZJSBET24EAAPG563,B,C,1.0,3.0,59.0,refgame,2.0,page1-128,4.0,Looks a little like a C,6
01KJ33KJSZTPJ1ZX8A32CVKHSG,01KJ36ET4XZJSBET24EAAPG563,B,B,1.0,3.0,21.0,refgame,1.0,page1-128,3.0,Upright rectangle looks like a C,6
01KJ33KJSZTPJ1ZX8A32CVKHSG,01KJ36ET4XZJSBET24EAAPG563,B,C,1.0,3.0,58.0,refgame,2.0,page3-136,3.0,Looks like a T,4
01KJ33KJSZTPJ1ZX8A32CVKHSG,01KJ36ET4XZJSBET24EAAPG563,B,B,1.0,3.0,19.0,refgame,1.0,page3-136,4.0,Looks like a T,4
01KJ33KJSZTPJ1ZX8A32CVKHSG,01KJ36ET4XZJSBET24EAAPG563,B,B,1.0,3.0,23.0,refgame,1.0,page3-85,3.0,Upright rectangle with triangles sticking out on the sides,9
01KJ33KJSZTPJ1ZX8A32CVKHSG,01KJ36ET4XZJSBET24EAAPG563,B,C,1.0,3.0,55.0,refgame,2.0,page3-85,4.0,Looks sort of like the letter J,7
01KJ33KJSZTPJ1ZX8A32CVKHSG,01KJ36ET4XZJSBET24EAAPG563,B,B,1.0,3.0,20.0,refgame,1.0,page5-64,4.0,triangle triangle parallelogram,3
01KJ33KJSZTPJ1ZX8A32CVKHSG,01KJ36ET4XZJSBET24EAAPG563,B,C,1.0,3.0,56.0,refgame,2.0,page5-64,3.0,3 shapes: triangle triangle parallelogram,5
01KJ33KJSZTPJ1ZX8A32CVKHSG,01KJ36ET4XZJSBET24EAAPG563,B,C,1.0,3.0,54.0,refgame,2.0,page9-27,4.0,Looks like a trophy,4
01KJ33KJSZTPJ1ZX8A32CVKHSG,01KJ36ET4XZJSBET24EAAPG563,B,B,1.0,3.0,18.0,refgame,1.0,page9-27,3.0,Looks like a trophy,4
01KJ33KJSZTPJ1ZX8A32CVKHSG,01KJ36ET4XZJSBET24EAAPG563,B,B,1.0,3.0,22.0,refgame,1.0,page9-46,3.0,Partial triangle looks like a backwards C,7
01KJ33KJSZTPJ1ZX8A32CVKHSG,01KJ36ET4XZJSBET24EAAPG563,B,C,1.0,3.0,57.0,refgame,2.0,page9-46,4.0,Looks a little like a backwards C,7
01KJ33KJSZTPJ1ZX8A32CVKHSG,01KJ36ETQEFCRFP2MBHTV3TAYN,B,B,1.0,1.0,6.0,refgame,1.0,page1-128,2.0,recntangle with a rectangle eaten off from it on the right,11
01KJ33KJSZTPJ1ZX8A32CVKHSG,01KJ36ETQEFCRFP2MBHTV3TAYN,B,B,1.0,1.0,44.0,refgame,2.0,page1-128,1.0,rectangle has been eaten from right,6
01KJ33KJSZTPJ1ZX8A32CVKHSG,01KJ36ETQEFCRFP2MBHTV3TAYN,B,B,1.0,1.0,9.0,refgame,1.0,page3-136,1.0,looks like a t,4
01KJ33KJSZTPJ1ZX8A32CVKHSG,01KJ36ETQEFCRFP2MBHTV3TAYN,B,B,1.0,1.0,42.0,refgame,2.0,page3-136,2.0,Looks like a t shape,5
01KJ33KJSZTPJ1ZX8A32CVKHSG,01KJ36ETQEFCRFP2MBHTV3TAYN,B,B,1.0,1.0,11.0,refgame,1.0,page3-85,2.0,upside down triangle at bottom with a long rectangle with triangle in the middle going through the rectangl;e,18
01KJ33KJSZTPJ1ZX8A32CVKHSG,01KJ36ETQEFCRFP2MBHTV3TAYN,B,B,1.0,1.0,46.0,refgame,2.0,page3-85,1.0,"looks like a j, and has triangle going through it",10
01KJ33KJSZTPJ1ZX8A32CVKHSG,01KJ36ETQEFCRFP2MBHTV3TAYN,B,B,1.0,1.0,7.0,refgame,1.0,page5-64,2.0,"3 shapes all next to each other, a triangle, a tiny right triangle and a pallalologram",16
01KJ33KJSZTPJ1ZX8A32CVKHSG,01KJ36ETQEFCRFP2MBHTV3TAYN,B,B,1.0,1.0,45.0,refgame,2.0,page5-64,1.0,"3 shapes, a triangle, a right triangle and then a parallelogram, looks like a bird",15
01KJ33KJSZTPJ1ZX8A32CVKHSG,01KJ36ETQEFCRFP2MBHTV3TAYN,B,B,1.0,1.0,10.0,refgame,1.0,page9-27,1.0,a triangle at the bottom then a square above it then a upside down trapezoid,15
01KJ33KJSZTPJ1ZX8A32CVKHSG,01KJ36ETQEFCRFP2MBHTV3TAYN,B,B,1.0,1.0,47.0,refgame,2.0,page9-27,2.0,"looks like a trophey, has a traingle at the bottom witha  square touching its tip",15
01KJ33KJSZTPJ1ZX8A32CVKHSG,01KJ36ETQEFCRFP2MBHTV3TAYN,B,B,1.0,1.0,8.0,refgame,1.0,page9-46,1.0,rectangle eaten from the left,5
01KJ33KJSZTPJ1ZX8A32CVKHSG,01KJ36ETQEFCRFP2MBHTV3TAYN,B,B,1.0,1.0,43.0,refgame,2.0,page9-46,2.0,recntangle has been eaten from left,6
01KJ33KJSZTPJ1ZX8A32CVKHSG,01KJ36ETQEFCRFP2MBHTV3TAYN,B,A,1.0,4.0,61.0,refgame,2.0,page1-128,3.0,"looks like a c, witha  rectangle eaten from right",9
01KJ33KJSZTPJ1ZX8A32CVKHSG,01KJ36ETQEFCRFP2MBHTV3TAYN,B,B,1.0,4.0,28.0,refgame,1.0,page1-128,4.0,"rectangle being eaten from right, looks like c",8
01KJ33KJSZTPJ1ZX8A32CVKHSG,01KJ36ETQEFCRFP2MBHTV3TAYN,B,A,1.0,4.0,60.0,refgame,2.0,page3-136,3.0,"looks like a t, yes",5
01KJ33KJSZTPJ1ZX8A32CVKHSG,01KJ36ETQEFCRFP2MBHTV3TAYN,B,B,1.0,4.0,26.0,refgame,1.0,page3-136,4.0,T shape,2
01KJ33KJSZTPJ1ZX8A32CVKHSG,01KJ36ETQEFCRFP2MBHTV3TAYN,B,B,1.0,4.0,27.0,refgame,1.0,page3-85,3.0,a rectangle with triangles oging through it,7
01KJ33KJSZTPJ1ZX8A32CVKHSG,01KJ36ETQEFCRFP2MBHTV3TAYN,B,A,1.0,4.0,65.0,refgame,2.0,page3-85,4.0,looks like a j,4
01KJ33KJSZTPJ1ZX8A32CVKHSG,01KJ36ETQEFCRFP2MBHTV3TAYN,B,A,1.0,4.0,62.0,refgame,2.0,page5-64,4.0,"3 shapes triangle triangle parallelogram, also looks likes a bird",10
01KJ33KJSZTPJ1ZX8A32CVKHSG,01KJ36ETQEFCRFP2MBHTV3TAYN,B,B,1.0,4.0,24.0,refgame,1.0,page5-64,3.0,"3 shapes, a triangle a right triangle and a aprallelogram",10
01KJ33KJSZTPJ1ZX8A32CVKHSG,01KJ36ETQEFCRFP2MBHTV3TAYN,B,B,1.0,4.0,29.0,refgame,1.0,page9-27,4.0,"a trapezoid at top, a square below it, and a triangle at the bottom, trapezoid is upside down",18
01KJ33KJSZTPJ1ZX8A32CVKHSG,01KJ36ETQEFCRFP2MBHTV3TAYN,B,A,1.0,4.0,64.0,refgame,2.0,page9-27,3.0,looks like a trophey,4
01KJ33KJSZTPJ1ZX8A32CVKHSG,01KJ36ETQEFCRFP2MBHTV3TAYN,B,B,1.0,4.0,25.0,refgame,1.0,page9-46,4.0,rectangle being eaten from left,5
01KJ33KJSZTPJ1ZX8A32CVKHSG,01KJ36ETQEFCRFP2MBHTV3TAYN,B,A,1.0,4.0,63.0,refgame,2.0,page9-46,3.0,"rectangle eaten from left, also backwards c",7
01KJ33KJSZTPJ1ZX8A32CVKHSG,01KJ36F4YDX6CZ5RBVN7KN0VFA,C,C,1.0,2.0,49.0,refgame,2.0,page1-128,1.0,a c facing the right way,6
01KJ33KJSZTPJ1ZX8A32CVKHSG,01KJ36F4YDX6CZ5RBVN7KN0VFA,C,C,1.0,2.0,13.0,refgame,1.0,page1-128,2.0,c facing the right way,5
01KJ33KJSZTPJ1ZX8A32CVKHSG,01KJ36F4YDX6CZ5RBVN7KN0VFA,C,C,1.0,2.0,14.0,refgame,1.0,page3-136,2.0,a T with a triangle pointing up,7
01KJ33KJSZTPJ1ZX8A32CVKHSG,01KJ36F4YDX6CZ5RBVN7KN0VFA,C,C,1.0,2.0,50.0,refgame,2.0,page3-136,1.0,a t shape with a triangle pointing up,8
01KJ33KJSZTPJ1ZX8A32CVKHSG,01KJ36F4YDX6CZ5RBVN7KN0VFA,C,C,1.0,2.0,17.0,refgame,1.0,page3-85,2.0,the letter j,3
01KJ33KJSZTPJ1ZX8A32CVKHSG,01KJ36F4YDX6CZ5RBVN7KN0VFA,C,C,1.0,2.0,53.0,refgame,2.0,page3-85,1.0,letter j,2
01KJ33KJSZTPJ1ZX8A32CVKHSG,01KJ36F4YDX6CZ5RBVN7KN0VFA,C,C,1.0,2.0,15.0,refgame,1.0,page5-64,1.0,lowest profile,2
01KJ33KJSZTPJ1ZX8A32CVKHSG,01KJ36F4YDX6CZ5RBVN7KN0VFA,C,C,1.0,2.0,52.0,refgame,2.0,page5-64,2.0,lowest profile,2
01KJ33KJSZTPJ1ZX8A32CVKHSG,01KJ36F4YDX6CZ5RBVN7KN0VFA,C,C,1.0,2.0,16.0,refgame,1.0,page9-27,2.0,an upside down triangle with a triangle pointing up on bottom,11
01KJ33KJSZTPJ1ZX8A32CVKHSG,01KJ36F4YDX6CZ5RBVN7KN0VFA,C,C,1.0,2.0,48.0,refgame,2.0,page9-27,1.0,upside down triangle with a triangle pointing up on bottom,10
01KJ33KJSZTPJ1ZX8A32CVKHSG,01KJ36F4YDX6CZ5RBVN7KN0VFA,C,C,1.0,2.0,51.0,refgame,2.0,page9-46,1.0,a backwards c,3
01KJ33KJSZTPJ1ZX8A32CVKHSG,01KJ36F4YDX6CZ5RBVN7KN0VFA,C,C,1.0,2.0,12.0,refgame,1.0,page9-46,2.0,backwards c,2
01KJ33KJSZTPJ1ZX8A32CVKHSG,01KJ36F4YDX6CZ5RBVN7KN0VFA,C,C,1.0,5.0,33.0,refgame,1.0,page1-128,3.0,c facing the right way,5
01KJ33KJSZTPJ1ZX8A32CVKHSG,01KJ36F4YDX6CZ5RBVN7KN0VFA,C,A,1.0,5.0,71.0,refgame,2.0,page1-128,4.0,C facing the right way,5
01KJ33KJSZTPJ1ZX8A32CVKHSG,01KJ36F4YDX6CZ5RBVN7KN0VFA,C,C,1.0,5.0,31.0,refgame,1.0,page3-136,3.0,a T with a triangle pointing up,7
01KJ33KJSZTPJ1ZX8A32CVKHSG,01KJ36F4YDX6CZ5RBVN7KN0VFA,C,A,1.0,5.0,68.0,refgame,2.0,page3-136,4.0,letter T with a triangle pointing up on top,9
01KJ33KJSZTPJ1ZX8A32CVKHSG,01KJ36F4YDX6CZ5RBVN7KN0VFA,C,C,1.0,5.0,34.0,refgame,1.0,page3-85,4.0,letter j,2
01KJ33KJSZTPJ1ZX8A32CVKHSG,01KJ36F4YDX6CZ5RBVN7KN0VFA,C,A,1.0,5.0,70.0,refgame,2.0,page3-85,3.0,letter j,2
01KJ33KJSZTPJ1ZX8A32CVKHSG,01KJ36F4YDX6CZ5RBVN7KN0VFA,C,C,1.0,5.0,35.0,refgame,1.0,page5-64,4.0,lowest profile,2
01KJ33KJSZTPJ1ZX8A32CVKHSG,01KJ36F4YDX6CZ5RBVN7KN0VFA,C,A,1.0,5.0,67.0,refgame,2.0,page5-64,3.0,low profile,2
01KJ33KJSZTPJ1ZX8A32CVKHSG,01KJ36F4YDX6CZ5RBVN7KN0VFA,C,C,1.0,5.0,30.0,refgame,1.0,page9-27,4.0,upside down triangle with a triangle facing up on bottom,10
01KJ33KJSZTPJ1ZX8A32CVKHSG,01KJ36F4YDX6CZ5RBVN7KN0VFA,C,A,1.0,5.0,66.0,refgame,2.0,page9-27,3.0,upside down triangle with a triangle pointing up on bottom,10
01KJ33KJSZTPJ1ZX8A32CVKHSG,01KJ36F4YDX6CZ5RBVN7KN0VFA,C,C,1.0,5.0,32.0,refgame,1.0,page9-46,4.0,backwards c,2
01KJ33KJSZTPJ1ZX8A32CVKHSG,01KJ36F4YDX6CZ5RBVN7KN0VFA,C,A,1.0,5.0,69.0,refgame,2.0,page9-46,3.0,a backwards c,3
01KJ33KJSZTPJ1ZX8A32CVKHSG,01KJ36FC5TV0WE77HY2CRQEVK9,C,C,1.0,0.0,3.0,refgame,1.0,page1-128,2.0,It looks like the letter c facing the correct direction,10
01KJ33KJSZTPJ1ZX8A32CVKHSG,01KJ36FC5TV0WE77HY2CRQEVK9,C,B,1.0,0.0,36.0,refgame,2.0,page1-128,1.0,letter c facing the correct way,6
01KJ33KJSZTPJ1ZX8A32CVKHSG,01KJ36FC5TV0WE77HY2CRQEVK9,C,C,1.0,0.0,0.0,refgame,1.0,page3-136,2.0,It looks like the letter T or a lot like a cross,12
01KJ33KJSZTPJ1ZX8A32CVKHSG,01KJ36FC5TV0WE77HY2CRQEVK9,C,B,1.0,0.0,38.0,refgame,2.0,page3-136,1.0,it's a capital T and there is a tiny triangle on top of the T,15
01KJ33KJSZTPJ1ZX8A32CVKHSG,01KJ36FC5TV0WE77HY2CRQEVK9,C,C,1.0,0.0,2.0,refgame,1.0,page3-85,1.0,It looks like the letter J,6
01KJ33KJSZTPJ1ZX8A32CVKHSG,01KJ36FC5TV0WE77HY2CRQEVK9,C,B,1.0,0.0,41.0,refgame,2.0,page3-85,2.0,it's the shape of the letter J,7
01KJ33KJSZTPJ1ZX8A32CVKHSG,01KJ36FC5TV0WE77HY2CRQEVK9,C,C,1.0,0.0,4.0,refgame,1.0,page5-64,2.0,It's has the lowest profile and could be a three leaf clover,12
01KJ33KJSZTPJ1ZX8A32CVKHSG,01KJ36FC5TV0WE77HY2CRQEVK9,C,B,1.0,0.0,37.0,refgame,2.0,page5-64,1.0,"it has the lowest profile, could be a three leaf clover, maybe a bird",14
01KJ33KJSZTPJ1ZX8A32CVKHSG,01KJ36FC5TV0WE77HY2CRQEVK9,C,C,1.0,0.0,1.0,refgame,1.0,page9-27,1.0,It's a triangle with an inverted pedestal on to,9
01KJ33KJSZTPJ1ZX8A32CVKHSG,01KJ36FC5TV0WE77HY2CRQEVK9,C,B,1.0,0.0,40.0,refgame,2.0,page9-27,2.0,there is a tiny triangle on bottom supported a pedastal,10
01KJ33KJSZTPJ1ZX8A32CVKHSG,01KJ36FC5TV0WE77HY2CRQEVK9,C,C,1.0,0.0,5.0,refgame,1.0,page9-46,2.0,"It's the shape of a triangle, making a backwards c",10
01KJ33KJSZTPJ1ZX8A32CVKHSG,01KJ36FC5TV0WE77HY2CRQEVK9,C,B,1.0,0.0,39.0,refgame,2.0,page9-46,1.0,it's a backyards C,4
01KJ33KJSZTPJ1ZX8A32CVKHSG,01KJ36FC5TV0WE77HY2CRQEVK9,C,B,1.0,3.0,59.0,refgame,2.0,page1-128,3.0,A correct facing C,4
01KJ33KJSZTPJ1ZX8A32CVKHSG,01KJ36FC5TV0WE77HY2CRQEVK9,C,C,1.0,3.0,21.0,refgame,1.0,page1-128,4.0,C facing correct way,4
01KJ33KJSZTPJ1ZX8A32CVKHSG,01KJ36FC5TV0WE77HY2CRQEVK9,C,B,1.0,3.0,58.0,refgame,2.0,page3-136,3.0,it's a capital T with a tiny triangle on top,10
01KJ33KJSZTPJ1ZX8A32CVKHSG,01KJ36FC5TV0WE77HY2CRQEVK9,C,C,1.0,3.0,19.0,refgame,1.0,page3-136,4.0,A T with a triangle on top facing up,9
01KJ33KJSZTPJ1ZX8A32CVKHSG,01KJ36FC5TV0WE77HY2CRQEVK9,C,C,1.0,3.0,23.0,refgame,1.0,page3-85,3.0,letter J,2
01KJ33KJSZTPJ1ZX8A32CVKHSG,01KJ36FC5TV0WE77HY2CRQEVK9,C,B,1.0,3.0,55.0,refgame,2.0,page3-85,4.0,Looks like the letter J,5
01KJ33KJSZTPJ1ZX8A32CVKHSG,01KJ36FC5TV0WE77HY2CRQEVK9,C,C,1.0,3.0,20.0,refgame,1.0,page5-64,4.0,low profile,2
01KJ33KJSZTPJ1ZX8A32CVKHSG,01KJ36FC5TV0WE77HY2CRQEVK9,C,B,1.0,3.0,56.0,refgame,2.0,page5-64,3.0,"low profile, looks like a bird",6
01KJ33KJSZTPJ1ZX8A32CVKHSG,01KJ36FC5TV0WE77HY2CRQEVK9,C,B,1.0,3.0,54.0,refgame,2.0,page9-27,3.0,tiny triangle on bottom balancing a pedestal on top,9
01KJ33KJSZTPJ1ZX8A32CVKHSG,01KJ36FC5TV0WE77HY2CRQEVK9,C,C,1.0,3.0,18.0,refgame,1.0,page9-27,4.0,"Bottom triangle facing up, with a pedestal on top",9
01KJ33KJSZTPJ1ZX8A32CVKHSG,01KJ36FC5TV0WE77HY2CRQEVK9,C,C,1.0,3.0,22.0,refgame,1.0,page9-46,3.0,backwards c,2
01KJ33KJSZTPJ1ZX8A32CVKHSG,01KJ36FC5TV0WE77HY2CRQEVK9,C,B,1.0,3.0,57.0,refgame,2.0,page9-46,4.0,backwards c,2
01KJ33KJSZTPJ1ZX8A32CVKHSG,01KJ36FPQT07Q8H1HTHKNR9ZHN,C,C,1.0,1.0,6.0,refgame,1.0,page1-128,1.0,C facing the right way,5
01KJ33KJSZTPJ1ZX8A32CVKHSG,01KJ36FPQT07Q8H1HTHKNR9ZHN,C,A,1.0,1.0,44.0,refgame,2.0,page1-128,2.0,C facing the right way,5
01KJ33KJSZTPJ1ZX8A32CVKHSG,01KJ36FPQT07Q8H1HTHKNR9ZHN,C,C,1.0,1.0,9.0,refgame,1.0,page3-136,2.0,letter t with a triangle pointing up on top,9
01KJ33KJSZTPJ1ZX8A32CVKHSG,01KJ36FPQT07Q8H1HTHKNR9ZHN,C,A,1.0,1.0,42.0,refgame,2.0,page3-136,1.0,T shaped with a triangle facing up on top,9
01KJ33KJSZTPJ1ZX8A32CVKHSG,01KJ36FPQT07Q8H1HTHKNR9ZHN,C,C,1.0,1.0,11.0,refgame,1.0,page3-85,2.0,J,1
01KJ33KJSZTPJ1ZX8A32CVKHSG,01KJ36FPQT07Q8H1HTHKNR9ZHN,C,A,1.0,1.0,46.0,refgame,2.0,page3-85,1.0,Looks like a J,4
01KJ33KJSZTPJ1ZX8A32CVKHSG,01KJ36FPQT07Q8H1HTHKNR9ZHN,C,C,1.0,1.0,7.0,refgame,1.0,page5-64,2.0,low profile one,3
01KJ33KJSZTPJ1ZX8A32CVKHSG,01KJ36FPQT07Q8H1HTHKNR9ZHN,C,A,1.0,1.0,45.0,refgame,2.0,page5-64,1.0,lowest profile option,3
01KJ33KJSZTPJ1ZX8A32CVKHSG,01KJ36FPQT07Q8H1HTHKNR9ZHN,C,C,1.0,1.0,10.0,refgame,1.0,page9-27,1.0,T sitting on a triangle pointing up at bottom,9
01KJ33KJSZTPJ1ZX8A32CVKHSG,01KJ36FPQT07Q8H1HTHKNR9ZHN,C,A,1.0,1.0,47.0,refgame,2.0,page9-27,2.0,upside down triangle on top with a triangle facing up on the bottom holding up the rest,17
01KJ33KJSZTPJ1ZX8A32CVKHSG,01KJ36FPQT07Q8H1HTHKNR9ZHN,C,C,1.0,1.0,8.0,refgame,1.0,page9-46,2.0,backwards c,2
01KJ33KJSZTPJ1ZX8A32CVKHSG,01KJ36FPQT07Q8H1HTHKNR9ZHN,C,A,1.0,1.0,43.0,refgame,2.0,page9-46,1.0,backwards c,2
01KJ33KJSZTPJ1ZX8A32CVKHSG,01KJ36FPQT07Q8H1HTHKNR9ZHN,C,C,1.0,4.0,61.0,refgame,2.0,page1-128,3.0,Letter C,2
01KJ33KJSZTPJ1ZX8A32CVKHSG,01KJ36FPQT07Q8H1HTHKNR9ZHN,C,C,1.0,4.0,28.0,refgame,1.0,page1-128,4.0,C facing right way,4
01KJ33KJSZTPJ1ZX8A32CVKHSG,01KJ36FPQT07Q8H1HTHKNR9ZHN,C,C,1.0,4.0,60.0,refgame,2.0,page3-136,4.0,Letter t with a triangle facing up on the top,10
01KJ33KJSZTPJ1ZX8A32CVKHSG,01KJ36FPQT07Q8H1HTHKNR9ZHN,C,C,1.0,4.0,26.0,refgame,1.0,page3-136,3.0,t with triangle on top,5
01KJ33KJSZTPJ1ZX8A32CVKHSG,01KJ36FPQT07Q8H1HTHKNR9ZHN,C,C,1.0,4.0,27.0,refgame,1.0,page3-85,4.0,J,1
01KJ33KJSZTPJ1ZX8A32CVKHSG,01KJ36FPQT07Q8H1HTHKNR9ZHN,C,C,1.0,4.0,65.0,refgame,2.0,page3-85,3.0,J looking shape,3
01KJ33KJSZTPJ1ZX8A32CVKHSG,01KJ36FPQT07Q8H1HTHKNR9ZHN,C,C,1.0,4.0,62.0,refgame,2.0,page5-64,3.0,"smallest shape, lowest profile",4
01KJ33KJSZTPJ1ZX8A32CVKHSG,01KJ36FPQT07Q8H1HTHKNR9ZHN,C,C,1.0,4.0,24.0,refgame,1.0,page5-64,4.0,low profile,2
01KJ33KJSZTPJ1ZX8A32CVKHSG,01KJ36FPQT07Q8H1HTHKNR9ZHN,C,C,1.0,4.0,29.0,refgame,1.0,page9-27,4.0,"Triangle facing down on top and up on bottom, t shaped",11
01KJ33KJSZTPJ1ZX8A32CVKHSG,01KJ36FPQT07Q8H1HTHKNR9ZHN,C,C,1.0,4.0,64.0,refgame,2.0,page9-27,3.0,upside down triangle on top and on the bottom is a triangle facing up holding everything up,17
01KJ33KJSZTPJ1ZX8A32CVKHSG,01KJ36FPQT07Q8H1HTHKNR9ZHN,C,C,1.0,4.0,25.0,refgame,1.0,page9-46,3.0,backwards c,2
01KJ33KJSZTPJ1ZX8A32CVKHSG,01KJ36FPQT07Q8H1HTHKNR9ZHN,C,C,1.0,4.0,63.0,refgame,2.0,page9-46,4.0,backwards c or like a wave with slant on right side,11
01KJ33KJSZTPJ1ZX8A32CVKHSG,01KJ36H4JT5FXT099834BWVZ2X,A,A,1.0,0.0,3.0,refgame,1.0,page1-128,1.0,it is straight up and down with a section of pixels missing on the top right side,17
01KJ33KJSZTPJ1ZX8A32CVKHSG,01KJ36H4JT5FXT099834BWVZ2X,A,A,1.0,0.0,36.0,refgame,2.0,page1-128,2.0,its a rectangle with a section cut out on the right side,12
01KJ33KJSZTPJ1ZX8A32CVKHSG,01KJ36H4JT5FXT099834BWVZ2X,A,A,1.0,0.0,0.0,refgame,1.0,page3-136,1.0,it looks like an axe,5
01KJ33KJSZTPJ1ZX8A32CVKHSG,01KJ36H4JT5FXT099834BWVZ2X,A,A,1.0,0.0,38.0,refgame,2.0,page3-136,2.0,looks like an axe,4
01KJ33KJSZTPJ1ZX8A32CVKHSG,01KJ36H4JT5FXT099834BWVZ2X,A,A,1.0,0.0,2.0,refgame,1.0,page3-85,1.0,it has like a hook shape on the bottom and is straight up and down,15
01KJ33KJSZTPJ1ZX8A32CVKHSG,01KJ36H4JT5FXT099834BWVZ2X,A,A,1.0,0.0,41.0,refgame,2.0,page3-85,2.0,looks like a sword piercing through something. Vertical up and down,11
01KJ33KJSZTPJ1ZX8A32CVKHSG,01KJ36H4JT5FXT099834BWVZ2X,A,A,1.0,0.0,4.0,refgame,1.0,page5-64,1.0,it is horizontal and kind of looks like a bird with spread wings,13
01KJ33KJSZTPJ1ZX8A32CVKHSG,01KJ36H4JT5FXT099834BWVZ2X,A,A,1.0,0.0,37.0,refgame,2.0,page5-64,2.0,it looks like a bird with wings spread. the smallest shape,11
01KJ33KJSZTPJ1ZX8A32CVKHSG,01KJ36H4JT5FXT099834BWVZ2X,A,A,1.0,0.0,1.0,refgame,1.0,page9-27,1.0,it has a triangle at the bottom and a bigger shape on top,13
01KJ33KJSZTPJ1ZX8A32CVKHSG,01KJ36H4JT5FXT099834BWVZ2X,A,A,1.0,0.0,40.0,refgame,2.0,page9-27,2.0,big shape balancing on a triangle. Looks like a flower.,10
01KJ33KJSZTPJ1ZX8A32CVKHSG,01KJ36H4JT5FXT099834BWVZ2X,A,A,1.0,0.0,5.0,refgame,1.0,page9-46,2.0,it is horizontal with a slope on the right side and a hole in the left side,17
01KJ33KJSZTPJ1ZX8A32CVKHSG,01KJ36H4JT5FXT099834BWVZ2X,A,A,1.0,0.0,39.0,refgame,2.0,page9-46,1.0,looks like a wave. notch missing on left and slanted on right,12
01KJ33KJSZTPJ1ZX8A32CVKHSG,01KJ36H4JT5FXT099834BWVZ2X,A,A,1.0,3.0,59.0,refgame,2.0,page1-128,3.0,Letter C,2
01KJ33KJSZTPJ1ZX8A32CVKHSG,01KJ36H4JT5FXT099834BWVZ2X,A,A,1.0,3.0,21.0,refgame,1.0,page1-128,4.0,rectangle with a chunk missing,5
01KJ33KJSZTPJ1ZX8A32CVKHSG,01KJ36H4JT5FXT099834BWVZ2X,A,A,1.0,3.0,58.0,refgame,2.0,page3-136,4.0,looks like an axe or the letter T,8
01KJ33KJSZTPJ1ZX8A32CVKHSG,01KJ36H4JT5FXT099834BWVZ2X,A,A,1.0,3.0,19.0,refgame,1.0,page3-136,3.0,looks like an axe,4
01KJ33KJSZTPJ1ZX8A32CVKHSG,01KJ36H4JT5FXT099834BWVZ2X,A,A,1.0,3.0,23.0,refgame,1.0,page3-85,4.0,the one that kinda looks like a sword,8
01KJ33KJSZTPJ1ZX8A32CVKHSG,01KJ36H4JT5FXT099834BWVZ2X,A,A,1.0,3.0,55.0,refgame,2.0,page3-85,3.0,looks like a sword piercing through something or the letter j,11
01KJ33KJSZTPJ1ZX8A32CVKHSG,01KJ36H4JT5FXT099834BWVZ2X,A,A,1.0,3.0,20.0,refgame,1.0,page5-64,4.0,looks like a bird,4
01KJ33KJSZTPJ1ZX8A32CVKHSG,01KJ36H4JT5FXT099834BWVZ2X,A,A,1.0,3.0,56.0,refgame,2.0,page5-64,3.0,smallest shape. looks like a bird with wings spread,9
01KJ33KJSZTPJ1ZX8A32CVKHSG,01KJ36H4JT5FXT099834BWVZ2X,A,A,1.0,3.0,54.0,refgame,2.0,page9-27,4.0,larger shape balancing on a triangle. looks like a flower,10
01KJ33KJSZTPJ1ZX8A32CVKHSG,01KJ36H4JT5FXT099834BWVZ2X,A,A,1.0,3.0,18.0,refgame,1.0,page9-27,3.0,it's a bigger shape balancing on a triangle.,8
01KJ33KJSZTPJ1ZX8A32CVKHSG,01KJ36H4JT5FXT099834BWVZ2X,A,A,1.0,3.0,22.0,refgame,1.0,page9-46,4.0,the wave,2
01KJ33KJSZTPJ1ZX8A32CVKHSG,01KJ36H4JT5FXT099834BWVZ2X,A,A,1.0,3.0,57.0,refgame,2.0,page9-46,3.0,looks like a wave. Notch cut out on left side and slanted on right.,14
01KJ33KJSZTPJ1ZX8A32CVKHSG,01KJ36HP23RMC93E849APAJY04,B,A,1.0,2.0,49.0,refgame,2.0,page1-128,1.0,looks like the letter C,5
01KJ33KJSZTPJ1ZX8A32CVKHSG,01KJ36HP23RMC93E849APAJY04,B,B,1.0,2.0,13.0,refgame,1.0,page1-128,2.0,looks like the letter C,5
01KJ33KJSZTPJ1ZX8A32CVKHSG,01KJ36HP23RMC93E849APAJY04,B,B,1.0,2.0,14.0,refgame,1.0,page3-136,2.0,Looks like T,3
01KJ33KJSZTPJ1ZX8A32CVKHSG,01KJ36HP23RMC93E849APAJY04,B,A,1.0,2.0,50.0,refgame,2.0,page3-136,1.0,looks like the letter T,5
01KJ33KJSZTPJ1ZX8A32CVKHSG,01KJ36HP23RMC93E849APAJY04,B,B,1.0,2.0,17.0,refgame,1.0,page3-85,2.0,long rectangle with Triangles sticking out,6
01KJ33KJSZTPJ1ZX8A32CVKHSG,01KJ36HP23RMC93E849APAJY04,B,A,1.0,2.0,53.0,refgame,2.0,page3-85,1.0,long rectangle with trianlgs sticking out.... also looks like the letter J,12
01KJ33KJSZTPJ1ZX8A32CVKHSG,01KJ36HP23RMC93E849APAJY04,B,B,1.0,2.0,15.0,refgame,1.0,page5-64,2.0,looks like a Bird,4
01KJ33KJSZTPJ1ZX8A32CVKHSG,01KJ36HP23RMC93E849APAJY04,B,A,1.0,2.0,52.0,refgame,2.0,page5-64,1.0,"triangle, parallagram,triangle... also looks like a bird",7
01KJ33KJSZTPJ1ZX8A32CVKHSG,01KJ36HP23RMC93E849APAJY04,B,B,1.0,2.0,16.0,refgame,1.0,page9-27,1.0,looks like a Trophy,4
01KJ33KJSZTPJ1ZX8A32CVKHSG,01KJ36HP23RMC93E849APAJY04,B,A,1.0,2.0,48.0,refgame,2.0,page9-27,2.0,looks like a Trophy,4
01KJ33KJSZTPJ1ZX8A32CVKHSG,01KJ36HP23RMC93E849APAJY04,B,A,1.0,2.0,51.0,refgame,2.0,page9-46,2.0,looks like the letter C backwards,6
01KJ33KJSZTPJ1ZX8A32CVKHSG,01KJ36HP23RMC93E849APAJY04,B,B,1.0,2.0,12.0,refgame,1.0,page9-46,1.0,backwards C.,2
01KJ33KJSZTPJ1ZX8A32CVKHSG,01KJ36HP23RMC93E849APAJY04,B,B,1.0,5.0,33.0,refgame,1.0,page1-128,4.0,looks like C,3
01KJ33KJSZTPJ1ZX8A32CVKHSG,01KJ36HP23RMC93E849APAJY04,B,B,1.0,5.0,71.0,refgame,2.0,page1-128,3.0,the letter C,3
01KJ33KJSZTPJ1ZX8A32CVKHSG,01KJ36HP23RMC93E849APAJY04,B,B,1.0,5.0,31.0,refgame,1.0,page3-136,4.0,a T,2
01KJ33KJSZTPJ1ZX8A32CVKHSG,01KJ36HP23RMC93E849APAJY04,B,B,1.0,5.0,68.0,refgame,2.0,page3-136,3.0,the letter T,3
01KJ33KJSZTPJ1ZX8A32CVKHSG,01KJ36HP23RMC93E849APAJY04,B,B,1.0,5.0,34.0,refgame,1.0,page3-85,3.0,long rectangle with triangles sticking out,6
01KJ33KJSZTPJ1ZX8A32CVKHSG,01KJ36HP23RMC93E849APAJY04,B,B,1.0,5.0,70.0,refgame,2.0,page3-85,4.0,long rectangle with triangles sticking out... or the letter J,10
01KJ33KJSZTPJ1ZX8A32CVKHSG,01KJ36HP23RMC93E849APAJY04,B,B,1.0,5.0,35.0,refgame,1.0,page5-64,3.0,"triangle, parallagram,triangle",2
01KJ33KJSZTPJ1ZX8A32CVKHSG,01KJ36HP23RMC93E849APAJY04,B,B,1.0,5.0,67.0,refgame,2.0,page5-64,4.0,"triangle, parallagram, triangle...also looks like a bird",7
01KJ33KJSZTPJ1ZX8A32CVKHSG,01KJ36HP23RMC93E849APAJY04,B,B,1.0,5.0,30.0,refgame,1.0,page9-27,3.0,a Trophy,2
01KJ33KJSZTPJ1ZX8A32CVKHSG,01KJ36HP23RMC93E849APAJY04,B,B,1.0,5.0,66.0,refgame,2.0,page9-27,4.0,looks like a Trophy,4
01KJ33KJSZTPJ1ZX8A32CVKHSG,01KJ36HP23RMC93E849APAJY04,B,B,1.0,5.0,32.0,refgame,1.0,page9-46,3.0,Backwards C,2
01KJ33KJSZTPJ1ZX8A32CVKHSG,01KJ36HP23RMC93E849APAJY04,B,B,1.0,5.0,69.0,refgame,2.0,page9-46,4.0,looks like a backward C...or wave with something missing on the left of it,14
01KJ33KJSZTPJ1ZX8A32CVKHSG,01KJ36HPQGRRDA1JZ2BN1MDMN4,A,A,1.0,1.0,6.0,refgame,1.0,page1-128,2.0,IT is a rectangle with a notch cut out on the right side.,13
01KJ33KJSZTPJ1ZX8A32CVKHSG,01KJ36HPQGRRDA1JZ2BN1MDMN4,A,C,1.0,1.0,44.0,refgame,2.0,page1-128,1.0,A rectangle with a notch cut out on the right.,10
01KJ33KJSZTPJ1ZX8A32CVKHSG,01KJ36HPQGRRDA1JZ2BN1MDMN4,A,A,1.0,1.0,9.0,refgame,1.0,page3-136,1.0,It looks like an axe.,5
01KJ33KJSZTPJ1ZX8A32CVKHSG,01KJ36HPQGRRDA1JZ2BN1MDMN4,A,C,1.0,1.0,42.0,refgame,2.0,page3-136,2.0,It looks like a T or an axe,8
01KJ33KJSZTPJ1ZX8A32CVKHSG,01KJ36HPQGRRDA1JZ2BN1MDMN4,A,A,1.0,1.0,11.0,refgame,1.0,page3-85,1.0,It looks like an upside-down sword piercing a polygon.,9
01KJ33KJSZTPJ1ZX8A32CVKHSG,01KJ36HPQGRRDA1JZ2BN1MDMN4,A,C,1.0,1.0,46.0,refgame,2.0,page3-85,2.0,"An upside-down sword piercing a polygon, Yeah",7
01KJ33KJSZTPJ1ZX8A32CVKHSG,01KJ36HPQGRRDA1JZ2BN1MDMN4,A,A,1.0,1.0,7.0,refgame,1.0,page5-64,1.0,It looks like a bird. It is the smallest shape. Triangles and a diamond.,14
01KJ33KJSZTPJ1ZX8A32CVKHSG,01KJ36HPQGRRDA1JZ2BN1MDMN4,A,C,1.0,1.0,45.0,refgame,2.0,page5-64,2.0,A bird made of a diamond and two triangles. The smallest shape.,12
01KJ33KJSZTPJ1ZX8A32CVKHSG,01KJ36HPQGRRDA1JZ2BN1MDMN4,A,A,1.0,1.0,10.0,refgame,1.0,page9-27,1.0,It is balancing on a triangle at the bottom.,9
01KJ33KJSZTPJ1ZX8A32CVKHSG,01KJ36HPQGRRDA1JZ2BN1MDMN4,A,C,1.0,1.0,47.0,refgame,2.0,page9-27,2.0,The large shape balanced on a small triangle at the bottom,11
01KJ33KJSZTPJ1ZX8A32CVKHSG,01KJ36HPQGRRDA1JZ2BN1MDMN4,A,A,1.0,1.0,8.0,refgame,1.0,page9-46,1.0,It looks like a wave with a notch cut out on the left side.,14
01KJ33KJSZTPJ1ZX8A32CVKHSG,01KJ36HPQGRRDA1JZ2BN1MDMN4,A,C,1.0,1.0,43.0,refgame,2.0,page9-46,2.0,It looks like a wave with a notch cut out on the left.,13
01KJ33KJSZTPJ1ZX8A32CVKHSG,01KJ36HPQGRRDA1JZ2BN1MDMN4,A,B,1.0,4.0,61.0,refgame,2.0,page1-128,4.0,letter C,2
01KJ33KJSZTPJ1ZX8A32CVKHSG,01KJ36HPQGRRDA1JZ2BN1MDMN4,A,A,1.0,4.0,28.0,refgame,1.0,page1-128,3.0,The rectangle with a notch cut out of the right side,11
01KJ33KJSZTPJ1ZX8A32CVKHSG,01KJ36HPQGRRDA1JZ2BN1MDMN4,A,B,1.0,4.0,60.0,refgame,2.0,page3-136,3.0,letter T,2
01KJ33KJSZTPJ1ZX8A32CVKHSG,01KJ36HPQGRRDA1JZ2BN1MDMN4,A,A,1.0,4.0,26.0,refgame,1.0,page3-136,4.0,The axe,2
01KJ33KJSZTPJ1ZX8A32CVKHSG,01KJ36HPQGRRDA1JZ2BN1MDMN4,A,A,1.0,4.0,27.0,refgame,1.0,page3-85,4.0,The upside-down sword,3
01KJ33KJSZTPJ1ZX8A32CVKHSG,01KJ36HPQGRRDA1JZ2BN1MDMN4,A,B,1.0,4.0,65.0,refgame,2.0,page3-85,3.0,letter J or upside-down sword piercing polygon,7
01KJ33KJSZTPJ1ZX8A32CVKHSG,01KJ36HPQGRRDA1JZ2BN1MDMN4,A,B,1.0,4.0,62.0,refgame,2.0,page5-64,3.0,bird made of triangles and diamond,6
01KJ33KJSZTPJ1ZX8A32CVKHSG,01KJ36HPQGRRDA1JZ2BN1MDMN4,A,A,1.0,4.0,24.0,refgame,1.0,page5-64,4.0,The bird with triangles and a diamond,7
01KJ33KJSZTPJ1ZX8A32CVKHSG,01KJ36HPQGRRDA1JZ2BN1MDMN4,A,A,1.0,4.0,29.0,refgame,1.0,page9-27,3.0,The large shape balanced on a triangle at the bottom,10
01KJ33KJSZTPJ1ZX8A32CVKHSG,01KJ36HPQGRRDA1JZ2BN1MDMN4,A,B,1.0,4.0,64.0,refgame,2.0,page9-27,4.0,Letter Y balanced on small triangle at bottom,8
01KJ33KJSZTPJ1ZX8A32CVKHSG,01KJ36HPQGRRDA1JZ2BN1MDMN4,A,A,1.0,4.0,25.0,refgame,1.0,page9-46,4.0,The wave,2
01KJ33KJSZTPJ1ZX8A32CVKHSG,01KJ36HPQGRRDA1JZ2BN1MDMN4,A,B,1.0,4.0,63.0,refgame,2.0,page9-46,3.0,wave with notch cut out on left or backwards letter C,11
01KJ33KJSZTPJ1ZX8A32CVKHSG,01KJ36JHZG7RJW8JFPYPM1ZBSD,A,B,1.0,2.0,49.0,refgame,2.0,page1-128,2.0,it's a long rectangle with a notch cut out on the right side,13
01KJ33KJSZTPJ1ZX8A32CVKHSG,01KJ36JHZG7RJW8JFPYPM1ZBSD,A,A,1.0,2.0,13.0,refgame,1.0,page1-128,1.0,it's a long up and down rectangle with a notch cut out,12
01KJ33KJSZTPJ1ZX8A32CVKHSG,01KJ36JHZG7RJW8JFPYPM1ZBSD,A,A,1.0,2.0,14.0,refgame,1.0,page3-136,1.0,it looks like an axe,5
01KJ33KJSZTPJ1ZX8A32CVKHSG,01KJ36JHZG7RJW8JFPYPM1ZBSD,A,B,1.0,2.0,50.0,refgame,2.0,page3-136,2.0,it looks like an axe,5
01KJ33KJSZTPJ1ZX8A32CVKHSG,01KJ36JHZG7RJW8JFPYPM1ZBSD,A,A,1.0,2.0,17.0,refgame,1.0,page3-85,2.0,it's a vertical image with a triangle on the bottom and it kind of looks like a sword,18
01KJ33KJSZTPJ1ZX8A32CVKHSG,01KJ36JHZG7RJW8JFPYPM1ZBSD,A,B,1.0,2.0,53.0,refgame,2.0,page3-85,1.0,"it looks like it's an upside down sword, kind of looks like the letter J on the bottom",18
01KJ33KJSZTPJ1ZX8A32CVKHSG,01KJ36JHZG7RJW8JFPYPM1ZBSD,A,A,1.0,2.0,15.0,refgame,1.0,page5-64,1.0,it looks like a bird flapping its wings made out of triangles and a diamond,15
01KJ33KJSZTPJ1ZX8A32CVKHSG,01KJ36JHZG7RJW8JFPYPM1ZBSD,A,B,1.0,2.0,52.0,refgame,2.0,page5-64,2.0,it looks like a bird flapping its wings made of triangles and a diamond,14
01KJ33KJSZTPJ1ZX8A32CVKHSG,01KJ36JHZG7RJW8JFPYPM1ZBSD,A,A,1.0,2.0,16.0,refgame,1.0,page9-27,1.0,it's got a tiny triangle on the bottom holding up a bigger triangle and a square,16
01KJ33KJSZTPJ1ZX8A32CVKHSG,01KJ36JHZG7RJW8JFPYPM1ZBSD,A,B,1.0,2.0,48.0,refgame,2.0,page9-27,2.0,its a large shape balancing on a tiny triangle,9
01KJ33KJSZTPJ1ZX8A32CVKHSG,01KJ36JHZG7RJW8JFPYPM1ZBSD,A,B,1.0,2.0,51.0,refgame,2.0,page9-46,2.0,it looks like a wave with a notch cut out on the left,13
01KJ33KJSZTPJ1ZX8A32CVKHSG,01KJ36JHZG7RJW8JFPYPM1ZBSD,A,A,1.0,2.0,12.0,refgame,1.0,page9-46,1.0,it looks like a wave with a notch cut out,10
01KJ33KJSZTPJ1ZX8A32CVKHSG,01KJ36JHZG7RJW8JFPYPM1ZBSD,A,A,1.0,5.0,33.0,refgame,1.0,page1-128,3.0,the long rectangle with a chunk missing,7
01KJ33KJSZTPJ1ZX8A32CVKHSG,01KJ36JHZG7RJW8JFPYPM1ZBSD,A,C,1.0,5.0,71.0,refgame,2.0,page1-128,4.0,it's a vertical long rectangle with a notch cut out of the right,13
01KJ33KJSZTPJ1ZX8A32CVKHSG,01KJ36JHZG7RJW8JFPYPM1ZBSD,A,A,1.0,5.0,31.0,refgame,1.0,page3-136,4.0,it looks like an axe,5
01KJ33KJSZTPJ1ZX8A32CVKHSG,01KJ36JHZG7RJW8JFPYPM1ZBSD,A,C,1.0,5.0,68.0,refgame,2.0,page3-136,3.0,it looks like the letter T with a tiny triangle on top,12
01KJ33KJSZTPJ1ZX8A32CVKHSG,01KJ36JHZG7RJW8JFPYPM1ZBSD,A,A,1.0,5.0,34.0,refgame,1.0,page3-85,3.0,it looks like an upside down sword,7
01KJ33KJSZTPJ1ZX8A32CVKHSG,01KJ36JHZG7RJW8JFPYPM1ZBSD,A,C,1.0,5.0,70.0,refgame,2.0,page3-85,4.0,"it looks like an upside down sword, or the letter J",11
01KJ33KJSZTPJ1ZX8A32CVKHSG,01KJ36JHZG7RJW8JFPYPM1ZBSD,A,A,1.0,5.0,35.0,refgame,1.0,page5-64,4.0,it looks like a bird made out of triangles and a diamond,12
01KJ33KJSZTPJ1ZX8A32CVKHSG,01KJ36JHZG7RJW8JFPYPM1ZBSD,A,C,1.0,5.0,67.0,refgame,2.0,page5-64,3.0,"it looks like a bird flapping its wings made out of triangles and a diamond, the smallest shape",18
01KJ33KJSZTPJ1ZX8A32CVKHSG,01KJ36JHZG7RJW8JFPYPM1ZBSD,A,A,1.0,5.0,30.0,refgame,1.0,page9-27,3.0,it's the large shape balancing on the tiny triangle,9
01KJ33KJSZTPJ1ZX8A32CVKHSG,01KJ36JHZG7RJW8JFPYPM1ZBSD,A,C,1.0,5.0,66.0,refgame,2.0,page9-27,4.0,it's a tiny triangle on the bottom holding up a larger shape with a triangle,15
01KJ33KJSZTPJ1ZX8A32CVKHSG,01KJ36JHZG7RJW8JFPYPM1ZBSD,A,A,1.0,5.0,32.0,refgame,1.0,page9-46,3.0,it's a wave with a notch cut out,8
01KJ33KJSZTPJ1ZX8A32CVKHSG,01KJ36JHZG7RJW8JFPYPM1ZBSD,A,C,1.0,5.0,69.0,refgame,2.0,page9-46,4.0,it looks like a wave with a slant on the side and a notch cut out on the left,19
