gameId,playerId,originalGroup,currentGroup,tangramSet,blockNum,trialNum,phase,phaseNum,target,repNum,utterance,uttLength,umap_x,umap_y
01KJ121CTDA8X8M3KFS5Z0C2DA,01KJ1ACD2B6QR45E93SRAYX5VB,B,B,1.0,1.0,11.0,refgame,1.0,page1-128,2.0,Looks like a C,4,18.151693,13.066971
01KJ121CTDA8X8M3KFS5Z0C2DA,01KJ1ACD2B6QR45E93SRAYX5VB,B,B,1.0,1.0,44.0,refgame,2.0,page1-128,1.0,The C,2,17.025158,12.492902
01KJ121CTDA8X8M3KFS5Z0C2DA,01KJ1ACD2B6QR45E93SRAYX5VB,B,B,1.0,1.0,10.0,refgame,1.0,page3-136,1.0,Looks like a T,4,12.411996,12.307718
01KJ121CTDA8X8M3KFS5Z0C2DA,01KJ1ACD2B6QR45E93SRAYX5VB,B,B,1.0,1.0,46.0,refgame,2.0,page3-136,2.0,The T,2,8.391055,7.525044
01KJ121CTDA8X8M3KFS5Z0C2DA,01KJ1ACD2B6QR45E93SRAYX5VB,B,B,1.0,1.0,47.0,refgame,2.0,page3-85,1.0,Looks like an anchor or a wrench,7,8.99549,9.807854
01KJ121CTDA8X8M3KFS5Z0C2DA,01KJ1ACD2B6QR45E93SRAYX5VB,B,B,1.0,1.0,8.0,refgame,1.0,page3-85,2.0,looks like an anchor,4,12.658232,16.937801
01KJ121CTDA8X8M3KFS5Z0C2DA,01KJ1ACD2B6QR45E93SRAYX5VB,B,B,1.0,1.0,42.0,refgame,2.0,page5-64,1.0,"Smallest figure, turtle looking",4,9.819981,20.875175
01KJ121CTDA8X8M3KFS5Z0C2DA,01KJ1ACD2B6QR45E93SRAYX5VB,B,B,1.0,1.0,9.0,refgame,1.0,page5-64,2.0,it is the smallest figure left in my opinion. mostly triangles,11,9.8938465,20.78198
01KJ121CTDA8X8M3KFS5Z0C2DA,01KJ1ACD2B6QR45E93SRAYX5VB,B,B,1.0,1.0,43.0,refgame,2.0,page9-27,2.0,"Largest triangle at top of figure, goblet, triangle on bottom as well",12,12.704792,18.631237
01KJ121CTDA8X8M3KFS5Z0C2DA,01KJ1ACD2B6QR45E93SRAYX5VB,B,B,1.0,1.0,6.0,refgame,1.0,page9-27,1.0,large upside down triangle on top,6,10.877652,17.355886
01KJ121CTDA8X8M3KFS5Z0C2DA,01KJ1ACD2B6QR45E93SRAYX5VB,B,B,1.0,1.0,45.0,refgame,2.0,page9-46,1.0,Backwards C,2,18.234081,14.978888
01KJ121CTDA8X8M3KFS5Z0C2DA,01KJ1ACD2B6QR45E93SRAYX5VB,B,B,1.0,1.0,7.0,refgame,1.0,page9-46,2.0,"longest vertical line on bottom, almost like a pacman shape",10,12.989071,17.358864
01KJ121CTDA8X8M3KFS5Z0C2DA,01KJ1ACD2B6QR45E93SRAYX5VB,B,B,1.0,4.0,61.0,refgame,2.0,page1-128,4.0,C,1,8.369178,7.6162696
01KJ121CTDA8X8M3KFS5Z0C2DA,01KJ1ACD2B6QR45E93SRAYX5VB,B,B,1.0,4.0,28.0,refgame,1.0,page1-128,3.0,C,1,8.389296,7.6068234
01KJ121CTDA8X8M3KFS5Z0C2DA,01KJ1ACD2B6QR45E93SRAYX5VB,B,B,1.0,4.0,63.0,refgame,2.0,page3-136,4.0,T,1,8.329762,7.491624
01KJ121CTDA8X8M3KFS5Z0C2DA,01KJ1ACD2B6QR45E93SRAYX5VB,B,B,1.0,4.0,25.0,refgame,1.0,page3-136,3.0,T,1,8.2906065,7.5334897
01KJ121CTDA8X8M3KFS5Z0C2DA,01KJ1ACD2B6QR45E93SRAYX5VB,B,B,1.0,4.0,60.0,refgame,2.0,page3-85,3.0,"Tall and skinny figure, looks like an anchor",8,12.537611,16.979912
01KJ121CTDA8X8M3KFS5Z0C2DA,01KJ1ACD2B6QR45E93SRAYX5VB,B,B,1.0,4.0,27.0,refgame,1.0,page3-85,4.0,wrench,1,9.069141,9.722012
01KJ121CTDA8X8M3KFS5Z0C2DA,01KJ1ACD2B6QR45E93SRAYX5VB,B,B,1.0,4.0,64.0,refgame,2.0,page5-64,3.0,"Smallest figure., made of triangles",5,10.069396,20.912733
01KJ121CTDA8X8M3KFS5Z0C2DA,01KJ1ACD2B6QR45E93SRAYX5VB,B,B,1.0,4.0,24.0,refgame,1.0,page5-64,4.0,"Smallest figure, turtle",3,9.950067,20.930258
01KJ121CTDA8X8M3KFS5Z0C2DA,01KJ1ACD2B6QR45E93SRAYX5VB,B,B,1.0,4.0,62.0,refgame,2.0,page9-27,4.0,"Triangle on bottom. Larger triangle on top. Square in middle, goblet",11,12.836231,18.504229
01KJ121CTDA8X8M3KFS5Z0C2DA,01KJ1ACD2B6QR45E93SRAYX5VB,B,B,1.0,4.0,26.0,refgame,1.0,page9-27,3.0,wide mouthed goblet,3,11.222076,13.009258
01KJ121CTDA8X8M3KFS5Z0C2DA,01KJ1ACD2B6QR45E93SRAYX5VB,B,B,1.0,4.0,65.0,refgame,2.0,page9-46,4.0,Backwards C,2,18.283234,14.979442
01KJ121CTDA8X8M3KFS5Z0C2DA,01KJ1ACD2B6QR45E93SRAYX5VB,B,B,1.0,4.0,29.0,refgame,1.0,page9-46,3.0,Backwards C,2,18.249214,14.97963
01KJ121CTDA8X8M3KFS5Z0C2DA,01KJ1AD4HAYZZ2TP80YYVT6CS2,B,B,1.0,2.0,51.0,refgame,2.0,page1-128,2.0,The C,2,17.123394,12.4335375
01KJ121CTDA8X8M3KFS5Z0C2DA,01KJ1AD4HAYZZ2TP80YYVT6CS2,B,B,1.0,2.0,15.0,refgame,1.0,page1-128,1.0,The C,2,17.071844,12.487706
01KJ121CTDA8X8M3KFS5Z0C2DA,01KJ1AD4HAYZZ2TP80YYVT6CS2,B,B,1.0,2.0,16.0,refgame,1.0,page3-136,1.0,The T,2,8.385317,7.606791
01KJ121CTDA8X8M3KFS5Z0C2DA,01KJ1AD4HAYZZ2TP80YYVT6CS2,B,B,1.0,2.0,48.0,refgame,2.0,page3-136,2.0,The T,2,8.350902,7.55429
01KJ121CTDA8X8M3KFS5Z0C2DA,01KJ1AD4HAYZZ2TP80YYVT6CS2,B,B,1.0,2.0,12.0,refgame,1.0,page3-85,2.0,"The wrench, vertical",3,8.953309,9.785889
01KJ121CTDA8X8M3KFS5Z0C2DA,01KJ1AD4HAYZZ2TP80YYVT6CS2,B,B,1.0,2.0,52.0,refgame,2.0,page3-85,1.0,"Wrench, or I with triangles",5,8.838298,9.878889
01KJ121CTDA8X8M3KFS5Z0C2DA,01KJ1AD4HAYZZ2TP80YYVT6CS2,B,B,1.0,2.0,17.0,refgame,1.0,page5-64,1.0,"Turtle walking to the left, smallest figure",7,9.806149,20.683674
01KJ121CTDA8X8M3KFS5Z0C2DA,01KJ1AD4HAYZZ2TP80YYVT6CS2,B,B,1.0,2.0,49.0,refgame,2.0,page5-64,2.0,"The turtle walking left, smallest figure",6,9.732612,20.739182
01KJ121CTDA8X8M3KFS5Z0C2DA,01KJ1AD4HAYZZ2TP80YYVT6CS2,B,B,1.0,2.0,14.0,refgame,1.0,page9-27,2.0,The wide-mouthed goblet,3,11.324024,12.96173
01KJ121CTDA8X8M3KFS5Z0C2DA,01KJ1AD4HAYZZ2TP80YYVT6CS2,B,B,1.0,2.0,53.0,refgame,2.0,page9-27,1.0,wide mouth goblet,3,11.197034,13.007494
01KJ121CTDA8X8M3KFS5Z0C2DA,01KJ1AD4HAYZZ2TP80YYVT6CS2,B,B,1.0,2.0,13.0,refgame,1.0,page9-46,1.0,"The backwards C, with a long base",7,18.087992,14.788129
01KJ121CTDA8X8M3KFS5Z0C2DA,01KJ1AD4HAYZZ2TP80YYVT6CS2,B,B,1.0,2.0,50.0,refgame,2.0,page9-46,2.0,"Stapler, pacman, backwards C",4,18.018587,14.813154
01KJ121CTDA8X8M3KFS5Z0C2DA,01KJ1AD4HAYZZ2TP80YYVT6CS2,B,A,1.0,5.0,69.0,refgame,2.0,page1-128,3.0,The C,2,17.083694,12.472854
01KJ121CTDA8X8M3KFS5Z0C2DA,01KJ1AD4HAYZZ2TP80YYVT6CS2,B,B,1.0,5.0,34.0,refgame,1.0,page1-128,4.0,The C,2,17.134169,12.416177
01KJ121CTDA8X8M3KFS5Z0C2DA,01KJ1AD4HAYZZ2TP80YYVT6CS2,B,A,1.0,5.0,67.0,refgame,2.0,page3-136,3.0,The T,2,8.344834,7.6012206
01KJ121CTDA8X8M3KFS5Z0C2DA,01KJ1AD4HAYZZ2TP80YYVT6CS2,B,B,1.0,5.0,32.0,refgame,1.0,page3-136,4.0,The T,2,8.3085165,7.610536
01KJ121CTDA8X8M3KFS5Z0C2DA,01KJ1AD4HAYZZ2TP80YYVT6CS2,B,A,1.0,5.0,70.0,refgame,2.0,page3-85,4.0,The wrench or the I with tiangles hanging off,9,8.964034,9.764905
01KJ121CTDA8X8M3KFS5Z0C2DA,01KJ1AD4HAYZZ2TP80YYVT6CS2,B,B,1.0,5.0,33.0,refgame,1.0,page3-85,3.0,wrench,1,9.055858,9.763917
01KJ121CTDA8X8M3KFS5Z0C2DA,01KJ1AD4HAYZZ2TP80YYVT6CS2,B,B,1.0,5.0,30.0,refgame,1.0,page5-64,4.0,turtle,1,9.844207,20.790886
01KJ121CTDA8X8M3KFS5Z0C2DA,01KJ1AD4HAYZZ2TP80YYVT6CS2,B,A,1.0,5.0,71.0,refgame,2.0,page5-64,3.0,"turtle walking left, smallest figure",5,9.886227,20.746433
01KJ121CTDA8X8M3KFS5Z0C2DA,01KJ1AD4HAYZZ2TP80YYVT6CS2,B,A,1.0,5.0,68.0,refgame,2.0,page9-27,3.0,wide mouth goblet,3,11.202728,13.017772
01KJ121CTDA8X8M3KFS5Z0C2DA,01KJ1AD4HAYZZ2TP80YYVT6CS2,B,B,1.0,5.0,31.0,refgame,1.0,page9-27,4.0,goblet,1,11.237295,13.031713
01KJ121CTDA8X8M3KFS5Z0C2DA,01KJ1AD4HAYZZ2TP80YYVT6CS2,B,A,1.0,5.0,66.0,refgame,2.0,page9-46,4.0,"backwards C, pacman, or stapler",5,18.137411,14.840444
01KJ121CTDA8X8M3KFS5Z0C2DA,01KJ1AD4HAYZZ2TP80YYVT6CS2,B,B,1.0,5.0,35.0,refgame,1.0,page9-46,3.0,backwards C/Pacman,2,18.11692,14.837342
01KJ121CTDA8X8M3KFS5Z0C2DA,01KJ1ADF5M161B12EA40N9T0MS,C,C,1.0,1.0,11.0,refgame,1.0,page1-128,2.0,"It looks like the letter ""C"" with the bottom longer than the top",13,18.006006,12.94486
01KJ121CTDA8X8M3KFS5Z0C2DA,01KJ1ADF5M161B12EA40N9T0MS,C,C,1.0,1.0,44.0,refgame,2.0,page1-128,1.0,"The letter ""C"" with a long bottom",7,17.86662,12.806434
01KJ121CTDA8X8M3KFS5Z0C2DA,01KJ1ADF5M161B12EA40N9T0MS,C,C,1.0,1.0,10.0,refgame,1.0,page3-136,2.0,"It looks like the letter ""T""",6,11.250161,10.817547
01KJ121CTDA8X8M3KFS5Z0C2DA,01KJ1ADF5M161B12EA40N9T0MS,C,C,1.0,1.0,46.0,refgame,2.0,page3-136,1.0,"The letter ""T""",3,10.925327,10.243108
01KJ121CTDA8X8M3KFS5Z0C2DA,01KJ1ADF5M161B12EA40N9T0MS,C,C,1.0,1.0,47.0,refgame,2.0,page3-85,1.0,Triangle at the top and bottom pointing down,8,12.372877,19.003178
01KJ121CTDA8X8M3KFS5Z0C2DA,01KJ1ADF5M161B12EA40N9T0MS,C,C,1.0,1.0,8.0,refgame,1.0,page3-85,2.0,The bottom has a triangle pointing down,7,12.293035,19.021278
01KJ121CTDA8X8M3KFS5Z0C2DA,01KJ1ADF5M161B12EA40N9T0MS,C,C,1.0,1.0,42.0,refgame,2.0,page5-64,1.0,Looks like three triangle/diamond shapes put together,7,12.886231,18.09894
01KJ121CTDA8X8M3KFS5Z0C2DA,01KJ1ADF5M161B12EA40N9T0MS,C,C,1.0,1.0,9.0,refgame,1.0,page5-64,2.0,It looks like three triangle/diamond shapes put together,8,12.850539,18.046131
01KJ121CTDA8X8M3KFS5Z0C2DA,01KJ1ADF5M161B12EA40N9T0MS,C,C,1.0,1.0,43.0,refgame,2.0,page9-27,2.0,"Triangle at the bottom, facing up",6,12.396319,18.864534
01KJ121CTDA8X8M3KFS5Z0C2DA,01KJ1ADF5M161B12EA40N9T0MS,C,C,1.0,1.0,6.0,refgame,1.0,page9-27,1.0,It's the shape with a triangle pointing upwards at the bottom,11,12.203849,18.728924
01KJ121CTDA8X8M3KFS5Z0C2DA,01KJ1ADF5M161B12EA40N9T0MS,C,C,1.0,1.0,45.0,refgame,2.0,page9-46,1.0,Pyramid with the left side/center/top missing,6,15.536553,17.714336
01KJ121CTDA8X8M3KFS5Z0C2DA,01KJ1ADF5M161B12EA40N9T0MS,C,C,1.0,1.0,7.0,refgame,1.0,page9-46,2.0,It looks like a pyramid with the left side taken out,11,15.262273,17.712084
01KJ121CTDA8X8M3KFS5Z0C2DA,01KJ1ADF5M161B12EA40N9T0MS,C,A,1.0,4.0,61.0,refgame,2.0,page1-128,3.0,"Letter ""C"" with a long bottom",6,18.021162,12.780928
01KJ121CTDA8X8M3KFS5Z0C2DA,01KJ1ADF5M161B12EA40N9T0MS,C,C,1.0,4.0,28.0,refgame,1.0,page1-128,4.0,C with a long bottom,5,18.002579,13.557409
01KJ121CTDA8X8M3KFS5Z0C2DA,01KJ1ADF5M161B12EA40N9T0MS,C,A,1.0,4.0,63.0,refgame,2.0,page3-136,3.0,"The letter ""T""",3,10.891695,10.206005
01KJ121CTDA8X8M3KFS5Z0C2DA,01KJ1ADF5M161B12EA40N9T0MS,C,C,1.0,4.0,25.0,refgame,1.0,page3-136,4.0,"Looks like a ""T""",4,12.387681,12.248967
01KJ121CTDA8X8M3KFS5Z0C2DA,01KJ1ADF5M161B12EA40N9T0MS,C,A,1.0,4.0,60.0,refgame,2.0,page3-85,3.0,Shape with upside down triangles at the top and bottom,10,11.252968,17.228294
01KJ121CTDA8X8M3KFS5Z0C2DA,01KJ1ADF5M161B12EA40N9T0MS,C,C,1.0,4.0,27.0,refgame,1.0,page3-85,4.0,Triangle facing down at the bottom,6,12.383746,19.04408
01KJ121CTDA8X8M3KFS5Z0C2DA,01KJ1ADF5M161B12EA40N9T0MS,C,A,1.0,4.0,64.0,refgame,2.0,page5-64,3.0,"Three shapes connected together, left is triangle, right is diamond",10,13.124783,18.163576
01KJ121CTDA8X8M3KFS5Z0C2DA,01KJ1ADF5M161B12EA40N9T0MS,C,A,1.0,4.0,62.0,refgame,2.0,page9-27,4.0,"Triangle putting up at the bottom, pointing*",7,12.254916,19.116926
01KJ121CTDA8X8M3KFS5Z0C2DA,01KJ1ADF5M161B12EA40N9T0MS,C,C,1.0,4.0,26.0,refgame,1.0,page9-27,3.0,Triangle facing up at the bottom,6,12.337203,18.961254
01KJ121CTDA8X8M3KFS5Z0C2DA,01KJ1ADF5M161B12EA40N9T0MS,C,A,1.0,4.0,65.0,refgame,2.0,page9-46,3.0,pyramid missing it's left side/center/top,5,15.509962,17.718678
01KJ121CTDA8X8M3KFS5Z0C2DA,01KJ1ADF5M161B12EA40N9T0MS,C,C,1.0,4.0,29.0,refgame,1.0,page9-46,4.0,Pyramid missing the left side and the center,8,15.597001,17.567484
01KJ121CTDA8X8M3KFS5Z0C2DA,01KJ1ADZ3BQAVZHF51FQ5WJ14K,C,A,1.0,2.0,51.0,refgame,2.0,page1-128,2.0,a bold letter C,4,17.94073,12.678035
01KJ121CTDA8X8M3KFS5Z0C2DA,01KJ1ADZ3BQAVZHF51FQ5WJ14K,C,C,1.0,2.0,15.0,refgame,1.0,page1-128,1.0,it looks like half a letter C,7,18.109068,12.730291
01KJ121CTDA8X8M3KFS5Z0C2DA,01KJ1ADZ3BQAVZHF51FQ5WJ14K,C,C,1.0,2.0,16.0,refgame,1.0,page3-136,2.0,looks like a sort of cross with two triangles on the ends of the horizontal line,16,13.110652,17.54237
01KJ121CTDA8X8M3KFS5Z0C2DA,01KJ1ADZ3BQAVZHF51FQ5WJ14K,C,A,1.0,2.0,48.0,refgame,2.0,page3-136,1.0,looks like an odd cross or letter T,8,11.317156,10.666385
01KJ121CTDA8X8M3KFS5Z0C2DA,01KJ1ADZ3BQAVZHF51FQ5WJ14K,C,A,1.0,2.0,52.0,refgame,2.0,page3-85,1.0,The pole that has an upside down triangle up top and at the bottom,14,11.048651,17.306576
01KJ121CTDA8X8M3KFS5Z0C2DA,01KJ1ADZ3BQAVZHF51FQ5WJ14K,C,C,1.0,2.0,17.0,refgame,1.0,page5-64,2.0,looks sort of like 3 small mountains,7,13.555779,18.110918
01KJ121CTDA8X8M3KFS5Z0C2DA,01KJ1ADZ3BQAVZHF51FQ5WJ14K,C,A,1.0,2.0,49.0,refgame,2.0,page5-64,1.0,like a group of 3 small mountains,7,13.363491,18.279509
01KJ121CTDA8X8M3KFS5Z0C2DA,01KJ1ADZ3BQAVZHF51FQ5WJ14K,C,C,1.0,2.0,14.0,refgame,1.0,page9-27,2.0,it looks like an upside top hat with a triangle under it,12,10.607554,17.11861
01KJ121CTDA8X8M3KFS5Z0C2DA,01KJ1ADZ3BQAVZHF51FQ5WJ14K,C,A,1.0,2.0,53.0,refgame,2.0,page9-27,1.0,an upside down top hat with a triangle under it,10,10.805261,17.161884
01KJ121CTDA8X8M3KFS5Z0C2DA,01KJ1ADZ3BQAVZHF51FQ5WJ14K,C,C,1.0,2.0,13.0,refgame,1.0,page9-46,1.0,it sort of looks like a small odd shaped stapler,10,14.102997,15.51678
01KJ121CTDA8X8M3KFS5Z0C2DA,01KJ1ADZ3BQAVZHF51FQ5WJ14K,C,A,1.0,2.0,50.0,refgame,2.0,page9-46,2.0,looks like an odd shape tiny stapler,7,14.448399,15.729725
01KJ121CTDA8X8M3KFS5Z0C2DA,01KJ1ADZ3BQAVZHF51FQ5WJ14K,C,B,1.0,5.0,69.0,refgame,2.0,page1-128,3.0,a Cocky letter C,4,17.914988,12.647098
01KJ121CTDA8X8M3KFS5Z0C2DA,01KJ1ADZ3BQAVZHF51FQ5WJ14K,C,C,1.0,5.0,34.0,refgame,1.0,page1-128,4.0,A bold and Proud letter C,6,17.869925,12.620705
01KJ121CTDA8X8M3KFS5Z0C2DA,01KJ1ADZ3BQAVZHF51FQ5WJ14K,C,B,1.0,5.0,67.0,refgame,2.0,page3-136,4.0,an odd Cross or letter T,6,11.201794,10.599895
01KJ121CTDA8X8M3KFS5Z0C2DA,01KJ1ADZ3BQAVZHF51FQ5WJ14K,C,C,1.0,5.0,32.0,refgame,1.0,page3-136,3.0,an odd shape cross or letter T,7,11.332571,10.644493
01KJ121CTDA8X8M3KFS5Z0C2DA,01KJ1ADZ3BQAVZHF51FQ5WJ14K,C,B,1.0,5.0,70.0,refgame,2.0,page3-85,4.0,an upside down triangle up top and one at the bottom of a skinny pole,15,11.18181,17.321177
01KJ121CTDA8X8M3KFS5Z0C2DA,01KJ1ADZ3BQAVZHF51FQ5WJ14K,C,C,1.0,5.0,33.0,refgame,1.0,page3-85,3.0,upside down triangles at the top and bottom,8,11.029299,17.10858
01KJ121CTDA8X8M3KFS5Z0C2DA,01KJ1ADZ3BQAVZHF51FQ5WJ14K,C,C,1.0,5.0,30.0,refgame,1.0,page5-64,3.0,a bird flying diagonally,4,8.903657,20.754805
01KJ121CTDA8X8M3KFS5Z0C2DA,01KJ1ADZ3BQAVZHF51FQ5WJ14K,C,B,1.0,5.0,71.0,refgame,2.0,page5-64,4.0,a small group of 3 little mountains,7,13.384381,18.268894
01KJ121CTDA8X8M3KFS5Z0C2DA,01KJ1ADZ3BQAVZHF51FQ5WJ14K,C,B,1.0,5.0,68.0,refgame,2.0,page9-27,4.0,upside down top hat with triangle under it,8,10.737576,17.134586
01KJ121CTDA8X8M3KFS5Z0C2DA,01KJ1ADZ3BQAVZHF51FQ5WJ14K,C,C,1.0,5.0,31.0,refgame,1.0,page9-27,3.0,upside down top hat with a triangle at the bottom,10,10.787898,17.049236
01KJ121CTDA8X8M3KFS5Z0C2DA,01KJ1ADZ3BQAVZHF51FQ5WJ14K,C,B,1.0,5.0,66.0,refgame,2.0,page9-46,3.0,tiny odd shape stapler,4,14.298834,15.8858595
01KJ121CTDA8X8M3KFS5Z0C2DA,01KJ1ADZ3BQAVZHF51FQ5WJ14K,C,C,1.0,5.0,35.0,refgame,1.0,page9-46,4.0,a tiny weird shape stapler,5,14.329001,15.791218
01KJ121CTDA8X8M3KFS5Z0C2DA,01KJ1ADZVZREV8CZAR4J758GGY,A,A,1.0,0.0,38.0,refgame,2.0,page1-128,2.0,the tall rectangle with a tall rectangle hole in the middle right side,13,14.64918,16.536753
01KJ121CTDA8X8M3KFS5Z0C2DA,01KJ1ADZVZREV8CZAR4J758GGY,A,A,1.0,0.0,4.0,refgame,1.0,page1-128,1.0,the one with a tall rectangle hole in the right side,11,14.64909,16.436262
01KJ121CTDA8X8M3KFS5Z0C2DA,01KJ1ADZVZREV8CZAR4J758GGY,A,A,1.0,0.0,40.0,refgame,2.0,page3-136,1.0,tall pole with two triangles hanging off the left and right side,12,13.045573,17.59241
01KJ121CTDA8X8M3KFS5Z0C2DA,01KJ1ADZVZREV8CZAR4J758GGY,A,A,1.0,0.0,5.0,refgame,1.0,page3-136,2.0,the pole with two triangles hanging off the left and right side,12,12.97045,17.659798
01KJ121CTDA8X8M3KFS5Z0C2DA,01KJ1ADZVZREV8CZAR4J758GGY,A,A,1.0,0.0,39.0,refgame,2.0,page3-85,2.0,"the down arrow on top, tall thing balanced on top of upside down pyramid",14,10.886742,17.458965
01KJ121CTDA8X8M3KFS5Z0C2DA,01KJ1ADZVZREV8CZAR4J758GGY,A,A,1.0,0.0,2.0,refgame,1.0,page3-85,1.0,the tall one being balanced on a upside down triangle,10,11.166966,17.539373
01KJ121CTDA8X8M3KFS5Z0C2DA,01KJ1ADZVZREV8CZAR4J758GGY,A,A,1.0,0.0,1.0,refgame,1.0,page5-64,1.0,"the very horizontal one, with a triangle on the bottom left",11,13.009072,17.98145
01KJ121CTDA8X8M3KFS5Z0C2DA,01KJ1ADZVZREV8CZAR4J758GGY,A,A,1.0,0.0,36.0,refgame,2.0,page5-64,2.0,"the one with two triangles on the left, one bigger on top of the other, rhombus on right side",19,12.772813,18.05974
01KJ121CTDA8X8M3KFS5Z0C2DA,01KJ1ADZVZREV8CZAR4J758GGY,A,A,1.0,0.0,0.0,refgame,1.0,page9-27,1.0,the one with a pyramid on the bottom,8,14.981343,17.788042
01KJ121CTDA8X8M3KFS5Z0C2DA,01KJ1ADZVZREV8CZAR4J758GGY,A,A,1.0,0.0,41.0,refgame,2.0,page9-27,2.0,funnel on top of a pyramid,6,15.618937,17.873924
01KJ121CTDA8X8M3KFS5Z0C2DA,01KJ1ADZVZREV8CZAR4J758GGY,A,A,1.0,0.0,3.0,refgame,1.0,page9-46,2.0,"the one with a rectangle hole in the left side, that could eat a burger",15,14.883396,16.288893
01KJ121CTDA8X8M3KFS5Z0C2DA,01KJ1ADZVZREV8CZAR4J758GGY,A,A,1.0,0.0,37.0,refgame,2.0,page9-46,1.0,"the one with a rectangle hole in the middle left, could eat a  burger",14,15.210148,16.167637
01KJ121CTDA8X8M3KFS5Z0C2DA,01KJ1ADZVZREV8CZAR4J758GGY,A,A,1.0,2.0,15.0,refgame,1.0,page1-128,3.0,middle right side has a missing rectangle,7,15.648693,16.959429
01KJ121CTDA8X8M3KFS5Z0C2DA,01KJ1ADZVZREV8CZAR4J758GGY,A,A,1.0,2.0,16.0,refgame,1.0,page3-136,3.0,up arrow,2,11.178962,16.178799
01KJ121CTDA8X8M3KFS5Z0C2DA,01KJ1ADZVZREV8CZAR4J758GGY,A,A,1.0,2.0,12.0,refgame,1.0,page3-85,3.0,lightning bolt on top of a upside down triangle,9,10.6580305,17.761158
01KJ121CTDA8X8M3KFS5Z0C2DA,01KJ1ADZVZREV8CZAR4J758GGY,A,A,1.0,2.0,17.0,refgame,1.0,page5-64,3.0,"the two triangles on the left side, one on top of the other, and a rhombus on the right",19,13.094782,18.074108
01KJ121CTDA8X8M3KFS5Z0C2DA,01KJ1ADZVZREV8CZAR4J758GGY,A,A,1.0,2.0,14.0,refgame,1.0,page9-27,3.0,funnel on top of a pyramid,6,15.550028,17.824953
01KJ121CTDA8X8M3KFS5Z0C2DA,01KJ1ADZVZREV8CZAR4J758GGY,A,A,1.0,2.0,13.0,refgame,1.0,page9-46,3.0,"missing a rectangle from the middle left part, looks like esophagor from neopets",13,15.745112,17.092033
01KJ121CTDA8X8M3KFS5Z0C2DA,01KJ1ADZVZREV8CZAR4J758GGY,A,B,1.0,3.0,59.0,refgame,2.0,page1-128,5.0,tall rectangle with the tall rectangle hole in the middle right side,12,14.581409,16.561651
01KJ121CTDA8X8M3KFS5Z0C2DA,01KJ1ADZVZREV8CZAR4J758GGY,A,A,1.0,3.0,23.0,refgame,1.0,page1-128,4.0,middle right has a missing rectangle,6,15.973118,16.88584
01KJ121CTDA8X8M3KFS5Z0C2DA,01KJ1ADZVZREV8CZAR4J758GGY,A,B,1.0,3.0,55.0,refgame,2.0,page3-136,5.0,the tall pole with two triangles hanging off the left and right,12,13.029735,17.486685
01KJ121CTDA8X8M3KFS5Z0C2DA,01KJ1ADZVZREV8CZAR4J758GGY,A,A,1.0,3.0,20.0,refgame,1.0,page3-136,4.0,up arrow one,3,11.19779,16.168957
01KJ121CTDA8X8M3KFS5Z0C2DA,01KJ1ADZVZREV8CZAR4J758GGY,A,A,1.0,3.0,18.0,refgame,1.0,page3-85,5.0,lightning bolt on top of upside down pyramid,8,10.715882,17.815294
01KJ121CTDA8X8M3KFS5Z0C2DA,01KJ1ADZVZREV8CZAR4J758GGY,A,B,1.0,3.0,57.0,refgame,2.0,page3-85,4.0,"down arrow on top, tall thing balanced on top of upside down triangle/pyramid",13,10.911617,17.027767
01KJ121CTDA8X8M3KFS5Z0C2DA,01KJ1ADZVZREV8CZAR4J758GGY,A,B,1.0,3.0,58.0,refgame,2.0,page5-64,5.0,"the one with two triangles on the left side, one on top, slanted shape on right",16,12.943475,17.8856
01KJ121CTDA8X8M3KFS5Z0C2DA,01KJ1ADZVZREV8CZAR4J758GGY,A,A,1.0,3.0,22.0,refgame,1.0,page5-64,4.0,"the one with two triangles on the left side, one on top of the other*",15,12.932322,17.705957
01KJ121CTDA8X8M3KFS5Z0C2DA,01KJ1ADZVZREV8CZAR4J758GGY,A,B,1.0,3.0,56.0,refgame,2.0,page9-27,5.0,the funnel on top of a pyramid/triangle,7,15.49624,17.788122
01KJ121CTDA8X8M3KFS5Z0C2DA,01KJ1ADZVZREV8CZAR4J758GGY,A,A,1.0,3.0,19.0,refgame,1.0,page9-27,4.0,funnel on top of pyramid,5,15.522572,17.762844
01KJ121CTDA8X8M3KFS5Z0C2DA,01KJ1ADZVZREV8CZAR4J758GGY,A,B,1.0,3.0,54.0,refgame,2.0,page9-46,4.0,the one with a rectangle hole in the middle left side,11,14.744193,16.471088
01KJ121CTDA8X8M3KFS5Z0C2DA,01KJ1ADZVZREV8CZAR4J758GGY,A,A,1.0,3.0,21.0,refgame,1.0,page9-46,5.0,"middle left side has a missing rectangle, esophagor",8,15.639473,17.23595
01KJ121CTDA8X8M3KFS5Z0C2DA,01KJ1AEJK9C91FE2EF1F6KAWDY,B,B,1.0,0.0,38.0,refgame,2.0,page1-128,1.0,"This one looks like a C, with a square at the base",12,14.230847,17.320862
01KJ121CTDA8X8M3KFS5Z0C2DA,01KJ1AEJK9C91FE2EF1F6KAWDY,B,B,1.0,0.0,4.0,refgame,1.0,page1-128,2.0,"This one is vertical, and featues a square on the bottom, a vertical line on the left - middle, then an overhang on the top right",26,13.30665,17.847672
01KJ121CTDA8X8M3KFS5Z0C2DA,01KJ1AEJK9C91FE2EF1F6KAWDY,B,B,1.0,0.0,40.0,refgame,2.0,page3-136,1.0,This one looks like a T,6,12.530721,12.419518
01KJ121CTDA8X8M3KFS5Z0C2DA,01KJ1AEJK9C91FE2EF1F6KAWDY,B,B,1.0,0.0,5.0,refgame,1.0,page3-136,2.0,"This one is a veritcal bar in the middle, with symmatrical triangles on either side hanging off of it, and a very small triangle on the top middle",28,12.8796,17.983091
01KJ121CTDA8X8M3KFS5Z0C2DA,01KJ1AEJK9C91FE2EF1F6KAWDY,B,B,1.0,0.0,39.0,refgame,2.0,page3-85,2.0,This one has a long vertical line in the middle with various triangles running through it.,16,13.0651865,17.531038
01KJ121CTDA8X8M3KFS5Z0C2DA,01KJ1AEJK9C91FE2EF1F6KAWDY,B,B,1.0,0.0,2.0,refgame,1.0,page3-85,1.0,"This one is vertical. It has a straight bar running through it from top to bottom, with an upside down triangle through it in the middle, and a smaller upside down triangle on the bottom left, with another weird shape in the middle",43,11.580926,17.342089
01KJ121CTDA8X8M3KFS5Z0C2DA,01KJ1AEJK9C91FE2EF1F6KAWDY,B,B,1.0,0.0,1.0,refgame,1.0,page5-64,1.0,"This one is mostly horizontal, with a diagnoal square on the right side, and a triangle on the top left",20,13.022334,18.106531
01KJ121CTDA8X8M3KFS5Z0C2DA,01KJ1AEJK9C91FE2EF1F6KAWDY,B,B,1.0,0.0,36.0,refgame,2.0,page5-64,2.0,This one is the smallest figure,6,10.026761,20.909624
01KJ121CTDA8X8M3KFS5Z0C2DA,01KJ1AEJK9C91FE2EF1F6KAWDY,B,B,1.0,0.0,0.0,refgame,1.0,page9-27,1.0,"It looks like a triangle on the bottom, then a square in the middle and then another object on top",20,12.837388,18.25907
01KJ121CTDA8X8M3KFS5Z0C2DA,01KJ1AEJK9C91FE2EF1F6KAWDY,B,B,1.0,0.0,41.0,refgame,2.0,page9-27,2.0,This one is the last one and has a wide mouth at the top of it,16,12.414162,12.742946
01KJ121CTDA8X8M3KFS5Z0C2DA,01KJ1AEJK9C91FE2EF1F6KAWDY,B,B,1.0,0.0,3.0,refgame,1.0,page9-46,1.0,"This one has a horizontal line running along the bottom, then is sloped on the right side, featuring an overhang on the left side",24,13.688353,17.964296
01KJ121CTDA8X8M3KFS5Z0C2DA,01KJ1AEJK9C91FE2EF1F6KAWDY,B,B,1.0,0.0,37.0,refgame,2.0,page9-46,2.0,This one looks like a backwards C. It has a slope on the right of the object,17,13.874682,17.748013
01KJ121CTDA8X8M3KFS5Z0C2DA,01KJ1AEJK9C91FE2EF1F6KAWDY,B,C,1.0,3.0,59.0,refgame,2.0,page1-128,3.0,The C,2,17.08894,12.464573
01KJ121CTDA8X8M3KFS5Z0C2DA,01KJ1AEJK9C91FE2EF1F6KAWDY,B,B,1.0,3.0,23.0,refgame,1.0,page1-128,4.0,The C,2,17.081274,12.471725
01KJ121CTDA8X8M3KFS5Z0C2DA,01KJ1AEJK9C91FE2EF1F6KAWDY,B,C,1.0,3.0,55.0,refgame,2.0,page3-136,4.0,The T,2,8.321587,7.6350217
01KJ121CTDA8X8M3KFS5Z0C2DA,01KJ1AEJK9C91FE2EF1F6KAWDY,B,B,1.0,3.0,20.0,refgame,1.0,page3-136,3.0,the T,2,8.421967,7.6369643
01KJ121CTDA8X8M3KFS5Z0C2DA,01KJ1AEJK9C91FE2EF1F6KAWDY,B,B,1.0,3.0,18.0,refgame,1.0,page3-85,4.0,The wrench,2,8.912858,9.710698
01KJ121CTDA8X8M3KFS5Z0C2DA,01KJ1AEJK9C91FE2EF1F6KAWDY,B,C,1.0,3.0,57.0,refgame,2.0,page3-85,3.0,"Wrench, or line with triangles running through it",8,8.862018,9.861192
01KJ121CTDA8X8M3KFS5Z0C2DA,01KJ1AEJK9C91FE2EF1F6KAWDY,B,C,1.0,3.0,58.0,refgame,2.0,page5-64,4.0,"The smallest figure, or turtle",5,9.939357,20.810083
01KJ121CTDA8X8M3KFS5Z0C2DA,01KJ1AEJK9C91FE2EF1F6KAWDY,B,B,1.0,3.0,22.0,refgame,1.0,page5-64,3.0,Smallest figure,2,10.039019,21.01577
01KJ121CTDA8X8M3KFS5Z0C2DA,01KJ1AEJK9C91FE2EF1F6KAWDY,B,C,1.0,3.0,56.0,refgame,2.0,page9-27,3.0,Wide mouth goblet,3,11.188721,13.031374
01KJ121CTDA8X8M3KFS5Z0C2DA,01KJ1AEJK9C91FE2EF1F6KAWDY,B,B,1.0,3.0,19.0,refgame,1.0,page9-27,4.0,Wide mouthed goblet,3,11.197283,13.002549
01KJ121CTDA8X8M3KFS5Z0C2DA,01KJ1AEJK9C91FE2EF1F6KAWDY,B,C,1.0,3.0,54.0,refgame,2.0,page9-46,4.0,"This one looks like a backwards C, or pacman",9,18.138906,14.004188
01KJ121CTDA8X8M3KFS5Z0C2DA,01KJ1AEJK9C91FE2EF1F6KAWDY,B,B,1.0,3.0,21.0,refgame,1.0,page9-46,3.0,"Backwards C, the pacman",4,18.1369,14.880191
01KJ121CTDA8X8M3KFS5Z0C2DA,01KJ1AEMA6765ECKJ6NX8GGDF2,C,C,1.0,0.0,38.0,refgame,2.0,page1-128,2.0,Looks like the letter c,5,17.978897,12.878801
01KJ121CTDA8X8M3KFS5Z0C2DA,01KJ1AEMA6765ECKJ6NX8GGDF2,C,C,1.0,0.0,4.0,refgame,1.0,page1-128,1.0,it looks like a telephone,5,11.186801,10.792862
01KJ121CTDA8X8M3KFS5Z0C2DA,01KJ1AEMA6765ECKJ6NX8GGDF2,C,C,1.0,0.0,40.0,refgame,2.0,page3-136,1.0,It looks like the letter t,6,11.207104,10.778766
01KJ121CTDA8X8M3KFS5Z0C2DA,01KJ1AEMA6765ECKJ6NX8GGDF2,C,C,1.0,0.0,5.0,refgame,1.0,page3-136,2.0,it looks like a bird flying straight upward,8,8.955992,20.615292
01KJ121CTDA8X8M3KFS5Z0C2DA,01KJ1AEMA6765ECKJ6NX8GGDF2,C,C,1.0,0.0,39.0,refgame,2.0,page3-85,1.0,it has an upside down triangle on the top,9,10.521235,17.190153
01KJ121CTDA8X8M3KFS5Z0C2DA,01KJ1AEMA6765ECKJ6NX8GGDF2,C,C,1.0,0.0,2.0,refgame,1.0,page3-85,2.0,It's a peculiar shape which appears to have an arrow pointing downward,12,11.061927,16.275593
01KJ121CTDA8X8M3KFS5Z0C2DA,01KJ1AEMA6765ECKJ6NX8GGDF2,C,C,1.0,0.0,1.0,refgame,1.0,page5-64,1.0,it looks like a bird flying diagonally upwards,8,8.923988,20.728283
01KJ121CTDA8X8M3KFS5Z0C2DA,01KJ1AEMA6765ECKJ6NX8GGDF2,C,C,1.0,0.0,36.0,refgame,2.0,page5-64,2.0,it looks like a bird flying diagonally,7,8.761684,20.73952
01KJ121CTDA8X8M3KFS5Z0C2DA,01KJ1AEMA6765ECKJ6NX8GGDF2,C,C,1.0,0.0,0.0,refgame,1.0,page9-27,1.0,It kind of looks like an upside down bell with a triangle at the bottom,15,10.375984,17.056387
01KJ121CTDA8X8M3KFS5Z0C2DA,01KJ1AEMA6765ECKJ6NX8GGDF2,C,C,1.0,0.0,41.0,refgame,2.0,page9-27,2.0,it has a triangle at the bottom,7,12.251271,18.64309
01KJ121CTDA8X8M3KFS5Z0C2DA,01KJ1AEMA6765ECKJ6NX8GGDF2,C,C,1.0,0.0,37.0,refgame,2.0,page9-46,1.0,looks like a stapler,4,14.217507,15.574068
01KJ121CTDA8X8M3KFS5Z0C2DA,01KJ1AEMA6765ECKJ6NX8GGDF2,C,C,1.0,2.0,51.0,refgame,2.0,page1-128,3.0,looks like the letter c,5,18.032413,12.824096
01KJ121CTDA8X8M3KFS5Z0C2DA,01KJ1AEMA6765ECKJ6NX8GGDF2,C,C,1.0,2.0,48.0,refgame,2.0,page3-136,3.0,looks like the letter t,5,11.139807,10.724504
01KJ121CTDA8X8M3KFS5Z0C2DA,01KJ1AEMA6765ECKJ6NX8GGDF2,C,C,1.0,2.0,52.0,refgame,2.0,page3-85,3.0,has an arrow pointing downward,5,11.155835,16.157646
01KJ121CTDA8X8M3KFS5Z0C2DA,01KJ1AEMA6765ECKJ6NX8GGDF2,C,C,1.0,2.0,49.0,refgame,2.0,page5-64,3.0,looks like a bird flying diagonally,6,8.780462,20.676449
01KJ121CTDA8X8M3KFS5Z0C2DA,01KJ1AEMA6765ECKJ6NX8GGDF2,C,C,1.0,2.0,53.0,refgame,2.0,page9-27,3.0,has a triangle at the bottom,6,12.361781,18.782928
01KJ121CTDA8X8M3KFS5Z0C2DA,01KJ1AEMA6765ECKJ6NX8GGDF2,C,C,1.0,2.0,50.0,refgame,2.0,page9-46,3.0,looks like a stapler,4,14.28185,15.627455
01KJ121CTDA8X8M3KFS5Z0C2DA,01KJ1AEMA6765ECKJ6NX8GGDF2,C,A,1.0,3.0,59.0,refgame,2.0,page1-128,4.0,looks like a fancy letter c,6,18.046375,12.845719
01KJ121CTDA8X8M3KFS5Z0C2DA,01KJ1AEMA6765ECKJ6NX8GGDF2,C,C,1.0,3.0,23.0,refgame,1.0,page1-128,5.0,looks like the letter C,5,18.089703,12.776217
01KJ121CTDA8X8M3KFS5Z0C2DA,01KJ1AEMA6765ECKJ6NX8GGDF2,C,A,1.0,3.0,55.0,refgame,2.0,page3-136,5.0,looks like the letter t,5,11.3684635,10.858654
01KJ121CTDA8X8M3KFS5Z0C2DA,01KJ1AEMA6765ECKJ6NX8GGDF2,C,C,1.0,3.0,20.0,refgame,1.0,page3-136,4.0,Looks like the letter T,5,11.203203,10.683619
01KJ121CTDA8X8M3KFS5Z0C2DA,01KJ1AEMA6765ECKJ6NX8GGDF2,C,C,1.0,3.0,18.0,refgame,1.0,page3-85,4.0,has an upside down triangle at the top,8,10.683052,17.294962
01KJ121CTDA8X8M3KFS5Z0C2DA,01KJ1AEMA6765ECKJ6NX8GGDF2,C,A,1.0,3.0,57.0,refgame,2.0,page3-85,5.0,has an arrow pointing downward,5,11.183585,16.109848
01KJ121CTDA8X8M3KFS5Z0C2DA,01KJ1AEMA6765ECKJ6NX8GGDF2,C,A,1.0,3.0,58.0,refgame,2.0,page5-64,4.0,looks like a bird flying diagonally,6,8.814354,20.753738
01KJ121CTDA8X8M3KFS5Z0C2DA,01KJ1AEMA6765ECKJ6NX8GGDF2,C,C,1.0,3.0,22.0,refgame,1.0,page5-64,5.0,looks like a bird flying diagonally,6,8.801412,20.729588
01KJ121CTDA8X8M3KFS5Z0C2DA,01KJ1AEMA6765ECKJ6NX8GGDF2,C,A,1.0,3.0,56.0,refgame,2.0,page9-27,5.0,has a triangle at the bottom,6,12.342424,18.768074
01KJ121CTDA8X8M3KFS5Z0C2DA,01KJ1AEMA6765ECKJ6NX8GGDF2,C,C,1.0,3.0,19.0,refgame,1.0,page9-27,4.0,has a triangle at the bottom,6,12.289174,18.688103
01KJ121CTDA8X8M3KFS5Z0C2DA,01KJ1AEMA6765ECKJ6NX8GGDF2,C,A,1.0,3.0,54.0,refgame,2.0,page9-46,5.0,looks like a wrench head,5,8.946246,9.837549
01KJ121CTDA8X8M3KFS5Z0C2DA,01KJ1AEMA6765ECKJ6NX8GGDF2,C,C,1.0,3.0,21.0,refgame,1.0,page9-46,4.0,kinda looks like a wrench,5,8.88188,9.84066
01KJ121CTDA8X8M3KFS5Z0C2DA,01KJ1AH433HDWM46XC8PJAA0A7,A,A,1.0,1.0,11.0,refgame,1.0,page1-128,2.0,Rectangle shape missing from middle right,6,16.109844,16.913862
01KJ121CTDA8X8M3KFS5Z0C2DA,01KJ1AH433HDWM46XC8PJAA0A7,A,A,1.0,1.0,44.0,refgame,2.0,page1-128,1.0,"Tall, rectangle shape missing from middle right of it",9,15.369525,16.935884
01KJ121CTDA8X8M3KFS5Z0C2DA,01KJ1AH433HDWM46XC8PJAA0A7,A,A,1.0,1.0,10.0,refgame,1.0,page3-136,2.0,Shape that closest resembles an arrow pointing up,8,11.244099,16.002869
01KJ121CTDA8X8M3KFS5Z0C2DA,01KJ1AH433HDWM46XC8PJAA0A7,A,A,1.0,1.0,46.0,refgame,2.0,page3-136,1.0,Looks like a T shape or arrow pointing up,9,11.232875,15.913364
01KJ121CTDA8X8M3KFS5Z0C2DA,01KJ1AH433HDWM46XC8PJAA0A7,A,A,1.0,1.0,47.0,refgame,2.0,page3-85,1.0,Tall shape with square on top - has triangles hanging off of it in various directions,16,12.718703,17.815536
01KJ121CTDA8X8M3KFS5Z0C2DA,01KJ1AH433HDWM46XC8PJAA0A7,A,A,1.0,1.0,8.0,refgame,1.0,page3-85,2.0,Lightening bolt shape with two upside down side triangles on top,11,10.799888,17.905024
01KJ121CTDA8X8M3KFS5Z0C2DA,01KJ1AH433HDWM46XC8PJAA0A7,A,A,1.0,1.0,42.0,refgame,2.0,page5-64,2.0,"Horizontal, thinner shape with a bigger triangle on the left with smaller triangle inside of it",16,12.752972,18.428913
01KJ121CTDA8X8M3KFS5Z0C2DA,01KJ1AH433HDWM46XC8PJAA0A7,A,A,1.0,1.0,9.0,refgame,1.0,page5-64,1.0,"Flat zig zag, closest to z shape, bigger triangle on top left with smaller triangle inside of that one",19,12.99702,18.587408
01KJ121CTDA8X8M3KFS5Z0C2DA,01KJ1AH433HDWM46XC8PJAA0A7,A,A,1.0,1.0,43.0,refgame,2.0,page9-27,2.0,Funnel shape on top of a pyramid(triangle),7,15.514044,17.900488
01KJ121CTDA8X8M3KFS5Z0C2DA,01KJ1AH433HDWM46XC8PJAA0A7,A,A,1.0,1.0,6.0,refgame,1.0,page9-27,1.0,"The funnel shaped one, that has a triangle at the very bottom",12,12.842515,18.911934
01KJ121CTDA8X8M3KFS5Z0C2DA,01KJ1AH433HDWM46XC8PJAA0A7,A,A,1.0,1.0,45.0,refgame,2.0,page9-46,2.0,"Looks like a stapler, has a missing rectangle from middle left side",12,14.255161,15.561531
01KJ121CTDA8X8M3KFS5Z0C2DA,01KJ1AH433HDWM46XC8PJAA0A7,A,A,1.0,1.0,7.0,refgame,1.0,page9-46,1.0,Rectangle piece missing from middle left side,7,16.1306,16.781542
01KJ121CTDA8X8M3KFS5Z0C2DA,01KJ1AH433HDWM46XC8PJAA0A7,A,C,1.0,4.0,61.0,refgame,2.0,page1-128,4.0,"C shape, rectangle missing from middle right of it",9,16.302599,16.708323
01KJ121CTDA8X8M3KFS5Z0C2DA,01KJ1AH433HDWM46XC8PJAA0A7,A,A,1.0,4.0,28.0,refgame,1.0,page1-128,3.0,Rectangle shape missing from middle right,6,16.115833,16.833344
01KJ121CTDA8X8M3KFS5Z0C2DA,01KJ1AH433HDWM46XC8PJAA0A7,A,C,1.0,4.0,63.0,refgame,2.0,page3-136,4.0,T shape or arrow pointing up,6,11.2405815,15.935673
01KJ121CTDA8X8M3KFS5Z0C2DA,01KJ1AH433HDWM46XC8PJAA0A7,A,A,1.0,4.0,25.0,refgame,1.0,page3-136,3.0,Arrow pointing up,3,11.17787,16.042322
01KJ121CTDA8X8M3KFS5Z0C2DA,01KJ1AH433HDWM46XC8PJAA0A7,A,C,1.0,4.0,60.0,refgame,2.0,page3-85,4.0,I shape with triangles all over it,7,13.674799,17.039013
01KJ121CTDA8X8M3KFS5Z0C2DA,01KJ1AH433HDWM46XC8PJAA0A7,A,A,1.0,4.0,27.0,refgame,1.0,page3-85,3.0,Lightening bolt shape on top of upside down pyramid,9,10.701948,17.788794
01KJ121CTDA8X8M3KFS5Z0C2DA,01KJ1AH433HDWM46XC8PJAA0A7,A,C,1.0,4.0,64.0,refgame,2.0,page5-64,3.0,"Smallest of all of them, looks like a turtle",9,9.794844,20.692917
01KJ121CTDA8X8M3KFS5Z0C2DA,01KJ1AH433HDWM46XC8PJAA0A7,A,A,1.0,4.0,24.0,refgame,1.0,page5-64,4.0,Horizontal shape with a bigger triangle on the left with smaller triangle inside of it,15,12.850673,18.559353
01KJ121CTDA8X8M3KFS5Z0C2DA,01KJ1AH433HDWM46XC8PJAA0A7,A,C,1.0,4.0,62.0,refgame,2.0,page9-27,3.0,Funnel shape on top of triangle,6,15.230796,18.154564
01KJ121CTDA8X8M3KFS5Z0C2DA,01KJ1AH433HDWM46XC8PJAA0A7,A,A,1.0,4.0,26.0,refgame,1.0,page9-27,4.0,Funnel on top of a pyramid,6,15.628321,17.852459
01KJ121CTDA8X8M3KFS5Z0C2DA,01KJ1AH433HDWM46XC8PJAA0A7,A,C,1.0,4.0,65.0,refgame,2.0,page9-46,4.0,"backwards C, rectangle missing from middle left part",8,16.251364,16.785202
01KJ121CTDA8X8M3KFS5Z0C2DA,01KJ1AH433HDWM46XC8PJAA0A7,A,A,1.0,4.0,29.0,refgame,1.0,page9-46,3.0,Rectangle shape missing from middle left,6,16.087652,16.905478
01KJ121CTDA8X8M3KFS5Z0C2DA,01KJ1AH433HDWM46XC8PJAA0A7,A,C,1.0,5.0,69.0,refgame,2.0,page1-128,6.0,C shape,2,16.862146,12.802052
01KJ121CTDA8X8M3KFS5Z0C2DA,01KJ1AH433HDWM46XC8PJAA0A7,A,A,1.0,5.0,34.0,refgame,1.0,page1-128,5.0,Rectangle shape missing from middle right,6,16.022627,16.816154
01KJ121CTDA8X8M3KFS5Z0C2DA,01KJ1AH433HDWM46XC8PJAA0A7,A,C,1.0,5.0,67.0,refgame,2.0,page3-136,5.0,T shape or arrow pointing up,6,11.203924,15.9819565
01KJ121CTDA8X8M3KFS5Z0C2DA,01KJ1AH433HDWM46XC8PJAA0A7,A,A,1.0,5.0,32.0,refgame,1.0,page3-136,6.0,Arrow pointing up,3,11.190742,16.06662
01KJ121CTDA8X8M3KFS5Z0C2DA,01KJ1AH433HDWM46XC8PJAA0A7,A,C,1.0,5.0,70.0,refgame,2.0,page3-85,5.0,I shape with triangles hanging off of it,8,12.48953,17.799383
01KJ121CTDA8X8M3KFS5Z0C2DA,01KJ1AH433HDWM46XC8PJAA0A7,A,A,1.0,5.0,33.0,refgame,1.0,page3-85,6.0,Lightening bolt shape on top of upside down pyramid,9,10.725376,17.794327
01KJ121CTDA8X8M3KFS5Z0C2DA,01KJ1AH433HDWM46XC8PJAA0A7,A,A,1.0,5.0,30.0,refgame,1.0,page5-64,6.0,Horitzontal shape with small triangle in bigger triangle on top left,11,13.206752,18.415228
01KJ121CTDA8X8M3KFS5Z0C2DA,01KJ1AH433HDWM46XC8PJAA0A7,A,C,1.0,5.0,71.0,refgame,2.0,page5-64,5.0,"smallest of all of them, looks like a turtle",9,9.809019,20.7062
01KJ121CTDA8X8M3KFS5Z0C2DA,01KJ1AH433HDWM46XC8PJAA0A7,A,C,1.0,5.0,68.0,refgame,2.0,page9-27,5.0,Big funnel shape (triangle upside down) ontop of a triangle,10,11.47327,17.53148
01KJ121CTDA8X8M3KFS5Z0C2DA,01KJ1AH433HDWM46XC8PJAA0A7,A,A,1.0,5.0,31.0,refgame,1.0,page9-27,6.0,Funnel on top of pyramid,5,15.636567,17.843588
01KJ121CTDA8X8M3KFS5Z0C2DA,01KJ1AH433HDWM46XC8PJAA0A7,A,C,1.0,5.0,66.0,refgame,2.0,page9-46,6.0,"backwards C, missing rectangle from middle left part",8,16.370623,16.736765
01KJ121CTDA8X8M3KFS5Z0C2DA,01KJ1AH433HDWM46XC8PJAA0A7,A,A,1.0,5.0,35.0,refgame,1.0,page9-46,5.0,Rectangle shape missing from middle left,6,16.084858,16.854757
01KJ33KJSZTPJ1ZX8A32CVKHSG,01KJ36ET4XZJSBET24EAAPG563,B,B,1.0,0.0,3.0,refgame,1.0,page1-128,2.0,Rectangle with a bite taken out of it on right hand side,12,15.417427,16.16716
01KJ33KJSZTPJ1ZX8A32CVKHSG,01KJ36ET4XZJSBET24EAAPG563,B,C,1.0,0.0,36.0,refgame,2.0,page1-128,1.0,Looks like a C,4,18.228838,13.126229
01KJ33KJSZTPJ1ZX8A32CVKHSG,01KJ36ET4XZJSBET24EAAPG563,B,B,1.0,0.0,0.0,refgame,1.0,page3-136,2.0,Looks like a T,4,12.45982,12.317278
01KJ33KJSZTPJ1ZX8A32CVKHSG,01KJ36ET4XZJSBET24EAAPG563,B,C,1.0,0.0,38.0,refgame,2.0,page3-136,1.0,Looks like a T,4,12.440039,12.320522
01KJ33KJSZTPJ1ZX8A32CVKHSG,01KJ36ET4XZJSBET24EAAPG563,B,B,1.0,0.0,2.0,refgame,1.0,page3-85,1.0,"Upside down arrow at tope, triangles sticking out on left side. Tall and skinny",14,11.009985,16.884573
01KJ33KJSZTPJ1ZX8A32CVKHSG,01KJ36ET4XZJSBET24EAAPG563,B,C,1.0,0.0,41.0,refgame,2.0,page3-85,2.0,Upright rectangle with triangles sticking out from its sides,9,14.386965,16.629251
01KJ33KJSZTPJ1ZX8A32CVKHSG,01KJ36ET4XZJSBET24EAAPG563,B,B,1.0,0.0,4.0,refgame,1.0,page5-64,2.0,"Looks like group of mountains, triangle, trapezoid, triangle",8,13.498531,18.215605
01KJ33KJSZTPJ1ZX8A32CVKHSG,01KJ36ET4XZJSBET24EAAPG563,B,C,1.0,0.0,37.0,refgame,2.0,page5-64,1.0,triangle triangle parallelogram,3,13.105871,18.791018
01KJ33KJSZTPJ1ZX8A32CVKHSG,01KJ36ET4XZJSBET24EAAPG563,B,B,1.0,0.0,1.0,refgame,1.0,page9-27,1.0,Looks like a trophy,4,-0.8508364,3.7534754
01KJ33KJSZTPJ1ZX8A32CVKHSG,01KJ36ET4XZJSBET24EAAPG563,B,C,1.0,0.0,40.0,refgame,2.0,page9-27,2.0,Looks like a trophy,4,-0.8943285,3.7100115
01KJ33KJSZTPJ1ZX8A32CVKHSG,01KJ36ET4XZJSBET24EAAPG563,B,B,1.0,0.0,5.0,refgame,1.0,page9-46,2.0,"Triangle with rectangle sized chunk removed from it, my left",10,15.536118,16.45298
01KJ33KJSZTPJ1ZX8A32CVKHSG,01KJ36ET4XZJSBET24EAAPG563,B,C,1.0,0.0,39.0,refgame,2.0,page9-46,1.0,Triangle with a bite taken out of it. Looks like a backward C,13,15.609558,16.071007
01KJ33KJSZTPJ1ZX8A32CVKHSG,01KJ36ET4XZJSBET24EAAPG563,B,C,1.0,3.0,59.0,refgame,2.0,page1-128,4.0,Looks a little like a C,6,18.28987,13.203607
01KJ33KJSZTPJ1ZX8A32CVKHSG,01KJ36ET4XZJSBET24EAAPG563,B,B,1.0,3.0,21.0,refgame,1.0,page1-128,3.0,Upright rectangle looks like a C,6,14.504118,16.749737
01KJ33KJSZTPJ1ZX8A32CVKHSG,01KJ36ET4XZJSBET24EAAPG563,B,C,1.0,3.0,58.0,refgame,2.0,page3-136,3.0,Looks like a T,4,12.414576,12.285317
01KJ33KJSZTPJ1ZX8A32CVKHSG,01KJ36ET4XZJSBET24EAAPG563,B,B,1.0,3.0,19.0,refgame,1.0,page3-136,4.0,Looks like a T,4,12.482005,12.379749
01KJ33KJSZTPJ1ZX8A32CVKHSG,01KJ36ET4XZJSBET24EAAPG563,B,B,1.0,3.0,23.0,refgame,1.0,page3-85,3.0,Upright rectangle with triangles sticking out on the sides,9,14.333742,16.614038
01KJ33KJSZTPJ1ZX8A32CVKHSG,01KJ36ET4XZJSBET24EAAPG563,B,C,1.0,3.0,55.0,refgame,2.0,page3-85,4.0,Looks sort of like the letter J,7,12.147483,11.206706
01KJ33KJSZTPJ1ZX8A32CVKHSG,01KJ36ET4XZJSBET24EAAPG563,B,B,1.0,3.0,20.0,refgame,1.0,page5-64,4.0,triangle triangle parallelogram,3,13.230414,18.718302
01KJ33KJSZTPJ1ZX8A32CVKHSG,01KJ36ET4XZJSBET24EAAPG563,B,C,1.0,3.0,56.0,refgame,2.0,page5-64,3.0,3 shapes: triangle triangle parallelogram,5,13.201984,18.768631
01KJ33KJSZTPJ1ZX8A32CVKHSG,01KJ36ET4XZJSBET24EAAPG563,B,C,1.0,3.0,54.0,refgame,2.0,page9-27,4.0,Looks like a trophy,4,-0.88671434,3.7176158
01KJ33KJSZTPJ1ZX8A32CVKHSG,01KJ36ET4XZJSBET24EAAPG563,B,B,1.0,3.0,18.0,refgame,1.0,page9-27,3.0,Looks like a trophy,4,-0.86010313,3.7442577
01KJ33KJSZTPJ1ZX8A32CVKHSG,01KJ36ET4XZJSBET24EAAPG563,B,B,1.0,3.0,22.0,refgame,1.0,page9-46,3.0,Partial triangle looks like a backwards C,7,13.676189,18.655289
01KJ33KJSZTPJ1ZX8A32CVKHSG,01KJ36ET4XZJSBET24EAAPG563,B,C,1.0,3.0,57.0,refgame,2.0,page9-46,4.0,Looks a little like a backwards C,7,18.270023,13.24833
01KJ33KJSZTPJ1ZX8A32CVKHSG,01KJ36ETQEFCRFP2MBHTV3TAYN,B,B,1.0,1.0,6.0,refgame,1.0,page1-128,2.0,recntangle with a rectangle eaten off from it on the right,11,15.4654455,16.382622
01KJ33KJSZTPJ1ZX8A32CVKHSG,01KJ36ETQEFCRFP2MBHTV3TAYN,B,B,1.0,1.0,44.0,refgame,2.0,page1-128,1.0,rectangle has been eaten from right,6,15.504701,16.119669
01KJ33KJSZTPJ1ZX8A32CVKHSG,01KJ36ETQEFCRFP2MBHTV3TAYN,B,B,1.0,1.0,9.0,refgame,1.0,page3-136,1.0,looks like a t,4,12.506805,12.350142
01KJ33KJSZTPJ1ZX8A32CVKHSG,01KJ36ETQEFCRFP2MBHTV3TAYN,B,B,1.0,1.0,42.0,refgame,2.0,page3-136,2.0,Looks like a t shape,5,11.984018,12.273839
01KJ33KJSZTPJ1ZX8A32CVKHSG,01KJ36ETQEFCRFP2MBHTV3TAYN,B,B,1.0,1.0,11.0,refgame,1.0,page3-85,2.0,upside down triangle at bottom with a long rectangle with triangle in the middle going through the rectangl;e,18,11.481931,17.272852
01KJ33KJSZTPJ1ZX8A32CVKHSG,01KJ36ETQEFCRFP2MBHTV3TAYN,B,B,1.0,1.0,46.0,refgame,2.0,page3-85,1.0,"looks like a j, and has triangle going through it",10,13.9926195,16.260921
01KJ33KJSZTPJ1ZX8A32CVKHSG,01KJ36ETQEFCRFP2MBHTV3TAYN,B,B,1.0,1.0,7.0,refgame,1.0,page5-64,2.0,"3 shapes all next to each other, a triangle, a tiny right triangle and a pallalologram",16,13.26279,18.474773
01KJ33KJSZTPJ1ZX8A32CVKHSG,01KJ36ETQEFCRFP2MBHTV3TAYN,B,B,1.0,1.0,45.0,refgame,2.0,page5-64,1.0,"3 shapes, a triangle, a right triangle and then a parallelogram, looks like a bird",15,13.115486,18.57125
01KJ33KJSZTPJ1ZX8A32CVKHSG,01KJ36ETQEFCRFP2MBHTV3TAYN,B,B,1.0,1.0,10.0,refgame,1.0,page9-27,1.0,a triangle at the bottom then a square above it then a upside down trapezoid,15,10.994808,17.1649
01KJ33KJSZTPJ1ZX8A32CVKHSG,01KJ36ETQEFCRFP2MBHTV3TAYN,B,B,1.0,1.0,47.0,refgame,2.0,page9-27,2.0,"looks like a trophey, has a traingle at the bottom witha  square touching its tip",15,12.187679,17.883572
01KJ33KJSZTPJ1ZX8A32CVKHSG,01KJ36ETQEFCRFP2MBHTV3TAYN,B,B,1.0,1.0,8.0,refgame,1.0,page9-46,1.0,rectangle eaten from the left,5,15.551241,16.20071
01KJ33KJSZTPJ1ZX8A32CVKHSG,01KJ36ETQEFCRFP2MBHTV3TAYN,B,B,1.0,1.0,43.0,refgame,2.0,page9-46,2.0,recntangle has been eaten from left,6,15.55957,16.158712
01KJ33KJSZTPJ1ZX8A32CVKHSG,01KJ36ETQEFCRFP2MBHTV3TAYN,B,A,1.0,4.0,61.0,refgame,2.0,page1-128,3.0,"looks like a c, witha  rectangle eaten from right",9,15.373203,15.883515
01KJ33KJSZTPJ1ZX8A32CVKHSG,01KJ36ETQEFCRFP2MBHTV3TAYN,B,B,1.0,4.0,28.0,refgame,1.0,page1-128,4.0,"rectangle being eaten from right, looks like c",8,15.45656,15.959601
01KJ33KJSZTPJ1ZX8A32CVKHSG,01KJ36ETQEFCRFP2MBHTV3TAYN,B,A,1.0,4.0,60.0,refgame,2.0,page3-136,3.0,"looks like a t, yes",5,12.49462,12.27845
01KJ33KJSZTPJ1ZX8A32CVKHSG,01KJ36ETQEFCRFP2MBHTV3TAYN,B,B,1.0,4.0,26.0,refgame,1.0,page3-136,4.0,T shape,2,11.816321,12.013474
01KJ33KJSZTPJ1ZX8A32CVKHSG,01KJ36ETQEFCRFP2MBHTV3TAYN,B,B,1.0,4.0,27.0,refgame,1.0,page3-85,3.0,a rectangle with triangles oging through it,7,14.072882,16.782219
01KJ33KJSZTPJ1ZX8A32CVKHSG,01KJ36ETQEFCRFP2MBHTV3TAYN,B,A,1.0,4.0,65.0,refgame,2.0,page3-85,4.0,looks like a j,4,12.163181,11.425427
01KJ33KJSZTPJ1ZX8A32CVKHSG,01KJ36ETQEFCRFP2MBHTV3TAYN,B,A,1.0,4.0,62.0,refgame,2.0,page5-64,4.0,"3 shapes triangle triangle parallelogram, also looks likes a bird",10,13.223163,18.78238
01KJ33KJSZTPJ1ZX8A32CVKHSG,01KJ36ETQEFCRFP2MBHTV3TAYN,B,B,1.0,4.0,24.0,refgame,1.0,page5-64,3.0,"3 shapes, a triangle a right triangle and a aprallelogram",10,13.2653885,18.479322
01KJ33KJSZTPJ1ZX8A32CVKHSG,01KJ36ETQEFCRFP2MBHTV3TAYN,B,B,1.0,4.0,29.0,refgame,1.0,page9-27,4.0,"a trapezoid at top, a square below it, and a triangle at the bottom, trapezoid is upside down",18,11.100308,17.196291
01KJ33KJSZTPJ1ZX8A32CVKHSG,01KJ36ETQEFCRFP2MBHTV3TAYN,B,A,1.0,4.0,64.0,refgame,2.0,page9-27,3.0,looks like a trophey,4,12.546857,12.407679
01KJ33KJSZTPJ1ZX8A32CVKHSG,01KJ36ETQEFCRFP2MBHTV3TAYN,B,B,1.0,4.0,25.0,refgame,1.0,page9-46,4.0,rectangle being eaten from left,5,15.611231,16.251005
01KJ33KJSZTPJ1ZX8A32CVKHSG,01KJ36ETQEFCRFP2MBHTV3TAYN,B,A,1.0,4.0,63.0,refgame,2.0,page9-46,3.0,"rectangle eaten from left, also backwards c",7,15.86138,16.091648
01KJ33KJSZTPJ1ZX8A32CVKHSG,01KJ36F4YDX6CZ5RBVN7KN0VFA,C,C,1.0,2.0,49.0,refgame,2.0,page1-128,1.0,a c facing the right way,6,17.399763,10.990244
01KJ33KJSZTPJ1ZX8A32CVKHSG,01KJ36F4YDX6CZ5RBVN7KN0VFA,C,C,1.0,2.0,13.0,refgame,1.0,page1-128,2.0,c facing the right way,5,17.435844,10.871253
01KJ33KJSZTPJ1ZX8A32CVKHSG,01KJ36F4YDX6CZ5RBVN7KN0VFA,C,C,1.0,2.0,14.0,refgame,1.0,page3-136,2.0,a T with a triangle pointing up,7,11.462296,15.025567
01KJ33KJSZTPJ1ZX8A32CVKHSG,01KJ36F4YDX6CZ5RBVN7KN0VFA,C,C,1.0,2.0,50.0,refgame,2.0,page3-136,1.0,a t shape with a triangle pointing up,8,11.435743,15.029594
01KJ33KJSZTPJ1ZX8A32CVKHSG,01KJ36F4YDX6CZ5RBVN7KN0VFA,C,C,1.0,2.0,17.0,refgame,1.0,page3-85,2.0,the letter j,3,11.9982,10.990783
01KJ33KJSZTPJ1ZX8A32CVKHSG,01KJ36F4YDX6CZ5RBVN7KN0VFA,C,C,1.0,2.0,53.0,refgame,2.0,page3-85,1.0,letter j,2,11.911087,10.98638
01KJ33KJSZTPJ1ZX8A32CVKHSG,01KJ36F4YDX6CZ5RBVN7KN0VFA,C,C,1.0,2.0,15.0,refgame,1.0,page5-64,1.0,lowest profile,2,9.952268,21.78241
01KJ33KJSZTPJ1ZX8A32CVKHSG,01KJ36F4YDX6CZ5RBVN7KN0VFA,C,C,1.0,2.0,52.0,refgame,2.0,page5-64,2.0,lowest profile,2,9.96918,21.85277
01KJ33KJSZTPJ1ZX8A32CVKHSG,01KJ36F4YDX6CZ5RBVN7KN0VFA,C,C,1.0,2.0,16.0,refgame,1.0,page9-27,2.0,an upside down triangle with a triangle pointing up on bottom,11,10.654618,17.290586
01KJ33KJSZTPJ1ZX8A32CVKHSG,01KJ36F4YDX6CZ5RBVN7KN0VFA,C,C,1.0,2.0,48.0,refgame,2.0,page9-27,1.0,upside down triangle with a triangle pointing up on bottom,10,10.7846,17.186106
01KJ33KJSZTPJ1ZX8A32CVKHSG,01KJ36F4YDX6CZ5RBVN7KN0VFA,C,C,1.0,2.0,51.0,refgame,2.0,page9-46,1.0,a backwards c,3,18.117662,14.974643
01KJ33KJSZTPJ1ZX8A32CVKHSG,01KJ36F4YDX6CZ5RBVN7KN0VFA,C,C,1.0,2.0,12.0,refgame,1.0,page9-46,2.0,backwards c,2,18.290821,14.999661
01KJ33KJSZTPJ1ZX8A32CVKHSG,01KJ36F4YDX6CZ5RBVN7KN0VFA,C,C,1.0,5.0,33.0,refgame,1.0,page1-128,3.0,c facing the right way,5,17.436007,10.908979
01KJ33KJSZTPJ1ZX8A32CVKHSG,01KJ36F4YDX6CZ5RBVN7KN0VFA,C,A,1.0,5.0,71.0,refgame,2.0,page1-128,4.0,C facing the right way,5,17.425587,10.901653
01KJ33KJSZTPJ1ZX8A32CVKHSG,01KJ36F4YDX6CZ5RBVN7KN0VFA,C,C,1.0,5.0,31.0,refgame,1.0,page3-136,3.0,a T with a triangle pointing up,7,11.524592,15.026975
01KJ33KJSZTPJ1ZX8A32CVKHSG,01KJ36F4YDX6CZ5RBVN7KN0VFA,C,A,1.0,5.0,68.0,refgame,2.0,page3-136,4.0,letter T with a triangle pointing up on top,9,11.456113,14.876958
01KJ33KJSZTPJ1ZX8A32CVKHSG,01KJ36F4YDX6CZ5RBVN7KN0VFA,C,C,1.0,5.0,34.0,refgame,1.0,page3-85,4.0,letter j,2,11.998658,11.040486
01KJ33KJSZTPJ1ZX8A32CVKHSG,01KJ36F4YDX6CZ5RBVN7KN0VFA,C,A,1.0,5.0,70.0,refgame,2.0,page3-85,3.0,letter j,2,12.005456,10.993941
01KJ33KJSZTPJ1ZX8A32CVKHSG,01KJ36F4YDX6CZ5RBVN7KN0VFA,C,C,1.0,5.0,35.0,refgame,1.0,page5-64,4.0,lowest profile,2,9.943182,21.803616
01KJ33KJSZTPJ1ZX8A32CVKHSG,01KJ36F4YDX6CZ5RBVN7KN0VFA,C,A,1.0,5.0,67.0,refgame,2.0,page5-64,3.0,low profile,2,10.055173,21.983883
01KJ33KJSZTPJ1ZX8A32CVKHSG,01KJ36F4YDX6CZ5RBVN7KN0VFA,C,C,1.0,5.0,30.0,refgame,1.0,page9-27,4.0,upside down triangle with a triangle facing up on bottom,10,10.958913,17.024967
01KJ33KJSZTPJ1ZX8A32CVKHSG,01KJ36F4YDX6CZ5RBVN7KN0VFA,C,A,1.0,5.0,66.0,refgame,2.0,page9-27,3.0,upside down triangle with a triangle pointing up on bottom,10,10.82712,17.082716
01KJ33KJSZTPJ1ZX8A32CVKHSG,01KJ36F4YDX6CZ5RBVN7KN0VFA,C,C,1.0,5.0,32.0,refgame,1.0,page9-46,4.0,backwards c,2,18.31921,14.996747
01KJ33KJSZTPJ1ZX8A32CVKHSG,01KJ36F4YDX6CZ5RBVN7KN0VFA,C,A,1.0,5.0,69.0,refgame,2.0,page9-46,3.0,a backwards c,3,18.016815,14.95442
01KJ33KJSZTPJ1ZX8A32CVKHSG,01KJ36FC5TV0WE77HY2CRQEVK9,C,C,1.0,0.0,3.0,refgame,1.0,page1-128,2.0,It looks like the letter c facing the correct direction,10,18.15961,12.874365
01KJ33KJSZTPJ1ZX8A32CVKHSG,01KJ36FC5TV0WE77HY2CRQEVK9,C,B,1.0,0.0,36.0,refgame,2.0,page1-128,1.0,letter c facing the correct way,6,17.499496,11.211387
01KJ33KJSZTPJ1ZX8A32CVKHSG,01KJ36FC5TV0WE77HY2CRQEVK9,C,C,1.0,0.0,0.0,refgame,1.0,page3-136,2.0,It looks like the letter T or a lot like a cross,12,11.235121,10.726106
01KJ33KJSZTPJ1ZX8A32CVKHSG,01KJ36FC5TV0WE77HY2CRQEVK9,C,B,1.0,0.0,38.0,refgame,2.0,page3-136,1.0,it's a capital T and there is a tiny triangle on top of the T,15,11.534999,14.942141
01KJ33KJSZTPJ1ZX8A32CVKHSG,01KJ36FC5TV0WE77HY2CRQEVK9,C,C,1.0,0.0,2.0,refgame,1.0,page3-85,1.0,It looks like the letter J,6,11.7756405,11.117527
01KJ33KJSZTPJ1ZX8A32CVKHSG,01KJ36FC5TV0WE77HY2CRQEVK9,C,B,1.0,0.0,41.0,refgame,2.0,page3-85,2.0,it's the shape of the letter J,7,12.086858,11.169019
01KJ33KJSZTPJ1ZX8A32CVKHSG,01KJ36FC5TV0WE77HY2CRQEVK9,C,C,1.0,0.0,4.0,refgame,1.0,page5-64,2.0,It's has the lowest profile and could be a three leaf clover,12,9.558306,20.492092
01KJ33KJSZTPJ1ZX8A32CVKHSG,01KJ36FC5TV0WE77HY2CRQEVK9,C,B,1.0,0.0,37.0,refgame,2.0,page5-64,1.0,"it has the lowest profile, could be a three leaf clover, maybe a bird",14,9.397399,20.614536
01KJ33KJSZTPJ1ZX8A32CVKHSG,01KJ36FC5TV0WE77HY2CRQEVK9,C,C,1.0,0.0,1.0,refgame,1.0,page9-27,1.0,It's a triangle with an inverted pedestal on to,9,12.205516,18.871655
01KJ33KJSZTPJ1ZX8A32CVKHSG,01KJ36FC5TV0WE77HY2CRQEVK9,C,B,1.0,0.0,40.0,refgame,2.0,page9-27,2.0,there is a tiny triangle on bottom supported a pedastal,10,12.107662,18.528988
01KJ33KJSZTPJ1ZX8A32CVKHSG,01KJ36FC5TV0WE77HY2CRQEVK9,C,C,1.0,0.0,5.0,refgame,1.0,page9-46,2.0,"It's the shape of a triangle, making a backwards c",10,17.315718,15.388234
01KJ33KJSZTPJ1ZX8A32CVKHSG,01KJ36FC5TV0WE77HY2CRQEVK9,C,B,1.0,0.0,39.0,refgame,2.0,page9-46,1.0,it's a backyards C,4,18.226973,13.226791
01KJ33KJSZTPJ1ZX8A32CVKHSG,01KJ36FC5TV0WE77HY2CRQEVK9,C,B,1.0,3.0,59.0,refgame,2.0,page1-128,3.0,A correct facing C,4,17.368364,10.962585
01KJ33KJSZTPJ1ZX8A32CVKHSG,01KJ36FC5TV0WE77HY2CRQEVK9,C,C,1.0,3.0,21.0,refgame,1.0,page1-128,4.0,C facing correct way,4,17.464867,10.849934
01KJ33KJSZTPJ1ZX8A32CVKHSG,01KJ36FC5TV0WE77HY2CRQEVK9,C,B,1.0,3.0,58.0,refgame,2.0,page3-136,3.0,it's a capital T with a tiny triangle on top,10,11.419264,14.9281845
01KJ33KJSZTPJ1ZX8A32CVKHSG,01KJ36FC5TV0WE77HY2CRQEVK9,C,C,1.0,3.0,19.0,refgame,1.0,page3-136,4.0,A T with a triangle on top facing up,9,11.421419,14.939853
01KJ33KJSZTPJ1ZX8A32CVKHSG,01KJ36FC5TV0WE77HY2CRQEVK9,C,C,1.0,3.0,23.0,refgame,1.0,page3-85,3.0,letter J,2,11.979503,11.025137
01KJ33KJSZTPJ1ZX8A32CVKHSG,01KJ36FC5TV0WE77HY2CRQEVK9,C,B,1.0,3.0,55.0,refgame,2.0,page3-85,4.0,Looks like the letter J,5,11.825246,11.074583
01KJ33KJSZTPJ1ZX8A32CVKHSG,01KJ36FC5TV0WE77HY2CRQEVK9,C,C,1.0,3.0,20.0,refgame,1.0,page5-64,4.0,low profile,2,10.094238,22.02313
01KJ33KJSZTPJ1ZX8A32CVKHSG,01KJ36FC5TV0WE77HY2CRQEVK9,C,B,1.0,3.0,56.0,refgame,2.0,page5-64,3.0,"low profile, looks like a bird",6,9.035428,20.773966
01KJ33KJSZTPJ1ZX8A32CVKHSG,01KJ36FC5TV0WE77HY2CRQEVK9,C,B,1.0,3.0,54.0,refgame,2.0,page9-27,3.0,tiny triangle on bottom balancing a pedestal on top,9,12.253568,18.469494
01KJ33KJSZTPJ1ZX8A32CVKHSG,01KJ36FC5TV0WE77HY2CRQEVK9,C,C,1.0,3.0,18.0,refgame,1.0,page9-27,4.0,"Bottom triangle facing up, with a pedestal on top",9,12.236008,18.911352
01KJ33KJSZTPJ1ZX8A32CVKHSG,01KJ36FC5TV0WE77HY2CRQEVK9,C,C,1.0,3.0,22.0,refgame,1.0,page9-46,3.0,backwards c,2,18.192545,14.924532
01KJ33KJSZTPJ1ZX8A32CVKHSG,01KJ36FC5TV0WE77HY2CRQEVK9,C,B,1.0,3.0,57.0,refgame,2.0,page9-46,4.0,backwards c,2,18.389627,15.082064
01KJ33KJSZTPJ1ZX8A32CVKHSG,01KJ36FPQT07Q8H1HTHKNR9ZHN,C,C,1.0,1.0,6.0,refgame,1.0,page1-128,1.0,C facing the right way,5,17.436543,10.878036
01KJ33KJSZTPJ1ZX8A32CVKHSG,01KJ36FPQT07Q8H1HTHKNR9ZHN,C,A,1.0,1.0,44.0,refgame,2.0,page1-128,2.0,C facing the right way,5,17.529549,10.79266
01KJ33KJSZTPJ1ZX8A32CVKHSG,01KJ36FPQT07Q8H1HTHKNR9ZHN,C,C,1.0,1.0,9.0,refgame,1.0,page3-136,2.0,letter t with a triangle pointing up on top,9,11.519301,14.901119
01KJ33KJSZTPJ1ZX8A32CVKHSG,01KJ36FPQT07Q8H1HTHKNR9ZHN,C,A,1.0,1.0,42.0,refgame,2.0,page3-136,1.0,T shaped with a triangle facing up on top,9,11.385181,14.908252
01KJ33KJSZTPJ1ZX8A32CVKHSG,01KJ36FPQT07Q8H1HTHKNR9ZHN,C,C,1.0,1.0,11.0,refgame,1.0,page3-85,2.0,J,1,8.470847,7.7279434
01KJ33KJSZTPJ1ZX8A32CVKHSG,01KJ36FPQT07Q8H1HTHKNR9ZHN,C,A,1.0,1.0,46.0,refgame,2.0,page3-85,1.0,Looks like a J,4,12.155055,11.36488
01KJ33KJSZTPJ1ZX8A32CVKHSG,01KJ36FPQT07Q8H1HTHKNR9ZHN,C,C,1.0,1.0,7.0,refgame,1.0,page5-64,2.0,low profile one,3,10.083262,22.008986
01KJ33KJSZTPJ1ZX8A32CVKHSG,01KJ36FPQT07Q8H1HTHKNR9ZHN,C,A,1.0,1.0,45.0,refgame,2.0,page5-64,1.0,lowest profile option,3,9.880744,21.813698
01KJ33KJSZTPJ1ZX8A32CVKHSG,01KJ36FPQT07Q8H1HTHKNR9ZHN,C,C,1.0,1.0,10.0,refgame,1.0,page9-27,1.0,T sitting on a triangle pointing up at bottom,9,12.162199,19.209427
01KJ33KJSZTPJ1ZX8A32CVKHSG,01KJ36FPQT07Q8H1HTHKNR9ZHN,C,A,1.0,1.0,47.0,refgame,2.0,page9-27,2.0,upside down triangle on top with a triangle facing up on the bottom holding up the rest,17,11.117454,17.224792
01KJ33KJSZTPJ1ZX8A32CVKHSG,01KJ36FPQT07Q8H1HTHKNR9ZHN,C,C,1.0,1.0,8.0,refgame,1.0,page9-46,2.0,backwards c,2,18.27426,14.979954
01KJ33KJSZTPJ1ZX8A32CVKHSG,01KJ36FPQT07Q8H1HTHKNR9ZHN,C,A,1.0,1.0,43.0,refgame,2.0,page9-46,1.0,backwards c,2,18.389456,15.119015
01KJ33KJSZTPJ1ZX8A32CVKHSG,01KJ36FPQT07Q8H1HTHKNR9ZHN,C,C,1.0,4.0,61.0,refgame,2.0,page1-128,3.0,Letter C,2,17.761858,12.536623
01KJ33KJSZTPJ1ZX8A32CVKHSG,01KJ36FPQT07Q8H1HTHKNR9ZHN,C,C,1.0,4.0,28.0,refgame,1.0,page1-128,4.0,C facing right way,4,17.356756,10.933223
01KJ33KJSZTPJ1ZX8A32CVKHSG,01KJ36FPQT07Q8H1HTHKNR9ZHN,C,C,1.0,4.0,60.0,refgame,2.0,page3-136,4.0,Letter t with a triangle facing up on the top,10,11.483257,14.80596
01KJ33KJSZTPJ1ZX8A32CVKHSG,01KJ36FPQT07Q8H1HTHKNR9ZHN,C,C,1.0,4.0,26.0,refgame,1.0,page3-136,3.0,t with triangle on top,5,11.358528,14.800278
01KJ33KJSZTPJ1ZX8A32CVKHSG,01KJ36FPQT07Q8H1HTHKNR9ZHN,C,C,1.0,4.0,27.0,refgame,1.0,page3-85,4.0,J,1,8.359024,7.5543513
01KJ33KJSZTPJ1ZX8A32CVKHSG,01KJ36FPQT07Q8H1HTHKNR9ZHN,C,C,1.0,4.0,65.0,refgame,2.0,page3-85,3.0,J looking shape,3,12.136942,11.4184
01KJ33KJSZTPJ1ZX8A32CVKHSG,01KJ36FPQT07Q8H1HTHKNR9ZHN,C,C,1.0,4.0,62.0,refgame,2.0,page5-64,3.0,"smallest shape, lowest profile",4,9.872721,21.325336
01KJ33KJSZTPJ1ZX8A32CVKHSG,01KJ36FPQT07Q8H1HTHKNR9ZHN,C,C,1.0,4.0,24.0,refgame,1.0,page5-64,4.0,low profile,2,10.091206,22.022377
01KJ33KJSZTPJ1ZX8A32CVKHSG,01KJ36FPQT07Q8H1HTHKNR9ZHN,C,C,1.0,4.0,29.0,refgame,1.0,page9-27,4.0,"Triangle facing down on top and up on bottom, t shaped",11,12.710526,18.693243
01KJ33KJSZTPJ1ZX8A32CVKHSG,01KJ36FPQT07Q8H1HTHKNR9ZHN,C,C,1.0,4.0,64.0,refgame,2.0,page9-27,3.0,upside down triangle on top and on the bottom is a triangle facing up holding everything up,17,10.874316,17.162733
01KJ33KJSZTPJ1ZX8A32CVKHSG,01KJ36FPQT07Q8H1HTHKNR9ZHN,C,C,1.0,4.0,25.0,refgame,1.0,page9-46,3.0,backwards c,2,18.409983,15.111829
01KJ33KJSZTPJ1ZX8A32CVKHSG,01KJ36FPQT07Q8H1HTHKNR9ZHN,C,C,1.0,4.0,63.0,refgame,2.0,page9-46,4.0,backwards c or like a wave with slant on right side,11,6.4548917,14.500294
01KJ33KJSZTPJ1ZX8A32CVKHSG,01KJ36H4JT5FXT099834BWVZ2X,A,A,1.0,0.0,3.0,refgame,1.0,page1-128,1.0,it is straight up and down with a section of pixels missing on the top right side,17,13.840849,17.544834
01KJ33KJSZTPJ1ZX8A32CVKHSG,01KJ36H4JT5FXT099834BWVZ2X,A,A,1.0,0.0,36.0,refgame,2.0,page1-128,2.0,its a rectangle with a section cut out on the right side,12,14.623225,16.449478
01KJ33KJSZTPJ1ZX8A32CVKHSG,01KJ36H4JT5FXT099834BWVZ2X,A,A,1.0,0.0,0.0,refgame,1.0,page3-136,1.0,it looks like an axe,5,9.485094,9.8340845
01KJ33KJSZTPJ1ZX8A32CVKHSG,01KJ36H4JT5FXT099834BWVZ2X,A,A,1.0,0.0,38.0,refgame,2.0,page3-136,2.0,looks like an axe,4,9.333765,9.7421
01KJ33KJSZTPJ1ZX8A32CVKHSG,01KJ36H4JT5FXT099834BWVZ2X,A,A,1.0,0.0,2.0,refgame,1.0,page3-85,1.0,it has like a hook shape on the bottom and is straight up and down,15,12.005565,17.720854
01KJ33KJSZTPJ1ZX8A32CVKHSG,01KJ36H4JT5FXT099834BWVZ2X,A,A,1.0,0.0,41.0,refgame,2.0,page3-85,2.0,looks like a sword piercing through something. Vertical up and down,11,9.945171,16.7923
01KJ33KJSZTPJ1ZX8A32CVKHSG,01KJ36H4JT5FXT099834BWVZ2X,A,A,1.0,0.0,4.0,refgame,1.0,page5-64,1.0,it is horizontal and kind of looks like a bird with spread wings,13,9.108141,20.534594
01KJ33KJSZTPJ1ZX8A32CVKHSG,01KJ36H4JT5FXT099834BWVZ2X,A,A,1.0,0.0,37.0,refgame,2.0,page5-64,2.0,it looks like a bird with wings spread. the smallest shape,11,9.13429,20.598309
01KJ33KJSZTPJ1ZX8A32CVKHSG,01KJ36H4JT5FXT099834BWVZ2X,A,A,1.0,0.0,1.0,refgame,1.0,page9-27,1.0,it has a triangle at the bottom and a bigger shape on top,13,12.397691,18.352873
01KJ33KJSZTPJ1ZX8A32CVKHSG,01KJ36H4JT5FXT099834BWVZ2X,A,A,1.0,0.0,40.0,refgame,2.0,page9-27,2.0,big shape balancing on a triangle. Looks like a flower.,10,12.005681,18.25059
01KJ33KJSZTPJ1ZX8A32CVKHSG,01KJ36H4JT5FXT099834BWVZ2X,A,A,1.0,0.0,5.0,refgame,1.0,page9-46,2.0,it is horizontal with a slope on the right side and a hole in the left side,17,13.717152,17.942226
01KJ33KJSZTPJ1ZX8A32CVKHSG,01KJ36H4JT5FXT099834BWVZ2X,A,A,1.0,0.0,39.0,refgame,2.0,page9-46,1.0,looks like a wave. notch missing on left and slanted on right,12,6.390846,14.5828085
01KJ33KJSZTPJ1ZX8A32CVKHSG,01KJ36H4JT5FXT099834BWVZ2X,A,A,1.0,3.0,59.0,refgame,2.0,page1-128,3.0,Letter C,2,17.782387,12.523332
01KJ33KJSZTPJ1ZX8A32CVKHSG,01KJ36H4JT5FXT099834BWVZ2X,A,A,1.0,3.0,21.0,refgame,1.0,page1-128,4.0,rectangle with a chunk missing,5,15.852304,16.717457
01KJ33KJSZTPJ1ZX8A32CVKHSG,01KJ36H4JT5FXT099834BWVZ2X,A,A,1.0,3.0,58.0,refgame,2.0,page3-136,4.0,looks like an axe or the letter T,8,9.57936,9.961954
01KJ33KJSZTPJ1ZX8A32CVKHSG,01KJ36H4JT5FXT099834BWVZ2X,A,A,1.0,3.0,19.0,refgame,1.0,page3-136,3.0,looks like an axe,4,9.332359,9.810019
01KJ33KJSZTPJ1ZX8A32CVKHSG,01KJ36H4JT5FXT099834BWVZ2X,A,A,1.0,3.0,23.0,refgame,1.0,page3-85,4.0,the one that kinda looks like a sword,8,9.882308,16.732199
01KJ33KJSZTPJ1ZX8A32CVKHSG,01KJ36H4JT5FXT099834BWVZ2X,A,A,1.0,3.0,55.0,refgame,2.0,page3-85,3.0,looks like a sword piercing through something or the letter j,11,9.94954,16.755323
01KJ33KJSZTPJ1ZX8A32CVKHSG,01KJ36H4JT5FXT099834BWVZ2X,A,A,1.0,3.0,20.0,refgame,1.0,page5-64,4.0,looks like a bird,4,9.093021,20.59228
01KJ33KJSZTPJ1ZX8A32CVKHSG,01KJ36H4JT5FXT099834BWVZ2X,A,A,1.0,3.0,56.0,refgame,2.0,page5-64,3.0,smallest shape. looks like a bird with wings spread,9,9.139397,20.599146
01KJ33KJSZTPJ1ZX8A32CVKHSG,01KJ36H4JT5FXT099834BWVZ2X,A,A,1.0,3.0,54.0,refgame,2.0,page9-27,4.0,larger shape balancing on a triangle. looks like a flower,10,12.280974,18.275463
01KJ33KJSZTPJ1ZX8A32CVKHSG,01KJ36H4JT5FXT099834BWVZ2X,A,A,1.0,3.0,18.0,refgame,1.0,page9-27,3.0,it's a bigger shape balancing on a triangle.,8,12.251847,18.192772
01KJ33KJSZTPJ1ZX8A32CVKHSG,01KJ36H4JT5FXT099834BWVZ2X,A,A,1.0,3.0,22.0,refgame,1.0,page9-46,4.0,the wave,2,6.3467374,14.611387
01KJ33KJSZTPJ1ZX8A32CVKHSG,01KJ36H4JT5FXT099834BWVZ2X,A,A,1.0,3.0,57.0,refgame,2.0,page9-46,3.0,looks like a wave. Notch cut out on left side and slanted on right.,14,6.3169937,14.630599
01KJ33KJSZTPJ1ZX8A32CVKHSG,01KJ36HP23RMC93E849APAJY04,B,A,1.0,2.0,49.0,refgame,2.0,page1-128,1.0,looks like the letter C,5,18.057566,12.8491535
01KJ33KJSZTPJ1ZX8A32CVKHSG,01KJ36HP23RMC93E849APAJY04,B,B,1.0,2.0,13.0,refgame,1.0,page1-128,2.0,looks like the letter C,5,18.06429,12.8845005
01KJ33KJSZTPJ1ZX8A32CVKHSG,01KJ36HP23RMC93E849APAJY04,B,B,1.0,2.0,14.0,refgame,1.0,page3-136,2.0,Looks like T,3,12.373462,12.354331
01KJ33KJSZTPJ1ZX8A32CVKHSG,01KJ36HP23RMC93E849APAJY04,B,A,1.0,2.0,50.0,refgame,2.0,page3-136,1.0,looks like the letter T,5,11.077507,10.653844
01KJ33KJSZTPJ1ZX8A32CVKHSG,01KJ36HP23RMC93E849APAJY04,B,B,1.0,2.0,17.0,refgame,1.0,page3-85,2.0,long rectangle with Triangles sticking out,6,14.155584,16.676727
01KJ33KJSZTPJ1ZX8A32CVKHSG,01KJ36HP23RMC93E849APAJY04,B,A,1.0,2.0,53.0,refgame,2.0,page3-85,1.0,long rectangle with trianlgs sticking out.... also looks like the letter J,12,14.292678,16.029911
01KJ33KJSZTPJ1ZX8A32CVKHSG,01KJ36HP23RMC93E849APAJY04,B,B,1.0,2.0,15.0,refgame,1.0,page5-64,2.0,looks like a Bird,4,9.046126,20.569471
01KJ33KJSZTPJ1ZX8A32CVKHSG,01KJ36HP23RMC93E849APAJY04,B,A,1.0,2.0,52.0,refgame,2.0,page5-64,1.0,"triangle, parallagram,triangle... also looks like a bird",7,9.71529,20.313656
01KJ33KJSZTPJ1ZX8A32CVKHSG,01KJ36HP23RMC93E849APAJY04,B,B,1.0,2.0,16.0,refgame,1.0,page9-27,1.0,looks like a Trophy,4,-0.81110567,3.793093
01KJ33KJSZTPJ1ZX8A32CVKHSG,01KJ36HP23RMC93E849APAJY04,B,A,1.0,2.0,48.0,refgame,2.0,page9-27,2.0,looks like a Trophy,4,-0.8415346,3.7628007
01KJ33KJSZTPJ1ZX8A32CVKHSG,01KJ36HP23RMC93E849APAJY04,B,A,1.0,2.0,51.0,refgame,2.0,page9-46,2.0,looks like the letter C backwards,6,18.085093,13.055019
01KJ33KJSZTPJ1ZX8A32CVKHSG,01KJ36HP23RMC93E849APAJY04,B,B,1.0,2.0,12.0,refgame,1.0,page9-46,1.0,backwards C.,2,18.237944,15.065676
01KJ33KJSZTPJ1ZX8A32CVKHSG,01KJ36HP23RMC93E849APAJY04,B,B,1.0,5.0,33.0,refgame,1.0,page1-128,4.0,looks like C,3,18.23427,13.128264
01KJ33KJSZTPJ1ZX8A32CVKHSG,01KJ36HP23RMC93E849APAJY04,B,B,1.0,5.0,71.0,refgame,2.0,page1-128,3.0,the letter C,3,17.47637,12.534154
01KJ33KJSZTPJ1ZX8A32CVKHSG,01KJ36HP23RMC93E849APAJY04,B,B,1.0,5.0,31.0,refgame,1.0,page3-136,4.0,a T,2,8.304236,7.4975753
01KJ33KJSZTPJ1ZX8A32CVKHSG,01KJ36HP23RMC93E849APAJY04,B,B,1.0,5.0,68.0,refgame,2.0,page3-136,3.0,the letter T,3,10.879475,10.195209
01KJ33KJSZTPJ1ZX8A32CVKHSG,01KJ36HP23RMC93E849APAJY04,B,B,1.0,5.0,34.0,refgame,1.0,page3-85,3.0,long rectangle with triangles sticking out,6,14.208538,16.6303
01KJ33KJSZTPJ1ZX8A32CVKHSG,01KJ36HP23RMC93E849APAJY04,B,B,1.0,5.0,70.0,refgame,2.0,page3-85,4.0,long rectangle with triangles sticking out... or the letter J,10,14.078318,16.39772
01KJ33KJSZTPJ1ZX8A32CVKHSG,01KJ36HP23RMC93E849APAJY04,B,B,1.0,5.0,35.0,refgame,1.0,page5-64,3.0,"triangle, parallagram,triangle",2,13.15734,19.075338
01KJ33KJSZTPJ1ZX8A32CVKHSG,01KJ36HP23RMC93E849APAJY04,B,B,1.0,5.0,67.0,refgame,2.0,page5-64,4.0,"triangle, parallagram, triangle...also looks like a bird",7,9.8026705,20.20801
01KJ33KJSZTPJ1ZX8A32CVKHSG,01KJ36HP23RMC93E849APAJY04,B,B,1.0,5.0,30.0,refgame,1.0,page9-27,3.0,a Trophy,2,-0.8170134,3.7873168
01KJ33KJSZTPJ1ZX8A32CVKHSG,01KJ36HP23RMC93E849APAJY04,B,B,1.0,5.0,66.0,refgame,2.0,page9-27,4.0,looks like a Trophy,4,-0.7826186,3.8217025
01KJ33KJSZTPJ1ZX8A32CVKHSG,01KJ36HP23RMC93E849APAJY04,B,B,1.0,5.0,32.0,refgame,1.0,page9-46,3.0,Backwards C,2,18.292713,15.02808
01KJ33KJSZTPJ1ZX8A32CVKHSG,01KJ36HP23RMC93E849APAJY04,B,B,1.0,5.0,69.0,refgame,2.0,page9-46,4.0,looks like a backward C...or wave with something missing on the left of it,14,6.4593945,14.492333
01KJ33KJSZTPJ1ZX8A32CVKHSG,01KJ36HPQGRRDA1JZ2BN1MDMN4,A,A,1.0,1.0,6.0,refgame,1.0,page1-128,2.0,IT is a rectangle with a notch cut out on the right side.,13,14.572257,16.393856
01KJ33KJSZTPJ1ZX8A32CVKHSG,01KJ36HPQGRRDA1JZ2BN1MDMN4,A,C,1.0,1.0,44.0,refgame,2.0,page1-128,1.0,A rectangle with a notch cut out on the right.,10,14.667936,16.322512
01KJ33KJSZTPJ1ZX8A32CVKHSG,01KJ36HPQGRRDA1JZ2BN1MDMN4,A,A,1.0,1.0,9.0,refgame,1.0,page3-136,1.0,It looks like an axe.,5,9.309739,9.700276
01KJ33KJSZTPJ1ZX8A32CVKHSG,01KJ36HPQGRRDA1JZ2BN1MDMN4,A,C,1.0,1.0,42.0,refgame,2.0,page3-136,2.0,It looks like a T or an axe,8,9.470103,9.868366
01KJ33KJSZTPJ1ZX8A32CVKHSG,01KJ36HPQGRRDA1JZ2BN1MDMN4,A,A,1.0,1.0,11.0,refgame,1.0,page3-85,1.0,It looks like an upside-down sword piercing a polygon.,9,10.027884,16.855696
01KJ33KJSZTPJ1ZX8A32CVKHSG,01KJ36HPQGRRDA1JZ2BN1MDMN4,A,C,1.0,1.0,46.0,refgame,2.0,page3-85,2.0,"An upside-down sword piercing a polygon, Yeah",7,10.009777,16.846514
01KJ33KJSZTPJ1ZX8A32CVKHSG,01KJ36HPQGRRDA1JZ2BN1MDMN4,A,A,1.0,1.0,7.0,refgame,1.0,page5-64,1.0,It looks like a bird. It is the smallest shape. Triangles and a diamond.,14,9.430345,20.340927
01KJ33KJSZTPJ1ZX8A32CVKHSG,01KJ36HPQGRRDA1JZ2BN1MDMN4,A,C,1.0,1.0,45.0,refgame,2.0,page5-64,2.0,A bird made of a diamond and two triangles. The smallest shape.,12,9.304976,20.387863
01KJ33KJSZTPJ1ZX8A32CVKHSG,01KJ36HPQGRRDA1JZ2BN1MDMN4,A,A,1.0,1.0,10.0,refgame,1.0,page9-27,1.0,It is balancing on a triangle at the bottom.,9,12.201952,18.44259
01KJ33KJSZTPJ1ZX8A32CVKHSG,01KJ36HPQGRRDA1JZ2BN1MDMN4,A,C,1.0,1.0,47.0,refgame,2.0,page9-27,2.0,The large shape balanced on a small triangle at the bottom,11,12.499087,18.282167
01KJ33KJSZTPJ1ZX8A32CVKHSG,01KJ36HPQGRRDA1JZ2BN1MDMN4,A,A,1.0,1.0,8.0,refgame,1.0,page9-46,1.0,It looks like a wave with a notch cut out on the left side.,14,6.4641237,14.484764
01KJ33KJSZTPJ1ZX8A32CVKHSG,01KJ36HPQGRRDA1JZ2BN1MDMN4,A,C,1.0,1.0,43.0,refgame,2.0,page9-46,2.0,It looks like a wave with a notch cut out on the left.,13,6.476935,14.523239
01KJ33KJSZTPJ1ZX8A32CVKHSG,01KJ36HPQGRRDA1JZ2BN1MDMN4,A,B,1.0,4.0,61.0,refgame,2.0,page1-128,4.0,letter C,2,17.810263,12.575973
01KJ33KJSZTPJ1ZX8A32CVKHSG,01KJ36HPQGRRDA1JZ2BN1MDMN4,A,A,1.0,4.0,28.0,refgame,1.0,page1-128,3.0,The rectangle with a notch cut out of the right side,11,14.747887,16.487307
01KJ33KJSZTPJ1ZX8A32CVKHSG,01KJ36HPQGRRDA1JZ2BN1MDMN4,A,B,1.0,4.0,60.0,refgame,2.0,page3-136,3.0,letter T,2,10.904955,10.236135
01KJ33KJSZTPJ1ZX8A32CVKHSG,01KJ36HPQGRRDA1JZ2BN1MDMN4,A,A,1.0,4.0,26.0,refgame,1.0,page3-136,4.0,The axe,2,9.163615,9.438941
01KJ33KJSZTPJ1ZX8A32CVKHSG,01KJ36HPQGRRDA1JZ2BN1MDMN4,A,A,1.0,4.0,27.0,refgame,1.0,page3-85,4.0,The upside-down sword,3,9.995804,16.846725
01KJ33KJSZTPJ1ZX8A32CVKHSG,01KJ36HPQGRRDA1JZ2BN1MDMN4,A,B,1.0,4.0,65.0,refgame,2.0,page3-85,3.0,letter J or upside-down sword piercing polygon,7,9.999943,16.846172
01KJ33KJSZTPJ1ZX8A32CVKHSG,01KJ36HPQGRRDA1JZ2BN1MDMN4,A,B,1.0,4.0,62.0,refgame,2.0,page5-64,3.0,bird made of triangles and diamond,6,9.2858095,20.210886
01KJ33KJSZTPJ1ZX8A32CVKHSG,01KJ36HPQGRRDA1JZ2BN1MDMN4,A,A,1.0,4.0,24.0,refgame,1.0,page5-64,4.0,The bird with triangles and a diamond,7,9.329292,20.261414
01KJ33KJSZTPJ1ZX8A32CVKHSG,01KJ36HPQGRRDA1JZ2BN1MDMN4,A,A,1.0,4.0,29.0,refgame,1.0,page9-27,3.0,The large shape balanced on a triangle at the bottom,10,12.319824,18.370073
01KJ33KJSZTPJ1ZX8A32CVKHSG,01KJ36HPQGRRDA1JZ2BN1MDMN4,A,B,1.0,4.0,64.0,refgame,2.0,page9-27,4.0,Letter Y balanced on small triangle at bottom,8,13.204543,17.899157
01KJ33KJSZTPJ1ZX8A32CVKHSG,01KJ36HPQGRRDA1JZ2BN1MDMN4,A,A,1.0,4.0,25.0,refgame,1.0,page9-46,4.0,The wave,2,6.3177814,14.599972
01KJ33KJSZTPJ1ZX8A32CVKHSG,01KJ36HPQGRRDA1JZ2BN1MDMN4,A,B,1.0,4.0,63.0,refgame,2.0,page9-46,3.0,wave with notch cut out on left or backwards letter C,11,6.442973,14.510155
01KJ33KJSZTPJ1ZX8A32CVKHSG,01KJ36JHZG7RJW8JFPYPM1ZBSD,A,B,1.0,2.0,49.0,refgame,2.0,page1-128,2.0,it's a long rectangle with a notch cut out on the right side,13,14.52609,16.409891
01KJ33KJSZTPJ1ZX8A32CVKHSG,01KJ36JHZG7RJW8JFPYPM1ZBSD,A,A,1.0,2.0,13.0,refgame,1.0,page1-128,1.0,it's a long up and down rectangle with a notch cut out,12,14.6285515,16.295902
01KJ33KJSZTPJ1ZX8A32CVKHSG,01KJ36JHZG7RJW8JFPYPM1ZBSD,A,A,1.0,2.0,14.0,refgame,1.0,page3-136,1.0,it looks like an axe,5,9.407204,9.768434
01KJ33KJSZTPJ1ZX8A32CVKHSG,01KJ36JHZG7RJW8JFPYPM1ZBSD,A,B,1.0,2.0,50.0,refgame,2.0,page3-136,2.0,it looks like an axe,5,9.428429,9.795768
01KJ33KJSZTPJ1ZX8A32CVKHSG,01KJ36JHZG7RJW8JFPYPM1ZBSD,A,A,1.0,2.0,17.0,refgame,1.0,page3-85,2.0,it's a vertical image with a triangle on the bottom and it kind of looks like a sword,18,9.976302,16.834969
01KJ33KJSZTPJ1ZX8A32CVKHSG,01KJ36JHZG7RJW8JFPYPM1ZBSD,A,B,1.0,2.0,53.0,refgame,2.0,page3-85,1.0,"it looks like it's an upside down sword, kind of looks like the letter J on the bottom",18,10.010782,16.860771
01KJ33KJSZTPJ1ZX8A32CVKHSG,01KJ36JHZG7RJW8JFPYPM1ZBSD,A,A,1.0,2.0,15.0,refgame,1.0,page5-64,1.0,it looks like a bird flapping its wings made out of triangles and a diamond,15,9.259863,20.331171
01KJ33KJSZTPJ1ZX8A32CVKHSG,01KJ36JHZG7RJW8JFPYPM1ZBSD,A,B,1.0,2.0,52.0,refgame,2.0,page5-64,2.0,it looks like a bird flapping its wings made of triangles and a diamond,14,9.230061,20.388685
01KJ33KJSZTPJ1ZX8A32CVKHSG,01KJ36JHZG7RJW8JFPYPM1ZBSD,A,A,1.0,2.0,16.0,refgame,1.0,page9-27,1.0,it's got a tiny triangle on the bottom holding up a bigger triangle and a square,16,12.440793,18.484243
01KJ33KJSZTPJ1ZX8A32CVKHSG,01KJ36JHZG7RJW8JFPYPM1ZBSD,A,B,1.0,2.0,48.0,refgame,2.0,page9-27,2.0,its a large shape balancing on a tiny triangle,9,12.219694,18.133375
01KJ33KJSZTPJ1ZX8A32CVKHSG,01KJ36JHZG7RJW8JFPYPM1ZBSD,A,B,1.0,2.0,51.0,refgame,2.0,page9-46,2.0,it looks like a wave with a notch cut out on the left,13,6.4089174,14.548073
01KJ33KJSZTPJ1ZX8A32CVKHSG,01KJ36JHZG7RJW8JFPYPM1ZBSD,A,A,1.0,2.0,12.0,refgame,1.0,page9-46,1.0,it looks like a wave with a notch cut out,10,6.3500648,14.598868
01KJ33KJSZTPJ1ZX8A32CVKHSG,01KJ36JHZG7RJW8JFPYPM1ZBSD,A,A,1.0,5.0,33.0,refgame,1.0,page1-128,3.0,the long rectangle with a chunk missing,7,15.711424,16.594885
01KJ33KJSZTPJ1ZX8A32CVKHSG,01KJ36JHZG7RJW8JFPYPM1ZBSD,A,C,1.0,5.0,71.0,refgame,2.0,page1-128,4.0,it's a vertical long rectangle with a notch cut out of the right,13,14.530883,16.54317
01KJ33KJSZTPJ1ZX8A32CVKHSG,01KJ36JHZG7RJW8JFPYPM1ZBSD,A,A,1.0,5.0,31.0,refgame,1.0,page3-136,4.0,it looks like an axe,5,9.509382,9.72026
01KJ33KJSZTPJ1ZX8A32CVKHSG,01KJ36JHZG7RJW8JFPYPM1ZBSD,A,C,1.0,5.0,68.0,refgame,2.0,page3-136,3.0,it looks like the letter T with a tiny triangle on top,12,11.639072,14.686296
01KJ33KJSZTPJ1ZX8A32CVKHSG,01KJ36JHZG7RJW8JFPYPM1ZBSD,A,A,1.0,5.0,34.0,refgame,1.0,page3-85,3.0,it looks like an upside down sword,7,9.868454,16.734846
01KJ33KJSZTPJ1ZX8A32CVKHSG,01KJ36JHZG7RJW8JFPYPM1ZBSD,A,C,1.0,5.0,70.0,refgame,2.0,page3-85,4.0,"it looks like an upside down sword, or the letter J",11,9.779113,16.597008
01KJ33KJSZTPJ1ZX8A32CVKHSG,01KJ36JHZG7RJW8JFPYPM1ZBSD,A,A,1.0,5.0,35.0,refgame,1.0,page5-64,4.0,it looks like a bird made out of triangles and a diamond,12,9.345601,20.148247
01KJ33KJSZTPJ1ZX8A32CVKHSG,01KJ36JHZG7RJW8JFPYPM1ZBSD,A,C,1.0,5.0,67.0,refgame,2.0,page5-64,3.0,"it looks like a bird flapping its wings made out of triangles and a diamond, the smallest shape",18,9.34883,20.282791
01KJ33KJSZTPJ1ZX8A32CVKHSG,01KJ36JHZG7RJW8JFPYPM1ZBSD,A,A,1.0,5.0,30.0,refgame,1.0,page9-27,3.0,it's the large shape balancing on the tiny triangle,9,12.299544,18.109417
01KJ33KJSZTPJ1ZX8A32CVKHSG,01KJ36JHZG7RJW8JFPYPM1ZBSD,A,C,1.0,5.0,66.0,refgame,2.0,page9-27,4.0,it's a tiny triangle on the bottom holding up a larger shape with a triangle,15,12.148338,18.147783
01KJ33KJSZTPJ1ZX8A32CVKHSG,01KJ36JHZG7RJW8JFPYPM1ZBSD,A,A,1.0,5.0,32.0,refgame,1.0,page9-46,3.0,it's a wave with a notch cut out,8,6.368142,14.59529
01KJ33KJSZTPJ1ZX8A32CVKHSG,01KJ36JHZG7RJW8JFPYPM1ZBSD,A,C,1.0,5.0,69.0,refgame,2.0,page9-46,4.0,it looks like a wave with a slant on the side and a notch cut out on the left,19,6.5229464,14.428441
