gameId,roundId,blockNum,phase,phaseNum,target,group,senderId,senderName,senderRole,text,timestamp
01KHXX0Z4MAHMJHX38RG43R57Z,01KHXX2SNTKZ383JCCKTD3Y1M5,0.0,refgame,1.0,page3-136,B,01KHXX2599HQXEE9MW911MEBZW,Hera,speaker,round message,1771603908577
01KHXX0Z4MAHMJHX38RG43R57Z,01KHXX2SNTKZ383JCCKTD3Y1M5,0.0,refgame,1.0,page3-136,C,01KHXX28C9TCC89D226TY6C2XF,Lika,speaker,round message,1771603908597
01KHXX0Z4MAHMJHX38RG43R57Z,01KHXX2SNTKZ383JCCKTD3Y1M5,0.0,refgame,1.0,page3-136,A,01KHXX2HHGC7KDEF8AS8XYT8G0,Repi,speaker,round message,1771603908622
01KHXX0Z4MAHMJHX38RG43R57Z,01KHXX2SNTKZ383JCCKTD3Y1M5,0.0,refgame,1.0,page3-136,C,01KHXX1Z47Q1F23W0P1DA9KKTV,Felu,listener,ok,1771603909148
01KHXX0Z4MAHMJHX38RG43R57Z,01KHXX2SNTKZ383JCCKTD3Y1M5,0.0,refgame,1.0,page3-136,B,01KHXX226X4921MKBBN0XQE8XQ,Zuda,listener,ok,1771603909188
01KHXX0Z4MAHMJHX38RG43R57Z,01KHXX2SNTKZ383JCCKTD3Y1M5,0.0,refgame,1.0,page3-136,C,01KHXX2BDYCDA8FH0E5ZGSNNDA,Nori,listener,ok,1771603909224
01KHXX0Z4MAHMJHX38RG43R57Z,01KHXX2SNTKZ383JCCKTD3Y1M5,0.0,refgame,1.0,page3-136,A,01KHXX2EFJQB3GBVR9ZYPHGB3Q,Minu,listener,ok,1771603909271
01KHXX0Z4MAHMJHX38RG43R57Z,01KHXX2SNTKZ383JCCKTD3Y1M5,0.0,refgame,1.0,page3-136,B,01KHXX2MK50K3SAJ6CKRFSRKPS,Bavi,listener,ok,1771603909315
01KHXX0Z4MAHMJHX38RG43R57Z,01KHXX2SNTKZ383JCCKTD3Y1M5,0.0,refgame,1.0,page3-136,A,01KHXX2QMTFQSM2NB5XH6Y4HDG,Laju,listener,ok,1771603909365
01KHXX0Z4MAHMJHX38RG43R57Z,01KHXX2SNTKZ383JCCMTK0NT51,0.0,refgame,1.0,page1-128,B,01KHXX2599HQXEE9MW911MEBZW,Hera,speaker,round message,1771603910591
01KHXX0Z4MAHMJHX38RG43R57Z,01KHXX2SNTKZ383JCCMTK0NT51,0.0,refgame,1.0,page1-128,C,01KHXX28C9TCC89D226TY6C2XF,Lika,speaker,round message,1771603910607
01KHXX0Z4MAHMJHX38RG43R57Z,01KHXX2SNTKZ383JCCMTK0NT51,0.0,refgame,1.0,page1-128,A,01KHXX2HHGC7KDEF8AS8XYT8G0,Repi,speaker,round message,1771603910625
01KHXX0Z4MAHMJHX38RG43R57Z,01KHXX2SNTKZ383JCCMTK0NT51,0.0,refgame,1.0,page1-128,C,01KHXX1Z47Q1F23W0P1DA9KKTV,Felu,listener,ok,1771603911143
01KHXX0Z4MAHMJHX38RG43R57Z,01KHXX2SNTKZ383JCCMTK0NT51,0.0,refgame,1.0,page1-128,B,01KHXX226X4921MKBBN0XQE8XQ,Zuda,listener,ok,1771603911178
01KHXX0Z4MAHMJHX38RG43R57Z,01KHXX2SNTKZ383JCCMTK0NT51,0.0,refgame,1.0,page1-128,C,01KHXX2BDYCDA8FH0E5ZGSNNDA,Nori,listener,ok,1771603911214
01KHXX0Z4MAHMJHX38RG43R57Z,01KHXX2SNTKZ383JCCMTK0NT51,0.0,refgame,1.0,page1-128,A,01KHXX2EFJQB3GBVR9ZYPHGB3Q,Minu,listener,ok,1771603911255
01KHXX0Z4MAHMJHX38RG43R57Z,01KHXX2SNTKZ383JCCMTK0NT51,0.0,refgame,1.0,page1-128,B,01KHXX2MK50K3SAJ6CKRFSRKPS,Bavi,listener,ok,1771603911292
01KHXX0Z4MAHMJHX38RG43R57Z,01KHXX2SNTKZ383JCCMTK0NT51,0.0,refgame,1.0,page1-128,A,01KHXX2QMTFQSM2NB5XH6Y4HDG,Laju,listener,ok,1771603911333
01KHXX0Z4MAHMJHX38RG43R57Z,01KHXX2SNTKZ383JCCNG2VPYPM,0.0,refgame,1.0,page9-27,B,01KHXX2599HQXEE9MW911MEBZW,Hera,speaker,round message,1771603921728
01KHXX0Z4MAHMJHX38RG43R57Z,01KHXX2SNTKZ383JCCNG2VPYPM,0.0,refgame,1.0,page9-27,A,01KHXX2HHGC7KDEF8AS8XYT8G0,Repi,speaker,round message,1771603921746
01KHXX0Z4MAHMJHX38RG43R57Z,01KHXX2SNTKZ383JCCNG2VPYPM,0.0,refgame,1.0,page9-27,C,01KHXX1Z47Q1F23W0P1DA9KKTV,Felu,listener,ok,1771603922271
01KHXX0Z4MAHMJHX38RG43R57Z,01KHXX2SNTKZ383JCCNG2VPYPM,0.0,refgame,1.0,page9-27,B,01KHXX226X4921MKBBN0XQE8XQ,Zuda,listener,ok,1771603922302
01KHXX0Z4MAHMJHX38RG43R57Z,01KHXX2SNTKZ383JCCNG2VPYPM,0.0,refgame,1.0,page9-27,C,01KHXX2BDYCDA8FH0E5ZGSNNDA,Nori,listener,ok,1771603922339
01KHXX0Z4MAHMJHX38RG43R57Z,01KHXX2SNTKZ383JCCNG2VPYPM,0.0,refgame,1.0,page9-27,A,01KHXX2EFJQB3GBVR9ZYPHGB3Q,Minu,listener,ok,1771603922371
01KHXX0Z4MAHMJHX38RG43R57Z,01KHXX2SNTKZ383JCCNG2VPYPM,0.0,refgame,1.0,page9-27,B,01KHXX2MK50K3SAJ6CKRFSRKPS,Bavi,listener,ok,1771603922405
01KHXX0Z4MAHMJHX38RG43R57Z,01KHXX2SNTKZ383JCCNG2VPYPM,0.0,refgame,1.0,page9-27,A,01KHXX2QMTFQSM2NB5XH6Y4HDG,Laju,listener,ok,1771603922447
01KHXX0Z4MAHMJHX38RG43R57Z,01KHXX2SNVA98PR6DVCX56PTNT,0.0,refgame,1.0,page5-64,B,01KHXX2599HQXEE9MW911MEBZW,Hera,speaker,round message,1771603977036
01KHXX0Z4MAHMJHX38RG43R57Z,01KHXX2SNVA98PR6DVCX56PTNT,0.0,refgame,1.0,page5-64,A,01KHXX2HHGC7KDEF8AS8XYT8G0,Repi,speaker,round message,1771603977054
01KHXX0Z4MAHMJHX38RG43R57Z,01KHXX2SNVA98PR6DVCX56PTNT,0.0,refgame,1.0,page5-64,B,01KHXX226X4921MKBBN0XQE8XQ,Zuda,listener,ok,1771603977609
01KHXX0Z4MAHMJHX38RG43R57Z,01KHXX2SNVA98PR6DVCX56PTNT,0.0,refgame,1.0,page5-64,A,01KHXX2EFJQB3GBVR9ZYPHGB3Q,Minu,listener,ok,1771603977679
01KHXX0Z4MAHMJHX38RG43R57Z,01KHXX2SNVA98PR6DVCX56PTNT,0.0,refgame,1.0,page5-64,B,01KHXX2MK50K3SAJ6CKRFSRKPS,Bavi,listener,ok,1771603977713
01KHXX0Z4MAHMJHX38RG43R57Z,01KHXX2SNVA98PR6DVCX56PTNT,0.0,refgame,1.0,page5-64,A,01KHXX2QMTFQSM2NB5XH6Y4HDG,Laju,listener,ok,1771603977750
01KHXX0Z4MAHMJHX38RG43R57Z,01KHXX2SNVA98PR6DVDYVHJQ6C,0.0,refgame,1.0,page9-46,C,01KHXX1Z47Q1F23W0P1DA9KKTV,Felu,speaker,round message,1771604032209
01KHXX0Z4MAHMJHX38RG43R57Z,01KHXX2SNVA98PR6DVDYVHJQ6C,0.0,refgame,1.0,page9-46,B,01KHXX2599HQXEE9MW911MEBZW,Hera,speaker,round message,1771604032229
01KHXX0Z4MAHMJHX38RG43R57Z,01KHXX2SNVA98PR6DVDYVHJQ6C,0.0,refgame,1.0,page9-46,A,01KHXX2HHGC7KDEF8AS8XYT8G0,Repi,speaker,round message,1771604032247
01KHXX0Z4MAHMJHX38RG43R57Z,01KHXX2SNVA98PR6DVDYVHJQ6C,0.0,refgame,1.0,page9-46,B,01KHXX226X4921MKBBN0XQE8XQ,Zuda,listener,ok,1771604032768
01KHXX0Z4MAHMJHX38RG43R57Z,01KHXX2SNVA98PR6DVDYVHJQ6C,0.0,refgame,1.0,page9-46,C,01KHXX2BDYCDA8FH0E5ZGSNNDA,Nori,listener,ok,1771604032804
01KHXX0Z4MAHMJHX38RG43R57Z,01KHXX2SNVA98PR6DVDYVHJQ6C,0.0,refgame,1.0,page9-46,A,01KHXX2EFJQB3GBVR9ZYPHGB3Q,Minu,listener,ok,1771604032838
01KHXX0Z4MAHMJHX38RG43R57Z,01KHXX2SNVA98PR6DVDYVHJQ6C,0.0,refgame,1.0,page9-46,B,01KHXX2MK50K3SAJ6CKRFSRKPS,Bavi,listener,ok,1771604032875
01KHXX0Z4MAHMJHX38RG43R57Z,01KHXX2SNVA98PR6DVDYVHJQ6C,0.0,refgame,1.0,page9-46,A,01KHXX2QMTFQSM2NB5XH6Y4HDG,Laju,listener,ok,1771604032915
01KHXX0Z4MAHMJHX38RG43R57Z,01KHXX2SNWCKBHY99YC0NEGZG8,1.0,refgame,1.0,page1-128,C,01KHXX1Z47Q1F23W0P1DA9KKTV,Felu,speaker,round message,1771604034111
01KHXX0Z4MAHMJHX38RG43R57Z,01KHXX2SNWCKBHY99YC0NEGZG8,1.0,refgame,1.0,page1-128,B,01KHXX226X4921MKBBN0XQE8XQ,Zuda,speaker,round message,1771604034130
01KHXX0Z4MAHMJHX38RG43R57Z,01KHXX2SNWCKBHY99YC0NEGZG8,1.0,refgame,1.0,page1-128,A,01KHXX2EFJQB3GBVR9ZYPHGB3Q,Minu,speaker,round message,1771604034149
01KHXX0Z4MAHMJHX38RG43R57Z,01KHXX2SNWCKBHY99YC0NEGZG8,1.0,refgame,1.0,page1-128,B,01KHXX2599HQXEE9MW911MEBZW,Hera,listener,ok,1771604034675
01KHXX0Z4MAHMJHX38RG43R57Z,01KHXX2SNWCKBHY99YC0NEGZG8,1.0,refgame,1.0,page1-128,C,01KHXX2BDYCDA8FH0E5ZGSNNDA,Nori,listener,ok,1771604034713
01KHXX0Z4MAHMJHX38RG43R57Z,01KHXX2SNWCKBHY99YC0NEGZG8,1.0,refgame,1.0,page1-128,A,01KHXX2HHGC7KDEF8AS8XYT8G0,Repi,listener,ok,1771604034754
01KHXX0Z4MAHMJHX38RG43R57Z,01KHXX2SNWCKBHY99YC0NEGZG8,1.0,refgame,1.0,page1-128,B,01KHXX2MK50K3SAJ6CKRFSRKPS,Bavi,listener,ok,1771604034786
01KHXX0Z4MAHMJHX38RG43R57Z,01KHXX2SNWCKBHY99YC0NEGZG8,1.0,refgame,1.0,page1-128,A,01KHXX2QMTFQSM2NB5XH6Y4HDG,Laju,listener,ok,1771604034829
01KHXX0Z4MAHMJHX38RG43R57Z,01KHXX2SNWCKBHY99YCN922GJD,1.0,refgame,1.0,page5-64,C,01KHXX1Z47Q1F23W0P1DA9KKTV,Felu,speaker,round message,1771604045075
01KHXX0Z4MAHMJHX38RG43R57Z,01KHXX2SNWCKBHY99YCN922GJD,1.0,refgame,1.0,page5-64,B,01KHXX226X4921MKBBN0XQE8XQ,Zuda,speaker,round message,1771604045088
01KHXX0Z4MAHMJHX38RG43R57Z,01KHXX2SNWCKBHY99YCN922GJD,1.0,refgame,1.0,page5-64,A,01KHXX2EFJQB3GBVR9ZYPHGB3Q,Minu,speaker,round message,1771604045105
01KHXX0Z4MAHMJHX38RG43R57Z,01KHXX2SNWCKBHY99YCN922GJD,1.0,refgame,1.0,page5-64,C,01KHXX2BDYCDA8FH0E5ZGSNNDA,Nori,listener,ok,1771604045635
01KHXX0Z4MAHMJHX38RG43R57Z,01KHXX2SNWCKBHY99YCN922GJD,1.0,refgame,1.0,page5-64,A,01KHXX2HHGC7KDEF8AS8XYT8G0,Repi,listener,ok,1771604045674
01KHXX0Z4MAHMJHX38RG43R57Z,01KHXX2SNWCKBHY99YCN922GJD,1.0,refgame,1.0,page5-64,B,01KHXX2MK50K3SAJ6CKRFSRKPS,Bavi,listener,ok,1771604045705
01KHXX0Z4MAHMJHX38RG43R57Z,01KHXX2SNWCKBHY99YCN922GJD,1.0,refgame,1.0,page5-64,A,01KHXX2QMTFQSM2NB5XH6Y4HDG,Laju,listener,ok,1771604045734
01KHXX0Z4MAHMJHX38RG43R57Z,01KHXX2SNYY8J2C6A99NANYH39,1.0,refgame,1.0,page3-85,C,01KHXX1Z47Q1F23W0P1DA9KKTV,Felu,speaker,round message,1771604100270
01KHXX0Z4MAHMJHX38RG43R57Z,01KHXX2SNYY8J2C6A99NANYH39,1.0,refgame,1.0,page3-85,B,01KHXX226X4921MKBBN0XQE8XQ,Zuda,speaker,round message,1771604100283
01KHXX0Z4MAHMJHX38RG43R57Z,01KHXX2SNYY8J2C6A99NANYH39,1.0,refgame,1.0,page3-85,A,01KHXX2EFJQB3GBVR9ZYPHGB3Q,Minu,speaker,round message,1771604100304
01KHXX0Z4MAHMJHX38RG43R57Z,01KHXX2SNYY8J2C6A99NANYH39,1.0,refgame,1.0,page3-85,C,01KHXX2BDYCDA8FH0E5ZGSNNDA,Nori,listener,ok,1771604100830
01KHXX0Z4MAHMJHX38RG43R57Z,01KHXX2SNYY8J2C6A99NANYH39,1.0,refgame,1.0,page3-85,A,01KHXX2HHGC7KDEF8AS8XYT8G0,Repi,listener,ok,1771604100874
01KHXX0Z4MAHMJHX38RG43R57Z,01KHXX2SNYY8J2C6A99NANYH39,1.0,refgame,1.0,page3-85,B,01KHXX2MK50K3SAJ6CKRFSRKPS,Bavi,listener,ok,1771604100907
01KHXX0Z4MAHMJHX38RG43R57Z,01KHXX2SNYY8J2C6A99NANYH39,1.0,refgame,1.0,page3-85,A,01KHXX2QMTFQSM2NB5XH6Y4HDG,Laju,listener,ok,1771604100947
01KHXX0Z4MAHMJHX38RG43R57Z,01KHXX2SNYY8J2C6A9AMKAQ1F6,1.0,refgame,1.0,page9-27,C,01KHXX1Z47Q1F23W0P1DA9KKTV,Felu,speaker,round message,1771604155862
01KHXX0Z4MAHMJHX38RG43R57Z,01KHXX2SNYY8J2C6A9AMKAQ1F6,1.0,refgame,1.0,page9-27,B,01KHXX226X4921MKBBN0XQE8XQ,Zuda,speaker,round message,1771604155879
01KHXX0Z4MAHMJHX38RG43R57Z,01KHXX2SNYY8J2C6A9AMKAQ1F6,1.0,refgame,1.0,page9-27,A,01KHXX2EFJQB3GBVR9ZYPHGB3Q,Minu,speaker,round message,1771604155895
01KHXX0Z4MAHMJHX38RG43R57Z,01KHXX2SNYY8J2C6A9AMKAQ1F6,1.0,refgame,1.0,page9-27,C,01KHXX2BDYCDA8FH0E5ZGSNNDA,Nori,listener,ok,1771604156421
01KHXX0Z4MAHMJHX38RG43R57Z,01KHXX2SNYY8J2C6A9AMKAQ1F6,1.0,refgame,1.0,page9-27,A,01KHXX2HHGC7KDEF8AS8XYT8G0,Repi,listener,ok,1771604156453
01KHXX0Z4MAHMJHX38RG43R57Z,01KHXX2SNYY8J2C6A9AMKAQ1F6,1.0,refgame,1.0,page9-27,B,01KHXX2MK50K3SAJ6CKRFSRKPS,Bavi,listener,ok,1771604156494
01KHXX0Z4MAHMJHX38RG43R57Z,01KHXX2SNYY8J2C6A9AMKAQ1F6,1.0,refgame,1.0,page9-27,A,01KHXX2QMTFQSM2NB5XH6Y4HDG,Laju,listener,ok,1771604156530
01KHXX0Z4MAHMJHX38RG43R57Z,01KHXX2SNYY8J2C6A9BSP6PVGS,1.0,refgame,1.0,page3-136,C,01KHXX1Z47Q1F23W0P1DA9KKTV,Felu,speaker,round message,1771604159557
01KHXX0Z4MAHMJHX38RG43R57Z,01KHXX2SNYY8J2C6A9BSP6PVGS,1.0,refgame,1.0,page3-136,B,01KHXX226X4921MKBBN0XQE8XQ,Zuda,speaker,round message,1771604159575
01KHXX0Z4MAHMJHX38RG43R57Z,01KHXX2SNYY8J2C6A9BSP6PVGS,1.0,refgame,1.0,page3-136,A,01KHXX2EFJQB3GBVR9ZYPHGB3Q,Minu,speaker,round message,1771604159596
01KHXX0Z4MAHMJHX38RG43R57Z,01KHXX2SNYY8J2C6A9BSP6PVGS,1.0,refgame,1.0,page3-136,C,01KHXX2BDYCDA8FH0E5ZGSNNDA,Nori,listener,ok,1771604160121
01KHXX0Z4MAHMJHX38RG43R57Z,01KHXX2SNYY8J2C6A9BSP6PVGS,1.0,refgame,1.0,page3-136,A,01KHXX2HHGC7KDEF8AS8XYT8G0,Repi,listener,ok,1771604160157
01KHXX0Z4MAHMJHX38RG43R57Z,01KHXX2SNYY8J2C6A9BSP6PVGS,1.0,refgame,1.0,page3-136,B,01KHXX2MK50K3SAJ6CKRFSRKPS,Bavi,listener,ok,1771604160191
01KHXX0Z4MAHMJHX38RG43R57Z,01KHXX2SNYY8J2C6A9BSP6PVGS,1.0,refgame,1.0,page3-136,A,01KHXX2QMTFQSM2NB5XH6Y4HDG,Laju,listener,ok,1771604160228
01KHXX0Z4MAHMJHX38RG43R57Z,01KHXX2SNZQ5SRG1N5032MGB2M,2.0,refgame,1.0,page9-46,C,01KHXX2BDYCDA8FH0E5ZGSNNDA,Nori,speaker,round message,1771604161408
01KHXX0Z4MAHMJHX38RG43R57Z,01KHXX2SNZQ5SRG1N5032MGB2M,2.0,refgame,1.0,page9-46,B,01KHXX2MK50K3SAJ6CKRFSRKPS,Bavi,speaker,round message,1771604161426
01KHXX0Z4MAHMJHX38RG43R57Z,01KHXX2SNZQ5SRG1N5032MGB2M,2.0,refgame,1.0,page9-46,A,01KHXX2QMTFQSM2NB5XH6Y4HDG,Laju,speaker,round message,1771604161439
01KHXX0Z4MAHMJHX38RG43R57Z,01KHXX2SNZQ5SRG1N5032MGB2M,2.0,refgame,1.0,page9-46,C,01KHXX1Z47Q1F23W0P1DA9KKTV,Felu,listener,ok,1771604161951
01KHXX0Z4MAHMJHX38RG43R57Z,01KHXX2SNZQ5SRG1N5032MGB2M,2.0,refgame,1.0,page9-46,B,01KHXX226X4921MKBBN0XQE8XQ,Zuda,listener,ok,1771604161987
01KHXX0Z4MAHMJHX38RG43R57Z,01KHXX2SNZQ5SRG1N5032MGB2M,2.0,refgame,1.0,page9-46,A,01KHXX2EFJQB3GBVR9ZYPHGB3Q,Minu,listener,ok,1771604162025
01KHXX0Z4MAHMJHX38RG43R57Z,01KHXX2SNZQ5SRG1N5032MGB2M,2.0,refgame,1.0,page9-46,A,01KHXX2HHGC7KDEF8AS8XYT8G0,Repi,listener,ok,1771604162058
01KHXX0Z4MAHMJHX38RG43R57Z,01KHXX2SNZQ5SRG1N514MX4Z5C,1.0,refgame,1.0,page9-46,C,01KHXX1Z47Q1F23W0P1DA9KKTV,Felu,speaker,round message,1771604157696
01KHXX0Z4MAHMJHX38RG43R57Z,01KHXX2SNZQ5SRG1N514MX4Z5C,1.0,refgame,1.0,page9-46,B,01KHXX226X4921MKBBN0XQE8XQ,Zuda,speaker,round message,1771604157712
01KHXX0Z4MAHMJHX38RG43R57Z,01KHXX2SNZQ5SRG1N514MX4Z5C,1.0,refgame,1.0,page9-46,A,01KHXX2EFJQB3GBVR9ZYPHGB3Q,Minu,speaker,round message,1771604157728
01KHXX0Z4MAHMJHX38RG43R57Z,01KHXX2SNZQ5SRG1N514MX4Z5C,1.0,refgame,1.0,page9-46,C,01KHXX2BDYCDA8FH0E5ZGSNNDA,Nori,listener,ok,1771604158256
01KHXX0Z4MAHMJHX38RG43R57Z,01KHXX2SNZQ5SRG1N514MX4Z5C,1.0,refgame,1.0,page9-46,A,01KHXX2HHGC7KDEF8AS8XYT8G0,Repi,listener,ok,1771604158294
01KHXX0Z4MAHMJHX38RG43R57Z,01KHXX2SNZQ5SRG1N514MX4Z5C,1.0,refgame,1.0,page9-46,B,01KHXX2MK50K3SAJ6CKRFSRKPS,Bavi,listener,ok,1771604158331
01KHXX0Z4MAHMJHX38RG43R57Z,01KHXX2SNZQ5SRG1N514MX4Z5C,1.0,refgame,1.0,page9-46,A,01KHXX2QMTFQSM2NB5XH6Y4HDG,Laju,listener,ok,1771604158363
01KHXX0Z4MAHMJHX38RG43R57Z,01KHXX2SNZQ5SRG1N51S4Z8WD8,2.0,refgame,1.0,page3-136,C,01KHXX2BDYCDA8FH0E5ZGSNNDA,Nori,speaker,round message,1771604165070
01KHXX0Z4MAHMJHX38RG43R57Z,01KHXX2SNZQ5SRG1N51S4Z8WD8,2.0,refgame,1.0,page3-136,B,01KHXX2MK50K3SAJ6CKRFSRKPS,Bavi,speaker,round message,1771604165089
01KHXX0Z4MAHMJHX38RG43R57Z,01KHXX2SNZQ5SRG1N51S4Z8WD8,2.0,refgame,1.0,page3-136,A,01KHXX2QMTFQSM2NB5XH6Y4HDG,Laju,speaker,round message,1771604165104
01KHXX0Z4MAHMJHX38RG43R57Z,01KHXX2SNZQ5SRG1N51S4Z8WD8,2.0,refgame,1.0,page3-136,C,01KHXX1Z47Q1F23W0P1DA9KKTV,Felu,listener,ok,1771604165619
01KHXX0Z4MAHMJHX38RG43R57Z,01KHXX2SNZQ5SRG1N51S4Z8WD8,2.0,refgame,1.0,page3-136,B,01KHXX226X4921MKBBN0XQE8XQ,Zuda,listener,ok,1771604165654
01KHXX0Z4MAHMJHX38RG43R57Z,01KHXX2SNZQ5SRG1N51S4Z8WD8,2.0,refgame,1.0,page3-136,A,01KHXX2EFJQB3GBVR9ZYPHGB3Q,Minu,listener,ok,1771604165688
01KHXX0Z4MAHMJHX38RG43R57Z,01KHXX2SNZQ5SRG1N51S4Z8WD8,2.0,refgame,1.0,page3-136,A,01KHXX2HHGC7KDEF8AS8XYT8G0,Repi,listener,ok,1771604165725
01KHXX0Z4MAHMJHX38RG43R57Z,01KHXX2SNZQ5SRG1N52X9KX96K,2.0,refgame,1.0,page1-128,C,01KHXX2BDYCDA8FH0E5ZGSNNDA,Nori,speaker,round message,1771604166921
01KHXX0Z4MAHMJHX38RG43R57Z,01KHXX2SNZQ5SRG1N52X9KX96K,2.0,refgame,1.0,page1-128,B,01KHXX2MK50K3SAJ6CKRFSRKPS,Bavi,speaker,round message,1771604166943
01KHXX0Z4MAHMJHX38RG43R57Z,01KHXX2SNZQ5SRG1N52X9KX96K,2.0,refgame,1.0,page1-128,A,01KHXX2QMTFQSM2NB5XH6Y4HDG,Laju,speaker,round message,1771604166957
01KHXX0Z4MAHMJHX38RG43R57Z,01KHXX2SNZQ5SRG1N52X9KX96K,2.0,refgame,1.0,page1-128,C,01KHXX1Z47Q1F23W0P1DA9KKTV,Felu,listener,ok,1771604167473
01KHXX0Z4MAHMJHX38RG43R57Z,01KHXX2SNZQ5SRG1N52X9KX96K,2.0,refgame,1.0,page1-128,B,01KHXX226X4921MKBBN0XQE8XQ,Zuda,listener,ok,1771604167512
01KHXX0Z4MAHMJHX38RG43R57Z,01KHXX2SNZQ5SRG1N52X9KX96K,2.0,refgame,1.0,page1-128,A,01KHXX2EFJQB3GBVR9ZYPHGB3Q,Minu,listener,ok,1771604167552
01KHXX0Z4MAHMJHX38RG43R57Z,01KHXX2SNZQ5SRG1N52X9KX96K,2.0,refgame,1.0,page1-128,A,01KHXX2HHGC7KDEF8AS8XYT8G0,Repi,listener,ok,1771604167584
01KHXX0Z4MAHMJHX38RG43R57Z,01KHXX2SNZQ5SRG1N541S5638A,2.0,refgame,1.0,page3-85,C,01KHXX2BDYCDA8FH0E5ZGSNNDA,Nori,speaker,round message,1771604163241
01KHXX0Z4MAHMJHX38RG43R57Z,01KHXX2SNZQ5SRG1N541S5638A,2.0,refgame,1.0,page3-85,B,01KHXX2MK50K3SAJ6CKRFSRKPS,Bavi,speaker,round message,1771604163263
01KHXX0Z4MAHMJHX38RG43R57Z,01KHXX2SNZQ5SRG1N541S5638A,2.0,refgame,1.0,page3-85,A,01KHXX2QMTFQSM2NB5XH6Y4HDG,Laju,speaker,round message,1771604163277
01KHXX0Z4MAHMJHX38RG43R57Z,01KHXX2SNZQ5SRG1N541S5638A,2.0,refgame,1.0,page3-85,C,01KHXX1Z47Q1F23W0P1DA9KKTV,Felu,listener,ok,1771604163792
01KHXX0Z4MAHMJHX38RG43R57Z,01KHXX2SNZQ5SRG1N541S5638A,2.0,refgame,1.0,page3-85,B,01KHXX226X4921MKBBN0XQE8XQ,Zuda,listener,ok,1771604163829
01KHXX0Z4MAHMJHX38RG43R57Z,01KHXX2SNZQ5SRG1N541S5638A,2.0,refgame,1.0,page3-85,A,01KHXX2EFJQB3GBVR9ZYPHGB3Q,Minu,listener,ok,1771604163865
01KHXX0Z4MAHMJHX38RG43R57Z,01KHXX2SNZQ5SRG1N541S5638A,2.0,refgame,1.0,page3-85,A,01KHXX2HHGC7KDEF8AS8XYT8G0,Repi,listener,ok,1771604163902
01KHXX0Z4MAHMJHX38RG43R57Z,01KHXX2SNZQ5SRG1N54XJX4CV3,2.0,refgame,1.0,page5-64,C,01KHXX2BDYCDA8FH0E5ZGSNNDA,Nori,speaker,round message,1771604168789
01KHXX0Z4MAHMJHX38RG43R57Z,01KHXX2SNZQ5SRG1N54XJX4CV3,2.0,refgame,1.0,page5-64,B,01KHXX2MK50K3SAJ6CKRFSRKPS,Bavi,speaker,round message,1771604168810
01KHXX0Z4MAHMJHX38RG43R57Z,01KHXX2SNZQ5SRG1N54XJX4CV3,2.0,refgame,1.0,page5-64,A,01KHXX2QMTFQSM2NB5XH6Y4HDG,Laju,speaker,round message,1771604168823
01KHXX0Z4MAHMJHX38RG43R57Z,01KHXX2SNZQ5SRG1N54XJX4CV3,2.0,refgame,1.0,page5-64,C,01KHXX1Z47Q1F23W0P1DA9KKTV,Felu,listener,ok,1771604169339
01KHXX0Z4MAHMJHX38RG43R57Z,01KHXX2SNZQ5SRG1N54XJX4CV3,2.0,refgame,1.0,page5-64,B,01KHXX226X4921MKBBN0XQE8XQ,Zuda,listener,ok,1771604169379
01KHXX0Z4MAHMJHX38RG43R57Z,01KHXX2SNZQ5SRG1N54XJX4CV3,2.0,refgame,1.0,page5-64,A,01KHXX2EFJQB3GBVR9ZYPHGB3Q,Minu,listener,ok,1771604169415
01KHXX0Z4MAHMJHX38RG43R57Z,01KHXX2SNZQ5SRG1N54XJX4CV3,2.0,refgame,1.0,page5-64,A,01KHXX2HHGC7KDEF8AS8XYT8G0,Repi,listener,ok,1771604169448
01KHXX0Z4MAHMJHX38RG43R57Z,01KHXX2SP0HZVADNPZE2N92WGN,3.0,refgame,1.0,page9-46,C,01KHXX2BDYCDA8FH0E5ZGSNNDA,Nori,speaker,round message,1771604172487
01KHXX0Z4MAHMJHX38RG43R57Z,01KHXX2SP0HZVADNPZE2N92WGN,3.0,refgame,1.0,page9-46,A,01KHXX2HHGC7KDEF8AS8XYT8G0,Repi,speaker,round message,1771604172508
01KHXX0Z4MAHMJHX38RG43R57Z,01KHXX2SP0HZVADNPZE2N92WGN,3.0,refgame,1.0,page9-46,B,01KHXX2MK50K3SAJ6CKRFSRKPS,Bavi,speaker,round message,1771604172527
01KHXX0Z4MAHMJHX38RG43R57Z,01KHXX2SP0HZVADNPZE2N92WGN,3.0,refgame,1.0,page9-46,C,01KHXX1Z47Q1F23W0P1DA9KKTV,Felu,listener,ok,1771604173045
01KHXX0Z4MAHMJHX38RG43R57Z,01KHXX2SP0HZVADNPZE2N92WGN,3.0,refgame,1.0,page9-46,B,01KHXX226X4921MKBBN0XQE8XQ,Zuda,listener,ok,1771604173082
01KHXX0Z4MAHMJHX38RG43R57Z,01KHXX2SP0HZVADNPZE2N92WGN,3.0,refgame,1.0,page9-46,A,01KHXX2EFJQB3GBVR9ZYPHGB3Q,Minu,listener,ok,1771604173122
01KHXX0Z4MAHMJHX38RG43R57Z,01KHXX2SP0HZVADNPZE2N92WGN,3.0,refgame,1.0,page9-46,A,01KHXX2QMTFQSM2NB5XH6Y4HDG,Laju,listener,ok,1771604173156
01KHXX0Z4MAHMJHX38RG43R57Z,01KHXX2SP0HZVADNPZEY6J68T9,2.0,refgame,1.0,page9-27,C,01KHXX2BDYCDA8FH0E5ZGSNNDA,Nori,speaker,round message,1771604170625
01KHXX0Z4MAHMJHX38RG43R57Z,01KHXX2SP0HZVADNPZEY6J68T9,2.0,refgame,1.0,page9-27,B,01KHXX2MK50K3SAJ6CKRFSRKPS,Bavi,speaker,round message,1771604170646
01KHXX0Z4MAHMJHX38RG43R57Z,01KHXX2SP0HZVADNPZEY6J68T9,2.0,refgame,1.0,page9-27,A,01KHXX2QMTFQSM2NB5XH6Y4HDG,Laju,speaker,round message,1771604170659
01KHXX0Z4MAHMJHX38RG43R57Z,01KHXX2SP0HZVADNPZEY6J68T9,2.0,refgame,1.0,page9-27,C,01KHXX1Z47Q1F23W0P1DA9KKTV,Felu,listener,ok,1771604171174
01KHXX0Z4MAHMJHX38RG43R57Z,01KHXX2SP0HZVADNPZEY6J68T9,2.0,refgame,1.0,page9-27,B,01KHXX226X4921MKBBN0XQE8XQ,Zuda,listener,ok,1771604171212
01KHXX0Z4MAHMJHX38RG43R57Z,01KHXX2SP0HZVADNPZEY6J68T9,2.0,refgame,1.0,page9-27,A,01KHXX2EFJQB3GBVR9ZYPHGB3Q,Minu,listener,ok,1771604171254
01KHXX0Z4MAHMJHX38RG43R57Z,01KHXX2SP0HZVADNPZEY6J68T9,2.0,refgame,1.0,page9-27,A,01KHXX2HHGC7KDEF8AS8XYT8G0,Repi,listener,ok,1771604171289
01KHXX0Z4MAHMJHX38RG43R57Z,01KHXX2SP0HZVADNPZFXVRJSJE,3.0,refgame,1.0,page5-64,C,01KHXX2BDYCDA8FH0E5ZGSNNDA,Nori,speaker,round message,1771604176190
01KHXX0Z4MAHMJHX38RG43R57Z,01KHXX2SP0HZVADNPZFXVRJSJE,3.0,refgame,1.0,page5-64,A,01KHXX2HHGC7KDEF8AS8XYT8G0,Repi,speaker,round message,1771604176208
01KHXX0Z4MAHMJHX38RG43R57Z,01KHXX2SP0HZVADNPZFXVRJSJE,3.0,refgame,1.0,page5-64,B,01KHXX2MK50K3SAJ6CKRFSRKPS,Bavi,speaker,round message,1771604176222
01KHXX0Z4MAHMJHX38RG43R57Z,01KHXX2SP0HZVADNPZFXVRJSJE,3.0,refgame,1.0,page5-64,C,01KHXX1Z47Q1F23W0P1DA9KKTV,Felu,listener,ok,1771604176741
01KHXX0Z4MAHMJHX38RG43R57Z,01KHXX2SP0HZVADNPZFXVRJSJE,3.0,refgame,1.0,page5-64,B,01KHXX226X4921MKBBN0XQE8XQ,Zuda,listener,ok,1771604176778
01KHXX0Z4MAHMJHX38RG43R57Z,01KHXX2SP0HZVADNPZFXVRJSJE,3.0,refgame,1.0,page5-64,A,01KHXX2EFJQB3GBVR9ZYPHGB3Q,Minu,listener,ok,1771604176814
01KHXX0Z4MAHMJHX38RG43R57Z,01KHXX2SP0HZVADNPZFXVRJSJE,3.0,refgame,1.0,page5-64,A,01KHXX2QMTFQSM2NB5XH6Y4HDG,Laju,listener,ok,1771604176857
01KHXX0Z4MAHMJHX38RG43R57Z,01KHXX2SP1W06K26S6TXWWW741,3.0,refgame,1.0,page3-136,C,01KHXX2BDYCDA8FH0E5ZGSNNDA,Nori,speaker,round message,1771604174344
01KHXX0Z4MAHMJHX38RG43R57Z,01KHXX2SP1W06K26S6TXWWW741,3.0,refgame,1.0,page3-136,A,01KHXX2HHGC7KDEF8AS8XYT8G0,Repi,speaker,round message,1771604174363
01KHXX0Z4MAHMJHX38RG43R57Z,01KHXX2SP1W06K26S6TXWWW741,3.0,refgame,1.0,page3-136,B,01KHXX2MK50K3SAJ6CKRFSRKPS,Bavi,speaker,round message,1771604174377
01KHXX0Z4MAHMJHX38RG43R57Z,01KHXX2SP1W06K26S6TXWWW741,3.0,refgame,1.0,page3-136,C,01KHXX1Z47Q1F23W0P1DA9KKTV,Felu,listener,ok,1771604174896
01KHXX0Z4MAHMJHX38RG43R57Z,01KHXX2SP1W06K26S6TXWWW741,3.0,refgame,1.0,page3-136,B,01KHXX226X4921MKBBN0XQE8XQ,Zuda,listener,ok,1771604174938
01KHXX0Z4MAHMJHX38RG43R57Z,01KHXX2SP1W06K26S6TXWWW741,3.0,refgame,1.0,page3-136,A,01KHXX2EFJQB3GBVR9ZYPHGB3Q,Minu,listener,ok,1771604174977
01KHXX0Z4MAHMJHX38RG43R57Z,01KHXX2SP1W06K26S6TXWWW741,3.0,refgame,1.0,page3-136,A,01KHXX2QMTFQSM2NB5XH6Y4HDG,Laju,listener,ok,1771604175015
01KHXX0Z4MAHMJHX38RG43R57Z,01KHXX2SP1W06K26S6VXR3V343,3.0,refgame,1.0,page9-27,C,01KHXX2BDYCDA8FH0E5ZGSNNDA,Nori,speaker,round message,1771604181747
01KHXX0Z4MAHMJHX38RG43R57Z,01KHXX2SP1W06K26S6VXR3V343,3.0,refgame,1.0,page9-27,A,01KHXX2HHGC7KDEF8AS8XYT8G0,Repi,speaker,round message,1771604181765
01KHXX0Z4MAHMJHX38RG43R57Z,01KHXX2SP1W06K26S6VXR3V343,3.0,refgame,1.0,page9-27,B,01KHXX2MK50K3SAJ6CKRFSRKPS,Bavi,speaker,round message,1771604181780
01KHXX0Z4MAHMJHX38RG43R57Z,01KHXX2SP1W06K26S6VXR3V343,3.0,refgame,1.0,page9-27,C,01KHXX1Z47Q1F23W0P1DA9KKTV,Felu,listener,ok,1771604182299
01KHXX0Z4MAHMJHX38RG43R57Z,01KHXX2SP1W06K26S6VXR3V343,3.0,refgame,1.0,page9-27,B,01KHXX226X4921MKBBN0XQE8XQ,Zuda,listener,ok,1771604182338
01KHXX0Z4MAHMJHX38RG43R57Z,01KHXX2SP1W06K26S6VXR3V343,3.0,refgame,1.0,page9-27,A,01KHXX2EFJQB3GBVR9ZYPHGB3Q,Minu,listener,ok,1771604182382
01KHXX0Z4MAHMJHX38RG43R57Z,01KHXX2SP1W06K26S6VXR3V343,3.0,refgame,1.0,page9-27,A,01KHXX2QMTFQSM2NB5XH6Y4HDG,Laju,listener,ok,1771604182419
01KHXX0Z4MAHMJHX38RG43R57Z,01KHXX2SP1W06K26S6WQRC978H,4.0,refgame,1.0,page1-128,C,01KHXX1Z47Q1F23W0P1DA9KKTV,Felu,speaker,round message,1771604191022
01KHXX0Z4MAHMJHX38RG43R57Z,01KHXX2SP1W06K26S6WQRC978H,4.0,refgame,1.0,page1-128,B,01KHXX226X4921MKBBN0XQE8XQ,Zuda,speaker,round message,1771604191038
01KHXX0Z4MAHMJHX38RG43R57Z,01KHXX2SP1W06K26S6WQRC978H,4.0,refgame,1.0,page1-128,A,01KHXX2EFJQB3GBVR9ZYPHGB3Q,Minu,speaker,round message,1771604191055
01KHXX0Z4MAHMJHX38RG43R57Z,01KHXX2SP1W06K26S6WQRC978H,4.0,refgame,1.0,page1-128,C,01KHXX2BDYCDA8FH0E5ZGSNNDA,Nori,listener,ok,1771604191580
01KHXX0Z4MAHMJHX38RG43R57Z,01KHXX2SP1W06K26S6WQRC978H,4.0,refgame,1.0,page1-128,A,01KHXX2HHGC7KDEF8AS8XYT8G0,Repi,listener,ok,1771604191624
01KHXX0Z4MAHMJHX38RG43R57Z,01KHXX2SP1W06K26S6WQRC978H,4.0,refgame,1.0,page1-128,B,01KHXX2MK50K3SAJ6CKRFSRKPS,Bavi,listener,ok,1771604191659
01KHXX0Z4MAHMJHX38RG43R57Z,01KHXX2SP1W06K26S6WQRC978H,4.0,refgame,1.0,page1-128,A,01KHXX2QMTFQSM2NB5XH6Y4HDG,Laju,listener,ok,1771604191698
01KHXX0Z4MAHMJHX38RG43R57Z,01KHXX2SP2VQ9EQE23BEWSK5SC,4.0,refgame,1.0,page9-46,C,01KHXX1Z47Q1F23W0P1DA9KKTV,Felu,speaker,round message,1771604189175
01KHXX0Z4MAHMJHX38RG43R57Z,01KHXX2SP2VQ9EQE23BEWSK5SC,4.0,refgame,1.0,page9-46,B,01KHXX226X4921MKBBN0XQE8XQ,Zuda,speaker,round message,1771604189191
01KHXX0Z4MAHMJHX38RG43R57Z,01KHXX2SP2VQ9EQE23BEWSK5SC,4.0,refgame,1.0,page9-46,A,01KHXX2EFJQB3GBVR9ZYPHGB3Q,Minu,speaker,round message,1771604189206
01KHXX0Z4MAHMJHX38RG43R57Z,01KHXX2SP2VQ9EQE23BEWSK5SC,4.0,refgame,1.0,page9-46,C,01KHXX2BDYCDA8FH0E5ZGSNNDA,Nori,listener,ok,1771604189732
01KHXX0Z4MAHMJHX38RG43R57Z,01KHXX2SP2VQ9EQE23BEWSK5SC,4.0,refgame,1.0,page9-46,A,01KHXX2HHGC7KDEF8AS8XYT8G0,Repi,listener,ok,1771604189772
01KHXX0Z4MAHMJHX38RG43R57Z,01KHXX2SP2VQ9EQE23BEWSK5SC,4.0,refgame,1.0,page9-46,B,01KHXX2MK50K3SAJ6CKRFSRKPS,Bavi,listener,ok,1771604189805
01KHXX0Z4MAHMJHX38RG43R57Z,01KHXX2SP2VQ9EQE23BEWSK5SC,4.0,refgame,1.0,page9-46,A,01KHXX2QMTFQSM2NB5XH6Y4HDG,Laju,listener,ok,1771604189842
01KHXX0Z4MAHMJHX38RG43R57Z,01KHXX2SP2VQ9EQE23C6ZHJXBJ,3.0,refgame,1.0,page1-128,C,01KHXX2BDYCDA8FH0E5ZGSNNDA,Nori,speaker,round message,1771604179913
01KHXX0Z4MAHMJHX38RG43R57Z,01KHXX2SP2VQ9EQE23C6ZHJXBJ,3.0,refgame,1.0,page1-128,A,01KHXX2HHGC7KDEF8AS8XYT8G0,Repi,speaker,round message,1771604179933
01KHXX0Z4MAHMJHX38RG43R57Z,01KHXX2SP2VQ9EQE23C6ZHJXBJ,3.0,refgame,1.0,page1-128,B,01KHXX2MK50K3SAJ6CKRFSRKPS,Bavi,speaker,round message,1771604179947
01KHXX0Z4MAHMJHX38RG43R57Z,01KHXX2SP2VQ9EQE23C6ZHJXBJ,3.0,refgame,1.0,page1-128,C,01KHXX1Z47Q1F23W0P1DA9KKTV,Felu,listener,ok,1771604180464
01KHXX0Z4MAHMJHX38RG43R57Z,01KHXX2SP2VQ9EQE23C6ZHJXBJ,3.0,refgame,1.0,page1-128,B,01KHXX226X4921MKBBN0XQE8XQ,Zuda,listener,ok,1771604180498
01KHXX0Z4MAHMJHX38RG43R57Z,01KHXX2SP2VQ9EQE23C6ZHJXBJ,3.0,refgame,1.0,page1-128,A,01KHXX2EFJQB3GBVR9ZYPHGB3Q,Minu,listener,ok,1771604180545
01KHXX0Z4MAHMJHX38RG43R57Z,01KHXX2SP2VQ9EQE23C6ZHJXBJ,3.0,refgame,1.0,page1-128,A,01KHXX2QMTFQSM2NB5XH6Y4HDG,Laju,listener,ok,1771604180580
01KHXX0Z4MAHMJHX38RG43R57Z,01KHXX2SP2VQ9EQE23D65T3WR6,4.0,refgame,1.0,page3-136,C,01KHXX1Z47Q1F23W0P1DA9KKTV,Felu,speaker,round message,1771604183614
01KHXX0Z4MAHMJHX38RG43R57Z,01KHXX2SP2VQ9EQE23D65T3WR6,4.0,refgame,1.0,page3-136,B,01KHXX226X4921MKBBN0XQE8XQ,Zuda,speaker,round message,1771604183632
01KHXX0Z4MAHMJHX38RG43R57Z,01KHXX2SP2VQ9EQE23D65T3WR6,4.0,refgame,1.0,page3-136,A,01KHXX2EFJQB3GBVR9ZYPHGB3Q,Minu,speaker,round message,1771604183650
01KHXX0Z4MAHMJHX38RG43R57Z,01KHXX2SP2VQ9EQE23D65T3WR6,4.0,refgame,1.0,page3-136,C,01KHXX2BDYCDA8FH0E5ZGSNNDA,Nori,listener,ok,1771604184176
01KHXX0Z4MAHMJHX38RG43R57Z,01KHXX2SP2VQ9EQE23D65T3WR6,4.0,refgame,1.0,page3-136,A,01KHXX2HHGC7KDEF8AS8XYT8G0,Repi,listener,ok,1771604184214
01KHXX0Z4MAHMJHX38RG43R57Z,01KHXX2SP2VQ9EQE23D65T3WR6,4.0,refgame,1.0,page3-136,B,01KHXX2MK50K3SAJ6CKRFSRKPS,Bavi,listener,ok,1771604184248
01KHXX0Z4MAHMJHX38RG43R57Z,01KHXX2SP2VQ9EQE23D65T3WR6,4.0,refgame,1.0,page3-136,A,01KHXX2QMTFQSM2NB5XH6Y4HDG,Laju,listener,ok,1771604184288
01KHXX0Z4MAHMJHX38RG43R57Z,01KHXX2SP2VQ9EQE23E21SHGV2,4.0,refgame,1.0,page9-27,C,01KHXX1Z47Q1F23W0P1DA9KKTV,Felu,speaker,round message,1771604185479
01KHXX0Z4MAHMJHX38RG43R57Z,01KHXX2SP2VQ9EQE23E21SHGV2,4.0,refgame,1.0,page9-27,B,01KHXX226X4921MKBBN0XQE8XQ,Zuda,speaker,round message,1771604185499
01KHXX0Z4MAHMJHX38RG43R57Z,01KHXX2SP2VQ9EQE23E21SHGV2,4.0,refgame,1.0,page9-27,A,01KHXX2EFJQB3GBVR9ZYPHGB3Q,Minu,speaker,round message,1771604185517
01KHXX0Z4MAHMJHX38RG43R57Z,01KHXX2SP2VQ9EQE23E21SHGV2,4.0,refgame,1.0,page9-27,C,01KHXX2BDYCDA8FH0E5ZGSNNDA,Nori,listener,ok,1771604186041
01KHXX0Z4MAHMJHX38RG43R57Z,01KHXX2SP2VQ9EQE23E21SHGV2,4.0,refgame,1.0,page9-27,A,01KHXX2HHGC7KDEF8AS8XYT8G0,Repi,listener,ok,1771604186082
01KHXX0Z4MAHMJHX38RG43R57Z,01KHXX2SP2VQ9EQE23E21SHGV2,4.0,refgame,1.0,page9-27,B,01KHXX2MK50K3SAJ6CKRFSRKPS,Bavi,listener,ok,1771604186115
01KHXX0Z4MAHMJHX38RG43R57Z,01KHXX2SP2VQ9EQE23E21SHGV2,4.0,refgame,1.0,page9-27,A,01KHXX2QMTFQSM2NB5XH6Y4HDG,Laju,listener,ok,1771604186146
01KHXX0Z4MAHMJHX38RG43R57Z,01KHXX2SP2VQ9EQE23EZV7VDQT,4.0,refgame,1.0,page5-64,C,01KHXX1Z47Q1F23W0P1DA9KKTV,Felu,speaker,round message,1771604187329
01KHXX0Z4MAHMJHX38RG43R57Z,01KHXX2SP2VQ9EQE23EZV7VDQT,4.0,refgame,1.0,page5-64,B,01KHXX226X4921MKBBN0XQE8XQ,Zuda,speaker,round message,1771604187348
01KHXX0Z4MAHMJHX38RG43R57Z,01KHXX2SP2VQ9EQE23EZV7VDQT,4.0,refgame,1.0,page5-64,A,01KHXX2EFJQB3GBVR9ZYPHGB3Q,Minu,speaker,round message,1771604187368
01KHXX0Z4MAHMJHX38RG43R57Z,01KHXX2SP2VQ9EQE23EZV7VDQT,4.0,refgame,1.0,page5-64,C,01KHXX2BDYCDA8FH0E5ZGSNNDA,Nori,listener,ok,1771604187893
01KHXX0Z4MAHMJHX38RG43R57Z,01KHXX2SP2VQ9EQE23EZV7VDQT,4.0,refgame,1.0,page5-64,A,01KHXX2HHGC7KDEF8AS8XYT8G0,Repi,listener,ok,1771604187930
01KHXX0Z4MAHMJHX38RG43R57Z,01KHXX2SP2VQ9EQE23EZV7VDQT,4.0,refgame,1.0,page5-64,B,01KHXX2MK50K3SAJ6CKRFSRKPS,Bavi,listener,ok,1771604187968
01KHXX0Z4MAHMJHX38RG43R57Z,01KHXX2SP2VQ9EQE23EZV7VDQT,4.0,refgame,1.0,page5-64,A,01KHXX2QMTFQSM2NB5XH6Y4HDG,Laju,listener,ok,1771604188007
01KHXX0Z4MAHMJHX38RG43R57Z,01KHXX2SP2VQ9EQE23FVBT5ZBJ,3.0,refgame,1.0,page3-85,C,01KHXX2BDYCDA8FH0E5ZGSNNDA,Nori,speaker,round message,1771604178048
01KHXX0Z4MAHMJHX38RG43R57Z,01KHXX2SP2VQ9EQE23FVBT5ZBJ,3.0,refgame,1.0,page3-85,A,01KHXX2HHGC7KDEF8AS8XYT8G0,Repi,speaker,round message,1771604178066
01KHXX0Z4MAHMJHX38RG43R57Z,01KHXX2SP2VQ9EQE23FVBT5ZBJ,3.0,refgame,1.0,page3-85,B,01KHXX2MK50K3SAJ6CKRFSRKPS,Bavi,speaker,round message,1771604178079
01KHXX0Z4MAHMJHX38RG43R57Z,01KHXX2SP2VQ9EQE23FVBT5ZBJ,3.0,refgame,1.0,page3-85,C,01KHXX1Z47Q1F23W0P1DA9KKTV,Felu,listener,ok,1771604178597
01KHXX0Z4MAHMJHX38RG43R57Z,01KHXX2SP2VQ9EQE23FVBT5ZBJ,3.0,refgame,1.0,page3-85,B,01KHXX226X4921MKBBN0XQE8XQ,Zuda,listener,ok,1771604178641
01KHXX0Z4MAHMJHX38RG43R57Z,01KHXX2SP2VQ9EQE23FVBT5ZBJ,3.0,refgame,1.0,page3-85,A,01KHXX2EFJQB3GBVR9ZYPHGB3Q,Minu,listener,ok,1771604178682
01KHXX0Z4MAHMJHX38RG43R57Z,01KHXX2SP2VQ9EQE23FVBT5ZBJ,3.0,refgame,1.0,page3-85,A,01KHXX2QMTFQSM2NB5XH6Y4HDG,Laju,listener,ok,1771604178719
01KHXX0Z4MAHMJHX38RG43R57Z,01KHXX2SP2VQ9EQE23GCH9ZBE5,4.0,refgame,1.0,page3-85,C,01KHXX1Z47Q1F23W0P1DA9KKTV,Felu,speaker,round message,1771604192865
01KHXX0Z4MAHMJHX38RG43R57Z,01KHXX2SP2VQ9EQE23GCH9ZBE5,4.0,refgame,1.0,page3-85,B,01KHXX226X4921MKBBN0XQE8XQ,Zuda,speaker,round message,1771604192883
01KHXX0Z4MAHMJHX38RG43R57Z,01KHXX2SP2VQ9EQE23GCH9ZBE5,4.0,refgame,1.0,page3-85,A,01KHXX2EFJQB3GBVR9ZYPHGB3Q,Minu,speaker,round message,1771604192899
01KHXX0Z4MAHMJHX38RG43R57Z,01KHXX2SP2VQ9EQE23GCH9ZBE5,4.0,refgame,1.0,page3-85,C,01KHXX2BDYCDA8FH0E5ZGSNNDA,Nori,listener,ok,1771604193429
01KHXX0Z4MAHMJHX38RG43R57Z,01KHXX2SP2VQ9EQE23GCH9ZBE5,4.0,refgame,1.0,page3-85,A,01KHXX2HHGC7KDEF8AS8XYT8G0,Repi,listener,ok,1771604193474
01KHXX0Z4MAHMJHX38RG43R57Z,01KHXX2SP2VQ9EQE23GCH9ZBE5,4.0,refgame,1.0,page3-85,B,01KHXX2MK50K3SAJ6CKRFSRKPS,Bavi,listener,ok,1771604193508
01KHXX0Z4MAHMJHX38RG43R57Z,01KHXX2SP2VQ9EQE23GCH9ZBE5,4.0,refgame,1.0,page3-85,A,01KHXX2QMTFQSM2NB5XH6Y4HDG,Laju,listener,ok,1771604193549
01KHXX0Z4MAHMJHX38RG43R57Z,01KHXX2SP3CAMYXPR7GS4QWG3K,5.0,refgame,1.0,page9-46,C,01KHXX2BDYCDA8FH0E5ZGSNNDA,Nori,speaker,round message,1771604194730
01KHXX0Z4MAHMJHX38RG43R57Z,01KHXX2SP3CAMYXPR7GS4QWG3K,5.0,refgame,1.0,page9-46,B,01KHXX2MK50K3SAJ6CKRFSRKPS,Bavi,speaker,round message,1771604194751
01KHXX0Z4MAHMJHX38RG43R57Z,01KHXX2SP3CAMYXPR7GS4QWG3K,5.0,refgame,1.0,page9-46,A,01KHXX2QMTFQSM2NB5XH6Y4HDG,Laju,speaker,round message,1771604194764
01KHXX0Z4MAHMJHX38RG43R57Z,01KHXX2SP3CAMYXPR7GS4QWG3K,5.0,refgame,1.0,page9-46,C,01KHXX1Z47Q1F23W0P1DA9KKTV,Felu,listener,ok,1771604195282
01KHXX0Z4MAHMJHX38RG43R57Z,01KHXX2SP3CAMYXPR7GS4QWG3K,5.0,refgame,1.0,page9-46,B,01KHXX226X4921MKBBN0XQE8XQ,Zuda,listener,ok,1771604195322
01KHXX0Z4MAHMJHX38RG43R57Z,01KHXX2SP3CAMYXPR7GS4QWG3K,5.0,refgame,1.0,page9-46,A,01KHXX2EFJQB3GBVR9ZYPHGB3Q,Minu,listener,ok,1771604195361
01KHXX0Z4MAHMJHX38RG43R57Z,01KHXX2SP3CAMYXPR7GS4QWG3K,5.0,refgame,1.0,page9-46,A,01KHXX2HHGC7KDEF8AS8XYT8G0,Repi,listener,ok,1771604195393
01KHXX0Z4MAHMJHX38RG43R57Z,01KHXX2SP5RQXBGDJS6WZN1THB,5.0,refgame,1.0,page3-85,C,01KHXX2BDYCDA8FH0E5ZGSNNDA,Nori,speaker,round message,1771604196585
01KHXX0Z4MAHMJHX38RG43R57Z,01KHXX2SP5RQXBGDJS6WZN1THB,5.0,refgame,1.0,page3-85,B,01KHXX2MK50K3SAJ6CKRFSRKPS,Bavi,speaker,round message,1771604196607
01KHXX0Z4MAHMJHX38RG43R57Z,01KHXX2SP5RQXBGDJS6WZN1THB,5.0,refgame,1.0,page3-85,A,01KHXX2QMTFQSM2NB5XH6Y4HDG,Laju,speaker,round message,1771604196622
01KHXX0Z4MAHMJHX38RG43R57Z,01KHXX2SP5RQXBGDJS6WZN1THB,5.0,refgame,1.0,page3-85,C,01KHXX1Z47Q1F23W0P1DA9KKTV,Felu,listener,ok,1771604197140
01KHXX0Z4MAHMJHX38RG43R57Z,01KHXX2SP5RQXBGDJS6WZN1THB,5.0,refgame,1.0,page3-85,B,01KHXX226X4921MKBBN0XQE8XQ,Zuda,listener,ok,1771604197180
01KHXX0Z4MAHMJHX38RG43R57Z,01KHXX2SP5RQXBGDJS6WZN1THB,5.0,refgame,1.0,page3-85,A,01KHXX2EFJQB3GBVR9ZYPHGB3Q,Minu,listener,ok,1771604197221
01KHXX0Z4MAHMJHX38RG43R57Z,01KHXX2SP5RQXBGDJS6WZN1THB,5.0,refgame,1.0,page3-85,A,01KHXX2HHGC7KDEF8AS8XYT8G0,Repi,listener,ok,1771604197259
01KHXX0Z4MAHMJHX38RG43R57Z,01KHXX2SP5RQXBGDJS7TQBYNRF,5.0,refgame,1.0,page1-128,C,01KHXX2BDYCDA8FH0E5ZGSNNDA,Nori,speaker,round message,1771604198449
01KHXX0Z4MAHMJHX38RG43R57Z,01KHXX2SP5RQXBGDJS7TQBYNRF,5.0,refgame,1.0,page1-128,B,01KHXX2MK50K3SAJ6CKRFSRKPS,Bavi,speaker,round message,1771604198470
01KHXX0Z4MAHMJHX38RG43R57Z,01KHXX2SP5RQXBGDJS7TQBYNRF,5.0,refgame,1.0,page1-128,A,01KHXX2QMTFQSM2NB5XH6Y4HDG,Laju,speaker,round message,1771604198486
01KHXX0Z4MAHMJHX38RG43R57Z,01KHXX2SP5RQXBGDJS7TQBYNRF,5.0,refgame,1.0,page1-128,C,01KHXX1Z47Q1F23W0P1DA9KKTV,Felu,listener,ok,1771604199002
01KHXX0Z4MAHMJHX38RG43R57Z,01KHXX2SP5RQXBGDJS7TQBYNRF,5.0,refgame,1.0,page1-128,B,01KHXX226X4921MKBBN0XQE8XQ,Zuda,listener,ok,1771604199039
01KHXX0Z4MAHMJHX38RG43R57Z,01KHXX2SP5RQXBGDJS7TQBYNRF,5.0,refgame,1.0,page1-128,A,01KHXX2EFJQB3GBVR9ZYPHGB3Q,Minu,listener,ok,1771604199082
01KHXX0Z4MAHMJHX38RG43R57Z,01KHXX2SP5RQXBGDJS7TQBYNRF,5.0,refgame,1.0,page1-128,A,01KHXX2HHGC7KDEF8AS8XYT8G0,Repi,listener,ok,1771604199118
01KHXX0Z4MAHMJHX38RG43R57Z,01KHXX2SP5RQXBGDJS8NQKR0QT,5.0,refgame,1.0,page9-27,C,01KHXX2BDYCDA8FH0E5ZGSNNDA,Nori,speaker,round message,1771604202140
01KHXX0Z4MAHMJHX38RG43R57Z,01KHXX2SP5RQXBGDJS8NQKR0QT,5.0,refgame,1.0,page9-27,B,01KHXX2MK50K3SAJ6CKRFSRKPS,Bavi,speaker,round message,1771604202161
01KHXX0Z4MAHMJHX38RG43R57Z,01KHXX2SP5RQXBGDJS8NQKR0QT,5.0,refgame,1.0,page9-27,A,01KHXX2QMTFQSM2NB5XH6Y4HDG,Laju,speaker,round message,1771604202174
01KHXX0Z4MAHMJHX38RG43R57Z,01KHXX2SP5RQXBGDJS8NQKR0QT,5.0,refgame,1.0,page9-27,C,01KHXX1Z47Q1F23W0P1DA9KKTV,Felu,listener,ok,1771604202689
01KHXX0Z4MAHMJHX38RG43R57Z,01KHXX2SP5RQXBGDJS8NQKR0QT,5.0,refgame,1.0,page9-27,B,01KHXX226X4921MKBBN0XQE8XQ,Zuda,listener,ok,1771604202723
01KHXX0Z4MAHMJHX38RG43R57Z,01KHXX2SP5RQXBGDJS8NQKR0QT,5.0,refgame,1.0,page9-27,A,01KHXX2EFJQB3GBVR9ZYPHGB3Q,Minu,listener,ok,1771604202764
01KHXX0Z4MAHMJHX38RG43R57Z,01KHXX2SP5RQXBGDJS8NQKR0QT,5.0,refgame,1.0,page9-27,A,01KHXX2HHGC7KDEF8AS8XYT8G0,Repi,listener,ok,1771604202802
01KHXX0Z4MAHMJHX38RG43R57Z,01KHXX2SP6RHT9JV7BM4QSMF2A,5.0,refgame,1.0,page3-136,C,01KHXX2BDYCDA8FH0E5ZGSNNDA,Nori,speaker,round message,1771604200297
01KHXX0Z4MAHMJHX38RG43R57Z,01KHXX2SP6RHT9JV7BM4QSMF2A,5.0,refgame,1.0,page3-136,B,01KHXX2MK50K3SAJ6CKRFSRKPS,Bavi,speaker,round message,1771604200318
01KHXX0Z4MAHMJHX38RG43R57Z,01KHXX2SP6RHT9JV7BM4QSMF2A,5.0,refgame,1.0,page3-136,A,01KHXX2QMTFQSM2NB5XH6Y4HDG,Laju,speaker,round message,1771604200332
01KHXX0Z4MAHMJHX38RG43R57Z,01KHXX2SP6RHT9JV7BM4QSMF2A,5.0,refgame,1.0,page3-136,C,01KHXX1Z47Q1F23W0P1DA9KKTV,Felu,listener,ok,1771604200850
01KHXX0Z4MAHMJHX38RG43R57Z,01KHXX2SP6RHT9JV7BM4QSMF2A,5.0,refgame,1.0,page3-136,B,01KHXX226X4921MKBBN0XQE8XQ,Zuda,listener,ok,1771604200888
01KHXX0Z4MAHMJHX38RG43R57Z,01KHXX2SP6RHT9JV7BM4QSMF2A,5.0,refgame,1.0,page3-136,A,01KHXX2EFJQB3GBVR9ZYPHGB3Q,Minu,listener,ok,1771604200923
01KHXX0Z4MAHMJHX38RG43R57Z,01KHXX2SP6RHT9JV7BM4QSMF2A,5.0,refgame,1.0,page3-136,A,01KHXX2HHGC7KDEF8AS8XYT8G0,Repi,listener,ok,1771604200954
01KHXX0Z4MAHMJHX38RG43R57Z,01KHXX2SP8JS905MSVQ9SB87VQ,5.0,refgame,1.0,page5-64,C,01KHXX2BDYCDA8FH0E5ZGSNNDA,Nori,speaker,round message,1771604203999
01KHXX0Z4MAHMJHX38RG43R57Z,01KHXX2SP8JS905MSVQ9SB87VQ,5.0,refgame,1.0,page5-64,B,01KHXX2MK50K3SAJ6CKRFSRKPS,Bavi,speaker,round message,1771604204023
01KHXX0Z4MAHMJHX38RG43R57Z,01KHXX2SP8JS905MSVQ9SB87VQ,5.0,refgame,1.0,page5-64,A,01KHXX2QMTFQSM2NB5XH6Y4HDG,Laju,speaker,round message,1771604204037
01KHXX0Z4MAHMJHX38RG43R57Z,01KHXX2SP8JS905MSVQ9SB87VQ,5.0,refgame,1.0,page5-64,C,01KHXX1Z47Q1F23W0P1DA9KKTV,Felu,listener,ok,1771604204553
01KHXX0Z4MAHMJHX38RG43R57Z,01KHXX2SP8JS905MSVQ9SB87VQ,5.0,refgame,1.0,page5-64,B,01KHXX226X4921MKBBN0XQE8XQ,Zuda,listener,ok,1771604204589
01KHXX0Z4MAHMJHX38RG43R57Z,01KHXX2SP8JS905MSVQ9SB87VQ,5.0,refgame,1.0,page5-64,A,01KHXX2EFJQB3GBVR9ZYPHGB3Q,Minu,listener,ok,1771604204624
01KHXX0Z4MAHMJHX38RG43R57Z,01KHXX2SP8JS905MSVQ9SB87VQ,5.0,refgame,1.0,page5-64,A,01KHXX2HHGC7KDEF8AS8XYT8G0,Repi,listener,ok,1771604204657
01KHXX0Z4MAHMJHX38RG43R57Z,01KHXX2SP8JS905MSVRVZV37AE,0.0,refgame,2.0,page3-85,B,01KHXX2EFJQB3GBVR9ZYPHGB3Q,Player,speaker,round message,1771604343047
01KHXX0Z4MAHMJHX38RG43R57Z,01KHXX2SP8JS905MSVRVZV37AE,0.0,refgame,2.0,page3-85,A,01KHXX2HHGC7KDEF8AS8XYT8G0,Player,speaker,round message,1771604343062
01KHXX0Z4MAHMJHX38RG43R57Z,01KHXX2SP8JS905MSVRVZV37AE,0.0,refgame,2.0,page3-85,A,01KHXX226X4921MKBBN0XQE8XQ,Player,listener,ok,1771604343581
01KHXX0Z4MAHMJHX38RG43R57Z,01KHXX2SP8JS905MSVRVZV37AE,0.0,refgame,2.0,page3-85,B,01KHXX2MK50K3SAJ6CKRFSRKPS,Player,listener,ok,1771604344137
01KHXX0Z4MAHMJHX38RG43R57Z,01KHXX2SP8JS905MSVRVZV37AE,0.0,refgame,2.0,page3-85,A,01KHXX2QMTFQSM2NB5XH6Y4HDG,Player,listener,ok,1771604344695
01KHXX0Z4MAHMJHX38RG43R57Z,01KHXX2SP8JS905MSVSH5HFYND,0.0,refgame,2.0,page9-46,B,01KHXX226X4921MKBBN0XQE8XQ,Player,speaker,round message,1771604222894
01KHXX0Z4MAHMJHX38RG43R57Z,01KHXX2SP8JS905MSVSH5HFYND,0.0,refgame,2.0,page9-46,C,01KHXX2EFJQB3GBVR9ZYPHGB3Q,Player,speaker,round message,1771604222909
01KHXX0Z4MAHMJHX38RG43R57Z,01KHXX2SP8JS905MSVSH5HFYND,0.0,refgame,2.0,page9-46,A,01KHXX2HHGC7KDEF8AS8XYT8G0,Player,speaker,round message,1771604222923
01KHXX0Z4MAHMJHX38RG43R57Z,01KHXX2SP8JS905MSVSH5HFYND,0.0,refgame,2.0,page9-46,A,01KHXX2BDYCDA8FH0E5ZGSNNDA,Player,listener,ok,1771604223445
01KHXX0Z4MAHMJHX38RG43R57Z,01KHXX2SP8JS905MSVSH5HFYND,0.0,refgame,2.0,page9-46,B,01KHXX2MK50K3SAJ6CKRFSRKPS,Player,listener,ok,1771604223997
01KHXX0Z4MAHMJHX38RG43R57Z,01KHXX2SP8JS905MSVSH5HFYND,0.0,refgame,2.0,page9-46,C,01KHXX2QMTFQSM2NB5XH6Y4HDG,Player,listener,ok,1771604224554
01KHXX0Z4MAHMJHX38RG43R57Z,01KHXX2SP8JS905MSVTD3XMZ63,0.0,refgame,2.0,page5-64,B,01KHXX2EFJQB3GBVR9ZYPHGB3Q,Player,speaker,round message,1771604333052
01KHXX0Z4MAHMJHX38RG43R57Z,01KHXX2SP8JS905MSVTD3XMZ63,0.0,refgame,2.0,page5-64,A,01KHXX2HHGC7KDEF8AS8XYT8G0,Player,speaker,round message,1771604333065
01KHXX0Z4MAHMJHX38RG43R57Z,01KHXX2SP8JS905MSVTD3XMZ63,0.0,refgame,2.0,page5-64,A,01KHXX226X4921MKBBN0XQE8XQ,Player,listener,ok,1771604333586
01KHXX0Z4MAHMJHX38RG43R57Z,01KHXX2SP8JS905MSVTD3XMZ63,0.0,refgame,2.0,page5-64,B,01KHXX2MK50K3SAJ6CKRFSRKPS,Player,listener,ok,1771604334143
01KHXX0Z4MAHMJHX38RG43R57Z,01KHXX2SP8JS905MSVTD3XMZ63,0.0,refgame,2.0,page5-64,A,01KHXX2QMTFQSM2NB5XH6Y4HDG,Player,listener,ok,1771604334699
01KHXX0Z4MAHMJHX38RG43R57Z,01KHXX2SP8JS905MSVVD9741MT,0.0,refgame,2.0,page3-136,B,01KHXX226X4921MKBBN0XQE8XQ,Player,speaker,round message,1771604277191
01KHXX0Z4MAHMJHX38RG43R57Z,01KHXX2SP8JS905MSVVD9741MT,0.0,refgame,2.0,page3-136,A,01KHXX2HHGC7KDEF8AS8XYT8G0,Player,speaker,round message,1771604277220
01KHXX0Z4MAHMJHX38RG43R57Z,01KHXX2SP8JS905MSVVD9741MT,0.0,refgame,2.0,page3-136,A,01KHXX2BDYCDA8FH0E5ZGSNNDA,Player,listener,ok,1771604277743
01KHXX0Z4MAHMJHX38RG43R57Z,01KHXX2SP8JS905MSVVD9741MT,0.0,refgame,2.0,page3-136,B,01KHXX2MK50K3SAJ6CKRFSRKPS,Player,listener,ok,1771604278297
01KHXX0Z4MAHMJHX38RG43R57Z,01KHXX2SP9SWTTEZ4DKWGV7ET5,0.0,refgame,2.0,page9-27,B,01KHXX2EFJQB3GBVR9ZYPHGB3Q,Player,speaker,round message,1771604336380
01KHXX0Z4MAHMJHX38RG43R57Z,01KHXX2SP9SWTTEZ4DKWGV7ET5,0.0,refgame,2.0,page9-27,A,01KHXX2HHGC7KDEF8AS8XYT8G0,Player,speaker,round message,1771604336397
01KHXX0Z4MAHMJHX38RG43R57Z,01KHXX2SP9SWTTEZ4DKWGV7ET5,0.0,refgame,2.0,page9-27,A,01KHXX226X4921MKBBN0XQE8XQ,Player,listener,ok,1771604336922
01KHXX0Z4MAHMJHX38RG43R57Z,01KHXX2SP9SWTTEZ4DKWGV7ET5,0.0,refgame,2.0,page9-27,B,01KHXX2MK50K3SAJ6CKRFSRKPS,Player,listener,ok,1771604337480
01KHXX0Z4MAHMJHX38RG43R57Z,01KHXX2SP9SWTTEZ4DKWGV7ET5,0.0,refgame,2.0,page9-27,A,01KHXX2QMTFQSM2NB5XH6Y4HDG,Player,listener,ok,1771604338039
01KHXX0Z4MAHMJHX38RG43R57Z,01KHXX2SP9SWTTEZ4DMQXXV1XP,0.0,refgame,2.0,page1-128,B,01KHXX2EFJQB3GBVR9ZYPHGB3Q,Player,speaker,round message,1771604339710
01KHXX0Z4MAHMJHX38RG43R57Z,01KHXX2SP9SWTTEZ4DMQXXV1XP,0.0,refgame,2.0,page1-128,A,01KHXX2HHGC7KDEF8AS8XYT8G0,Player,speaker,round message,1771604339725
01KHXX0Z4MAHMJHX38RG43R57Z,01KHXX2SP9SWTTEZ4DMQXXV1XP,0.0,refgame,2.0,page1-128,A,01KHXX226X4921MKBBN0XQE8XQ,Player,listener,ok,1771604340245
01KHXX0Z4MAHMJHX38RG43R57Z,01KHXX2SP9SWTTEZ4DMQXXV1XP,0.0,refgame,2.0,page1-128,B,01KHXX2MK50K3SAJ6CKRFSRKPS,Player,listener,ok,1771604340805
01KHXX0Z4MAHMJHX38RG43R57Z,01KHXX2SP9SWTTEZ4DMQXXV1XP,0.0,refgame,2.0,page1-128,A,01KHXX2QMTFQSM2NB5XH6Y4HDG,Player,listener,ok,1771604341356
01KHXX0Z4MAHMJHX38RG43R57Z,01KHXX2SP9SWTTEZ4DNN1V0869,1.0,refgame,2.0,page9-27,B,01KHXX226X4921MKBBN0XQE8XQ,Player,speaker,round message,1771604346380
01KHXX0Z4MAHMJHX38RG43R57Z,01KHXX2SP9SWTTEZ4DNN1V0869,1.0,refgame,2.0,page9-27,A,01KHXX2EFJQB3GBVR9ZYPHGB3Q,Player,speaker,round message,1771604346396
01KHXX0Z4MAHMJHX38RG43R57Z,01KHXX2SP9SWTTEZ4DNN1V0869,1.0,refgame,2.0,page9-27,A,01KHXX2HHGC7KDEF8AS8XYT8G0,Player,listener,ok,1771604346920
01KHXX0Z4MAHMJHX38RG43R57Z,01KHXX2SP9SWTTEZ4DNN1V0869,1.0,refgame,2.0,page9-27,A,01KHXX2MK50K3SAJ6CKRFSRKPS,Player,listener,ok,1771604347476
01KHXX0Z4MAHMJHX38RG43R57Z,01KHXX2SP9SWTTEZ4DNN1V0869,1.0,refgame,2.0,page9-27,B,01KHXX2QMTFQSM2NB5XH6Y4HDG,Player,listener,ok,1771604348041
01KHXX0Z4MAHMJHX38RG43R57Z,01KHXX2SP9SWTTEZ4DPRDN8KVG,1.0,refgame,2.0,page3-136,B,01KHXX226X4921MKBBN0XQE8XQ,Player,speaker,round message,1771604353057
01KHXX0Z4MAHMJHX38RG43R57Z,01KHXX2SP9SWTTEZ4DPRDN8KVG,1.0,refgame,2.0,page3-136,A,01KHXX2EFJQB3GBVR9ZYPHGB3Q,Player,speaker,round message,1771604353073
01KHXX0Z4MAHMJHX38RG43R57Z,01KHXX2SP9SWTTEZ4DPRDN8KVG,1.0,refgame,2.0,page3-136,A,01KHXX2HHGC7KDEF8AS8XYT8G0,Player,listener,ok,1771604353599
01KHXX0Z4MAHMJHX38RG43R57Z,01KHXX2SP9SWTTEZ4DPRDN8KVG,1.0,refgame,2.0,page3-136,A,01KHXX2MK50K3SAJ6CKRFSRKPS,Player,listener,ok,1771604354153
01KHXX0Z4MAHMJHX38RG43R57Z,01KHXX2SP9SWTTEZ4DPRDN8KVG,1.0,refgame,2.0,page3-136,B,01KHXX2QMTFQSM2NB5XH6Y4HDG,Player,listener,ok,1771604354714
01KHXX0Z4MAHMJHX38RG43R57Z,01KHXX2SP9SWTTEZ4DQHTG8DB0,1.0,refgame,2.0,page3-85,B,01KHXX226X4921MKBBN0XQE8XQ,Player,speaker,round message,1771604349720
01KHXX0Z4MAHMJHX38RG43R57Z,01KHXX2SP9SWTTEZ4DQHTG8DB0,1.0,refgame,2.0,page3-85,A,01KHXX2EFJQB3GBVR9ZYPHGB3Q,Player,speaker,round message,1771604349739
01KHXX0Z4MAHMJHX38RG43R57Z,01KHXX2SP9SWTTEZ4DQHTG8DB0,1.0,refgame,2.0,page3-85,A,01KHXX2HHGC7KDEF8AS8XYT8G0,Player,listener,ok,1771604350266
01KHXX0Z4MAHMJHX38RG43R57Z,01KHXX2SP9SWTTEZ4DQHTG8DB0,1.0,refgame,2.0,page3-85,A,01KHXX2MK50K3SAJ6CKRFSRKPS,Player,listener,ok,1771604350818
01KHXX0Z4MAHMJHX38RG43R57Z,01KHXX2SP9SWTTEZ4DQHTG8DB0,1.0,refgame,2.0,page3-85,B,01KHXX2QMTFQSM2NB5XH6Y4HDG,Player,listener,ok,1771604351377
01KHXX0Z4MAHMJHX38RG43R57Z,01KHXX2SP9SWTTEZ4DRHYYGS8V,1.0,refgame,2.0,page5-64,B,01KHXX226X4921MKBBN0XQE8XQ,Player,speaker,round message,1771604356407
01KHXX0Z4MAHMJHX38RG43R57Z,01KHXX2SP9SWTTEZ4DRHYYGS8V,1.0,refgame,2.0,page5-64,A,01KHXX2EFJQB3GBVR9ZYPHGB3Q,Player,speaker,round message,1771604356424
01KHXX0Z4MAHMJHX38RG43R57Z,01KHXX2SP9SWTTEZ4DRHYYGS8V,1.0,refgame,2.0,page5-64,A,01KHXX2HHGC7KDEF8AS8XYT8G0,Player,listener,ok,1771604356951
01KHXX0Z4MAHMJHX38RG43R57Z,01KHXX2SP9SWTTEZ4DRHYYGS8V,1.0,refgame,2.0,page5-64,A,01KHXX2MK50K3SAJ6CKRFSRKPS,Player,listener,ok,1771604357501
01KHXX0Z4MAHMJHX38RG43R57Z,01KHXX2SP9SWTTEZ4DRHYYGS8V,1.0,refgame,2.0,page5-64,B,01KHXX2QMTFQSM2NB5XH6Y4HDG,Player,listener,ok,1771604358069
01KHXX0Z4MAHMJHX38RG43R57Z,01KHXX2SP9SWTTEZ4DS9ECXG9T,1.0,refgame,2.0,page9-46,B,01KHXX226X4921MKBBN0XQE8XQ,Player,speaker,round message,1771604359753
01KHXX0Z4MAHMJHX38RG43R57Z,01KHXX2SP9SWTTEZ4DS9ECXG9T,1.0,refgame,2.0,page9-46,A,01KHXX2EFJQB3GBVR9ZYPHGB3Q,Player,speaker,round message,1771604359771
01KHXX0Z4MAHMJHX38RG43R57Z,01KHXX2SP9SWTTEZ4DS9ECXG9T,1.0,refgame,2.0,page9-46,A,01KHXX2HHGC7KDEF8AS8XYT8G0,Player,listener,ok,1771604360298
01KHXX0Z4MAHMJHX38RG43R57Z,01KHXX2SP9SWTTEZ4DS9ECXG9T,1.0,refgame,2.0,page9-46,A,01KHXX2MK50K3SAJ6CKRFSRKPS,Player,listener,ok,1771604360851
01KHXX0Z4MAHMJHX38RG43R57Z,01KHXX2SP9SWTTEZ4DS9ECXG9T,1.0,refgame,2.0,page9-46,B,01KHXX2QMTFQSM2NB5XH6Y4HDG,Player,listener,ok,1771604361408
01KHXX0Z4MAHMJHX38RG43R57Z,01KHXX2SPADM2SYPM58YDBX862,1.0,refgame,2.0,page1-128,B,01KHXX226X4921MKBBN0XQE8XQ,Player,speaker,round message,1771604363094
01KHXX0Z4MAHMJHX38RG43R57Z,01KHXX2SPADM2SYPM58YDBX862,1.0,refgame,2.0,page1-128,A,01KHXX2EFJQB3GBVR9ZYPHGB3Q,Player,speaker,round message,1771604363110
01KHXX0Z4MAHMJHX38RG43R57Z,01KHXX2SPADM2SYPM58YDBX862,1.0,refgame,2.0,page1-128,A,01KHXX2HHGC7KDEF8AS8XYT8G0,Player,listener,ok,1771604363634
01KHXX0Z4MAHMJHX38RG43R57Z,01KHXX2SPADM2SYPM58YDBX862,1.0,refgame,2.0,page1-128,A,01KHXX2MK50K3SAJ6CKRFSRKPS,Player,listener,ok,1771604364185
01KHXX0Z4MAHMJHX38RG43R57Z,01KHXX2SPADM2SYPM58YDBX862,1.0,refgame,2.0,page1-128,B,01KHXX2QMTFQSM2NB5XH6Y4HDG,Player,listener,ok,1771604364737
01KHXX0Z4MAHMJHX38RG43R57Z,01KHXX2SPADM2SYPM59NJK1C32,3.0,refgame,2.0,page1-128,A,01KHXX2HHGC7KDEF8AS8XYT8G0,Player,speaker,round message,1771604396534
01KHXX0Z4MAHMJHX38RG43R57Z,01KHXX2SPADM2SYPM59NJK1C32,3.0,refgame,2.0,page1-128,B,01KHXX2QMTFQSM2NB5XH6Y4HDG,Player,speaker,round message,1771604396555
01KHXX0Z4MAHMJHX38RG43R57Z,01KHXX2SPADM2SYPM59NJK1C32,3.0,refgame,2.0,page1-128,B,01KHXX226X4921MKBBN0XQE8XQ,Player,listener,ok,1771604397074
01KHXX0Z4MAHMJHX38RG43R57Z,01KHXX2SPADM2SYPM59NJK1C32,3.0,refgame,2.0,page1-128,A,01KHXX2EFJQB3GBVR9ZYPHGB3Q,Player,listener,ok,1771604397627
01KHXX0Z4MAHMJHX38RG43R57Z,01KHXX2SPADM2SYPM59NJK1C32,3.0,refgame,2.0,page1-128,A,01KHXX2MK50K3SAJ6CKRFSRKPS,Player,listener,ok,1771604398190
01KHXX0Z4MAHMJHX38RG43R57Z,01KHXX2SPADM2SYPM5AF5KB49Y,4.0,refgame,2.0,page9-46,A,01KHXX226X4921MKBBN0XQE8XQ,Player,speaker,round message,1771604406561
01KHXX0Z4MAHMJHX38RG43R57Z,01KHXX2SPADM2SYPM5AF5KB49Y,4.0,refgame,2.0,page9-46,B,01KHXX2EFJQB3GBVR9ZYPHGB3Q,Player,speaker,round message,1771604406580
01KHXX0Z4MAHMJHX38RG43R57Z,01KHXX2SPADM2SYPM5AF5KB49Y,4.0,refgame,2.0,page9-46,A,01KHXX2HHGC7KDEF8AS8XYT8G0,Player,listener,ok,1771604407113
01KHXX0Z4MAHMJHX38RG43R57Z,01KHXX2SPADM2SYPM5AF5KB49Y,4.0,refgame,2.0,page9-46,A,01KHXX2MK50K3SAJ6CKRFSRKPS,Player,listener,ok,1771604407669
01KHXX0Z4MAHMJHX38RG43R57Z,01KHXX2SPADM2SYPM5AF5KB49Y,4.0,refgame,2.0,page9-46,B,01KHXX2QMTFQSM2NB5XH6Y4HDG,Player,listener,ok,1771604408224
01KHXX0Z4MAHMJHX38RG43R57Z,01KHXX2SPADM2SYPM5BBY0JPFE,2.0,refgame,2.0,page3-136,A,01KHXX2MK50K3SAJ6CKRFSRKPS,Player,speaker,round message,1771604366411
01KHXX0Z4MAHMJHX38RG43R57Z,01KHXX2SPADM2SYPM5BBY0JPFE,2.0,refgame,2.0,page3-136,B,01KHXX2QMTFQSM2NB5XH6Y4HDG,Player,speaker,round message,1771604366423
01KHXX0Z4MAHMJHX38RG43R57Z,01KHXX2SPADM2SYPM5BBY0JPFE,2.0,refgame,2.0,page3-136,B,01KHXX226X4921MKBBN0XQE8XQ,Player,listener,ok,1771604366943
01KHXX0Z4MAHMJHX38RG43R57Z,01KHXX2SPADM2SYPM5BBY0JPFE,2.0,refgame,2.0,page3-136,A,01KHXX2EFJQB3GBVR9ZYPHGB3Q,Player,listener,ok,1771604367497
01KHXX0Z4MAHMJHX38RG43R57Z,01KHXX2SPADM2SYPM5BBY0JPFE,2.0,refgame,2.0,page3-136,A,01KHXX2HHGC7KDEF8AS8XYT8G0,Player,listener,ok,1771604368054
01KHXX0Z4MAHMJHX38RG43R57Z,01KHXX2SPADM2SYPM5C499ACT1,2.0,refgame,2.0,page3-85,A,01KHXX2MK50K3SAJ6CKRFSRKPS,Player,speaker,round message,1771604369768
01KHXX0Z4MAHMJHX38RG43R57Z,01KHXX2SPADM2SYPM5C499ACT1,2.0,refgame,2.0,page3-85,B,01KHXX2QMTFQSM2NB5XH6Y4HDG,Player,speaker,round message,1771604369782
01KHXX0Z4MAHMJHX38RG43R57Z,01KHXX2SPADM2SYPM5C499ACT1,2.0,refgame,2.0,page3-85,B,01KHXX226X4921MKBBN0XQE8XQ,Player,listener,ok,1771604370302
01KHXX0Z4MAHMJHX38RG43R57Z,01KHXX2SPADM2SYPM5C499ACT1,2.0,refgame,2.0,page3-85,A,01KHXX2EFJQB3GBVR9ZYPHGB3Q,Player,listener,ok,1771604370855
01KHXX0Z4MAHMJHX38RG43R57Z,01KHXX2SPADM2SYPM5C499ACT1,2.0,refgame,2.0,page3-85,A,01KHXX2HHGC7KDEF8AS8XYT8G0,Player,listener,ok,1771604371408
01KHXX0Z4MAHMJHX38RG43R57Z,01KHXX2SPADM2SYPM5D3TJV5KJ,2.0,refgame,2.0,page5-64,A,01KHXX2MK50K3SAJ6CKRFSRKPS,Player,speaker,round message,1771604376456
01KHXX0Z4MAHMJHX38RG43R57Z,01KHXX2SPADM2SYPM5D3TJV5KJ,2.0,refgame,2.0,page5-64,B,01KHXX2QMTFQSM2NB5XH6Y4HDG,Player,speaker,round message,1771604376471
01KHXX0Z4MAHMJHX38RG43R57Z,01KHXX2SPADM2SYPM5D3TJV5KJ,2.0,refgame,2.0,page5-64,B,01KHXX226X4921MKBBN0XQE8XQ,Player,listener,ok,1771604376991
01KHXX0Z4MAHMJHX38RG43R57Z,01KHXX2SPADM2SYPM5D3TJV5KJ,2.0,refgame,2.0,page5-64,A,01KHXX2EFJQB3GBVR9ZYPHGB3Q,Player,listener,ok,1771604377548
01KHXX0Z4MAHMJHX38RG43R57Z,01KHXX2SPADM2SYPM5D3TJV5KJ,2.0,refgame,2.0,page5-64,A,01KHXX2HHGC7KDEF8AS8XYT8G0,Player,listener,ok,1771604378113
01KHXX0Z4MAHMJHX38RG43R57Z,01KHXX2SPADM2SYPM5DXYACNSC,4.0,refgame,2.0,page9-27,A,01KHXX226X4921MKBBN0XQE8XQ,Player,speaker,round message,1771604409931
01KHXX0Z4MAHMJHX38RG43R57Z,01KHXX2SPADM2SYPM5DXYACNSC,4.0,refgame,2.0,page9-27,B,01KHXX2EFJQB3GBVR9ZYPHGB3Q,Player,speaker,round message,1771604409948
01KHXX0Z4MAHMJHX38RG43R57Z,01KHXX2SPADM2SYPM5DXYACNSC,4.0,refgame,2.0,page9-27,A,01KHXX2HHGC7KDEF8AS8XYT8G0,Player,listener,ok,1771604410475
01KHXX0Z4MAHMJHX38RG43R57Z,01KHXX2SPADM2SYPM5DXYACNSC,4.0,refgame,2.0,page9-27,A,01KHXX2MK50K3SAJ6CKRFSRKPS,Player,listener,ok,1771604411027
01KHXX0Z4MAHMJHX38RG43R57Z,01KHXX2SPADM2SYPM5DXYACNSC,4.0,refgame,2.0,page9-27,B,01KHXX2QMTFQSM2NB5XH6Y4HDG,Player,listener,ok,1771604411589
01KHXX0Z4MAHMJHX38RG43R57Z,01KHXX2SPADM2SYPM5EV7P0PXG,2.0,refgame,2.0,page9-46,A,01KHXX2MK50K3SAJ6CKRFSRKPS,Player,speaker,round message,1771604379814
01KHXX0Z4MAHMJHX38RG43R57Z,01KHXX2SPADM2SYPM5EV7P0PXG,2.0,refgame,2.0,page9-46,B,01KHXX2QMTFQSM2NB5XH6Y4HDG,Player,speaker,round message,1771604379834
01KHXX0Z4MAHMJHX38RG43R57Z,01KHXX2SPADM2SYPM5EV7P0PXG,2.0,refgame,2.0,page9-46,B,01KHXX226X4921MKBBN0XQE8XQ,Player,listener,ok,1771604380352
01KHXX0Z4MAHMJHX38RG43R57Z,01KHXX2SPADM2SYPM5EV7P0PXG,2.0,refgame,2.0,page9-46,A,01KHXX2EFJQB3GBVR9ZYPHGB3Q,Player,listener,ok,1771604380915
01KHXX0Z4MAHMJHX38RG43R57Z,01KHXX2SPADM2SYPM5EV7P0PXG,2.0,refgame,2.0,page9-46,A,01KHXX2HHGC7KDEF8AS8XYT8G0,Player,listener,ok,1771604381473
01KHXX0Z4MAHMJHX38RG43R57Z,01KHXX2SPBAJRQ4B725KKMAFQA,2.0,refgame,2.0,page9-27,A,01KHXX2MK50K3SAJ6CKRFSRKPS,Player,speaker,round message,1771604383157
01KHXX0Z4MAHMJHX38RG43R57Z,01KHXX2SPBAJRQ4B725KKMAFQA,2.0,refgame,2.0,page9-27,B,01KHXX2QMTFQSM2NB5XH6Y4HDG,Player,speaker,round message,1771604383171
01KHXX0Z4MAHMJHX38RG43R57Z,01KHXX2SPBAJRQ4B725KKMAFQA,2.0,refgame,2.0,page9-27,B,01KHXX226X4921MKBBN0XQE8XQ,Player,listener,ok,1771604383691
01KHXX0Z4MAHMJHX38RG43R57Z,01KHXX2SPBAJRQ4B725KKMAFQA,2.0,refgame,2.0,page9-27,A,01KHXX2EFJQB3GBVR9ZYPHGB3Q,Player,listener,ok,1771604384248
01KHXX0Z4MAHMJHX38RG43R57Z,01KHXX2SPBAJRQ4B725KKMAFQA,2.0,refgame,2.0,page9-27,A,01KHXX2HHGC7KDEF8AS8XYT8G0,Player,listener,ok,1771604384809
01KHXX0Z4MAHMJHX38RG43R57Z,01KHXX2SPBAJRQ4B726KEN69J0,3.0,refgame,2.0,page3-136,A,01KHXX2HHGC7KDEF8AS8XYT8G0,Player,speaker,round message,1771604386501
01KHXX0Z4MAHMJHX38RG43R57Z,01KHXX2SPBAJRQ4B726KEN69J0,3.0,refgame,2.0,page3-136,B,01KHXX2QMTFQSM2NB5XH6Y4HDG,Player,speaker,round message,1771604386517
01KHXX0Z4MAHMJHX38RG43R57Z,01KHXX2SPBAJRQ4B726KEN69J0,3.0,refgame,2.0,page3-136,B,01KHXX226X4921MKBBN0XQE8XQ,Player,listener,ok,1771604387036
01KHXX0Z4MAHMJHX38RG43R57Z,01KHXX2SPBAJRQ4B726KEN69J0,3.0,refgame,2.0,page3-136,A,01KHXX2EFJQB3GBVR9ZYPHGB3Q,Player,listener,ok,1771604387597
01KHXX0Z4MAHMJHX38RG43R57Z,01KHXX2SPBAJRQ4B726KEN69J0,3.0,refgame,2.0,page3-136,A,01KHXX2MK50K3SAJ6CKRFSRKPS,Player,listener,ok,1771604388163
01KHXX0Z4MAHMJHX38RG43R57Z,01KHXX2SPBAJRQ4B727G2EYSVY,2.0,refgame,2.0,page1-128,A,01KHXX2MK50K3SAJ6CKRFSRKPS,Player,speaker,round message,1771604373111
01KHXX0Z4MAHMJHX38RG43R57Z,01KHXX2SPBAJRQ4B727G2EYSVY,2.0,refgame,2.0,page1-128,B,01KHXX2QMTFQSM2NB5XH6Y4HDG,Player,speaker,round message,1771604373129
01KHXX0Z4MAHMJHX38RG43R57Z,01KHXX2SPBAJRQ4B727G2EYSVY,2.0,refgame,2.0,page1-128,B,01KHXX226X4921MKBBN0XQE8XQ,Player,listener,ok,1771604373649
01KHXX0Z4MAHMJHX38RG43R57Z,01KHXX2SPBAJRQ4B727G2EYSVY,2.0,refgame,2.0,page1-128,A,01KHXX2EFJQB3GBVR9ZYPHGB3Q,Player,listener,ok,1771604374205
01KHXX0Z4MAHMJHX38RG43R57Z,01KHXX2SPBAJRQ4B727G2EYSVY,2.0,refgame,2.0,page1-128,A,01KHXX2HHGC7KDEF8AS8XYT8G0,Player,listener,ok,1771604374760
01KHXX0Z4MAHMJHX38RG43R57Z,01KHXX2SPBAJRQ4B728CX8XVT2,3.0,refgame,2.0,page9-27,A,01KHXX2HHGC7KDEF8AS8XYT8G0,Player,speaker,round message,1771604389848
01KHXX0Z4MAHMJHX38RG43R57Z,01KHXX2SPBAJRQ4B728CX8XVT2,3.0,refgame,2.0,page9-27,B,01KHXX2QMTFQSM2NB5XH6Y4HDG,Player,speaker,round message,1771604389871
01KHXX0Z4MAHMJHX38RG43R57Z,01KHXX2SPBAJRQ4B728CX8XVT2,3.0,refgame,2.0,page9-27,B,01KHXX226X4921MKBBN0XQE8XQ,Player,listener,ok,1771604390389
01KHXX0Z4MAHMJHX38RG43R57Z,01KHXX2SPBAJRQ4B728CX8XVT2,3.0,refgame,2.0,page9-27,A,01KHXX2EFJQB3GBVR9ZYPHGB3Q,Player,listener,ok,1771604390950
01KHXX0Z4MAHMJHX38RG43R57Z,01KHXX2SPBAJRQ4B728CX8XVT2,3.0,refgame,2.0,page9-27,A,01KHXX2MK50K3SAJ6CKRFSRKPS,Player,listener,ok,1771604391504
01KHXX0Z4MAHMJHX38RG43R57Z,01KHXX2SPBAJRQ4B729CFBH9SX,3.0,refgame,2.0,page3-85,A,01KHXX2HHGC7KDEF8AS8XYT8G0,Player,speaker,round message,1771604393197
01KHXX0Z4MAHMJHX38RG43R57Z,01KHXX2SPBAJRQ4B729CFBH9SX,3.0,refgame,2.0,page3-85,B,01KHXX2QMTFQSM2NB5XH6Y4HDG,Player,speaker,round message,1771604393213
01KHXX0Z4MAHMJHX38RG43R57Z,01KHXX2SPBAJRQ4B729CFBH9SX,3.0,refgame,2.0,page3-85,B,01KHXX226X4921MKBBN0XQE8XQ,Player,listener,ok,1771604393732
01KHXX0Z4MAHMJHX38RG43R57Z,01KHXX2SPBAJRQ4B729CFBH9SX,3.0,refgame,2.0,page3-85,A,01KHXX2EFJQB3GBVR9ZYPHGB3Q,Player,listener,ok,1771604394287
01KHXX0Z4MAHMJHX38RG43R57Z,01KHXX2SPBAJRQ4B729CFBH9SX,3.0,refgame,2.0,page3-85,A,01KHXX2MK50K3SAJ6CKRFSRKPS,Player,listener,ok,1771604394847
01KHXX0Z4MAHMJHX38RG43R57Z,01KHXX2SPBAJRQ4B72A4NSC708,3.0,refgame,2.0,page5-64,A,01KHXX2HHGC7KDEF8AS8XYT8G0,Player,speaker,round message,1771604403233
01KHXX0Z4MAHMJHX38RG43R57Z,01KHXX2SPBAJRQ4B72A4NSC708,3.0,refgame,2.0,page5-64,B,01KHXX2QMTFQSM2NB5XH6Y4HDG,Player,speaker,round message,1771604403253
01KHXX0Z4MAHMJHX38RG43R57Z,01KHXX2SPBAJRQ4B72A4NSC708,3.0,refgame,2.0,page5-64,B,01KHXX226X4921MKBBN0XQE8XQ,Player,listener,ok,1771604403771
01KHXX0Z4MAHMJHX38RG43R57Z,01KHXX2SPBAJRQ4B72A4NSC708,3.0,refgame,2.0,page5-64,A,01KHXX2EFJQB3GBVR9ZYPHGB3Q,Player,listener,ok,1771604404322
01KHXX0Z4MAHMJHX38RG43R57Z,01KHXX2SPBAJRQ4B72A4NSC708,3.0,refgame,2.0,page5-64,A,01KHXX2MK50K3SAJ6CKRFSRKPS,Player,listener,ok,1771604404881
01KHXX0Z4MAHMJHX38RG43R57Z,01KHXX2SPBAJRQ4B72B0A9KBW1,3.0,refgame,2.0,page9-46,A,01KHXX2HHGC7KDEF8AS8XYT8G0,Player,speaker,round message,1771604399893
01KHXX0Z4MAHMJHX38RG43R57Z,01KHXX2SPBAJRQ4B72B0A9KBW1,3.0,refgame,2.0,page9-46,B,01KHXX2QMTFQSM2NB5XH6Y4HDG,Player,speaker,round message,1771604399912
01KHXX0Z4MAHMJHX38RG43R57Z,01KHXX2SPBAJRQ4B72B0A9KBW1,3.0,refgame,2.0,page9-46,B,01KHXX226X4921MKBBN0XQE8XQ,Player,listener,ok,1771604400430
01KHXX0Z4MAHMJHX38RG43R57Z,01KHXX2SPBAJRQ4B72B0A9KBW1,3.0,refgame,2.0,page9-46,A,01KHXX2EFJQB3GBVR9ZYPHGB3Q,Player,listener,ok,1771604400990
01KHXX0Z4MAHMJHX38RG43R57Z,01KHXX2SPBAJRQ4B72B0A9KBW1,3.0,refgame,2.0,page9-46,A,01KHXX2MK50K3SAJ6CKRFSRKPS,Player,listener,ok,1771604401546
01KHXX0Z4MAHMJHX38RG43R57Z,01KHXX2SPBAJRQ4B72BXNX93ZZ,4.0,refgame,2.0,page3-136,A,01KHXX226X4921MKBBN0XQE8XQ,Player,speaker,round message,1771604413260
01KHXX0Z4MAHMJHX38RG43R57Z,01KHXX2SPBAJRQ4B72BXNX93ZZ,4.0,refgame,2.0,page3-136,B,01KHXX2EFJQB3GBVR9ZYPHGB3Q,Player,speaker,round message,1771604413283
01KHXX0Z4MAHMJHX38RG43R57Z,01KHXX2SPBAJRQ4B72BXNX93ZZ,4.0,refgame,2.0,page3-136,A,01KHXX2HHGC7KDEF8AS8XYT8G0,Player,listener,ok,1771604413812
01KHXX0Z4MAHMJHX38RG43R57Z,01KHXX2SPBAJRQ4B72BXNX93ZZ,4.0,refgame,2.0,page3-136,A,01KHXX2MK50K3SAJ6CKRFSRKPS,Player,listener,ok,1771604414369
01KHXX0Z4MAHMJHX38RG43R57Z,01KHXX2SPBAJRQ4B72BXNX93ZZ,4.0,refgame,2.0,page3-136,B,01KHXX2QMTFQSM2NB5XH6Y4HDG,Player,listener,ok,1771604414930
01KHXX0Z4MAHMJHX38RG43R57Z,01KHXX2SPDKXMNH242TE6HR08M,4.0,refgame,2.0,page1-128,A,01KHXX226X4921MKBBN0XQE8XQ,Player,speaker,round message,1771604416617
01KHXX0Z4MAHMJHX38RG43R57Z,01KHXX2SPDKXMNH242TE6HR08M,4.0,refgame,2.0,page1-128,B,01KHXX2EFJQB3GBVR9ZYPHGB3Q,Player,speaker,round message,1771604416637
01KHXX0Z4MAHMJHX38RG43R57Z,01KHXX2SPDKXMNH242TE6HR08M,4.0,refgame,2.0,page1-128,A,01KHXX2HHGC7KDEF8AS8XYT8G0,Player,listener,ok,1771604417166
01KHXX0Z4MAHMJHX38RG43R57Z,01KHXX2SPDKXMNH242TE6HR08M,4.0,refgame,2.0,page1-128,A,01KHXX2MK50K3SAJ6CKRFSRKPS,Player,listener,ok,1771604417718
01KHXX0Z4MAHMJHX38RG43R57Z,01KHXX2SPDKXMNH242TE6HR08M,4.0,refgame,2.0,page1-128,B,01KHXX2QMTFQSM2NB5XH6Y4HDG,Player,listener,ok,1771604418282
01KHXX0Z4MAHMJHX38RG43R57Z,01KHXX2SPDKXMNH242VDR20P4D,5.0,refgame,2.0,page3-85,A,01KHXX2MK50K3SAJ6CKRFSRKPS,Player,speaker,round message,1771604426669
01KHXX0Z4MAHMJHX38RG43R57Z,01KHXX2SPDKXMNH242VDR20P4D,5.0,refgame,2.0,page3-85,B,01KHXX2QMTFQSM2NB5XH6Y4HDG,Player,speaker,round message,1771604426682
01KHXX0Z4MAHMJHX38RG43R57Z,01KHXX2SPDKXMNH242VDR20P4D,5.0,refgame,2.0,page3-85,B,01KHXX226X4921MKBBN0XQE8XQ,Player,listener,ok,1771604427201
01KHXX0Z4MAHMJHX38RG43R57Z,01KHXX2SPDKXMNH242VDR20P4D,5.0,refgame,2.0,page3-85,A,01KHXX2EFJQB3GBVR9ZYPHGB3Q,Player,listener,ok,1771604427753
01KHXX0Z4MAHMJHX38RG43R57Z,01KHXX2SPDKXMNH242VDR20P4D,5.0,refgame,2.0,page3-85,A,01KHXX2HHGC7KDEF8AS8XYT8G0,Player,listener,ok,1771604428322
01KHXX0Z4MAHMJHX38RG43R57Z,01KHXX2SPDKXMNH242VYA4CR61,5.0,refgame,2.0,page9-46,A,01KHXX2MK50K3SAJ6CKRFSRKPS,Player,speaker,round message,1771604443461
01KHXX0Z4MAHMJHX38RG43R57Z,01KHXX2SPDKXMNH242VYA4CR61,5.0,refgame,2.0,page9-46,B,01KHXX2QMTFQSM2NB5XH6Y4HDG,Player,speaker,round message,1771604443479
01KHXX0Z4MAHMJHX38RG43R57Z,01KHXX2SPDKXMNH242VYA4CR61,5.0,refgame,2.0,page9-46,B,01KHXX226X4921MKBBN0XQE8XQ,Player,listener,ok,1771604443999
01KHXX0Z4MAHMJHX38RG43R57Z,01KHXX2SPDKXMNH242VYA4CR61,5.0,refgame,2.0,page9-46,A,01KHXX2EFJQB3GBVR9ZYPHGB3Q,Player,listener,ok,1771604444562
01KHXX0Z4MAHMJHX38RG43R57Z,01KHXX2SPDKXMNH242VYA4CR61,5.0,refgame,2.0,page9-46,A,01KHXX2HHGC7KDEF8AS8XYT8G0,Player,listener,ok,1771604445114
01KHXX0Z4MAHMJHX38RG43R57Z,01KHXX2SPE8GA4YWPQ2PXJCBRT,4.0,refgame,2.0,page3-85,A,01KHXX226X4921MKBBN0XQE8XQ,Player,speaker,round message,1771604423321
01KHXX0Z4MAHMJHX38RG43R57Z,01KHXX2SPE8GA4YWPQ2PXJCBRT,4.0,refgame,2.0,page3-85,B,01KHXX2EFJQB3GBVR9ZYPHGB3Q,Player,speaker,round message,1771604423340
01KHXX0Z4MAHMJHX38RG43R57Z,01KHXX2SPE8GA4YWPQ2PXJCBRT,4.0,refgame,2.0,page3-85,A,01KHXX2HHGC7KDEF8AS8XYT8G0,Player,listener,ok,1771604423870
01KHXX0Z4MAHMJHX38RG43R57Z,01KHXX2SPE8GA4YWPQ2PXJCBRT,4.0,refgame,2.0,page3-85,A,01KHXX2MK50K3SAJ6CKRFSRKPS,Player,listener,ok,1771604424431
01KHXX0Z4MAHMJHX38RG43R57Z,01KHXX2SPE8GA4YWPQ2PXJCBRT,4.0,refgame,2.0,page3-85,B,01KHXX2QMTFQSM2NB5XH6Y4HDG,Player,listener,ok,1771604424995
01KHXX0Z4MAHMJHX38RG43R57Z,01KHXX2SPE8GA4YWPQ3K1BMXMQ,4.0,refgame,2.0,page5-64,A,01KHXX226X4921MKBBN0XQE8XQ,Player,speaker,round message,1771604419970
01KHXX0Z4MAHMJHX38RG43R57Z,01KHXX2SPE8GA4YWPQ3K1BMXMQ,4.0,refgame,2.0,page5-64,B,01KHXX2EFJQB3GBVR9ZYPHGB3Q,Player,speaker,round message,1771604419988
01KHXX0Z4MAHMJHX38RG43R57Z,01KHXX2SPE8GA4YWPQ3K1BMXMQ,4.0,refgame,2.0,page5-64,A,01KHXX2HHGC7KDEF8AS8XYT8G0,Player,listener,ok,1771604420517
01KHXX0Z4MAHMJHX38RG43R57Z,01KHXX2SPE8GA4YWPQ3K1BMXMQ,4.0,refgame,2.0,page5-64,A,01KHXX2MK50K3SAJ6CKRFSRKPS,Player,listener,ok,1771604421070
01KHXX0Z4MAHMJHX38RG43R57Z,01KHXX2SPE8GA4YWPQ3K1BMXMQ,4.0,refgame,2.0,page5-64,B,01KHXX2QMTFQSM2NB5XH6Y4HDG,Player,listener,ok,1771604421631
01KHXX0Z4MAHMJHX38RG43R57Z,01KHXX2SPF42DQWTJWFAAA0M0S,5.0,refgame,2.0,page1-128,A,01KHXX2MK50K3SAJ6CKRFSRKPS,Player,speaker,round message,1771604430027
01KHXX0Z4MAHMJHX38RG43R57Z,01KHXX2SPF42DQWTJWFAAA0M0S,5.0,refgame,2.0,page1-128,B,01KHXX2QMTFQSM2NB5XH6Y4HDG,Player,speaker,round message,1771604430044
01KHXX0Z4MAHMJHX38RG43R57Z,01KHXX2SPF42DQWTJWFAAA0M0S,5.0,refgame,2.0,page1-128,B,01KHXX226X4921MKBBN0XQE8XQ,Player,listener,ok,1771604430564
01KHXX0Z4MAHMJHX38RG43R57Z,01KHXX2SPF42DQWTJWFAAA0M0S,5.0,refgame,2.0,page1-128,A,01KHXX2EFJQB3GBVR9ZYPHGB3Q,Player,listener,ok,1771604431122
01KHXX0Z4MAHMJHX38RG43R57Z,01KHXX2SPF42DQWTJWFAAA0M0S,5.0,refgame,2.0,page1-128,A,01KHXX2HHGC7KDEF8AS8XYT8G0,Player,listener,ok,1771604431678
01KHXX0Z4MAHMJHX38RG43R57Z,01KHXX2SPF42DQWTJWG4HSPGWS,5.0,refgame,2.0,page9-27,A,01KHXX2MK50K3SAJ6CKRFSRKPS,Player,speaker,round message,1771604433396
01KHXX0Z4MAHMJHX38RG43R57Z,01KHXX2SPF42DQWTJWG4HSPGWS,5.0,refgame,2.0,page9-27,B,01KHXX2QMTFQSM2NB5XH6Y4HDG,Player,speaker,round message,1771604433411
01KHXX0Z4MAHMJHX38RG43R57Z,01KHXX2SPF42DQWTJWG4HSPGWS,5.0,refgame,2.0,page9-27,B,01KHXX226X4921MKBBN0XQE8XQ,Player,listener,ok,1771604433932
01KHXX0Z4MAHMJHX38RG43R57Z,01KHXX2SPF42DQWTJWG4HSPGWS,5.0,refgame,2.0,page9-27,A,01KHXX2EFJQB3GBVR9ZYPHGB3Q,Player,listener,ok,1771604434489
01KHXX0Z4MAHMJHX38RG43R57Z,01KHXX2SPF42DQWTJWG4HSPGWS,5.0,refgame,2.0,page9-27,A,01KHXX2HHGC7KDEF8AS8XYT8G0,Player,listener,ok,1771604435047
01KHXX0Z4MAHMJHX38RG43R57Z,01KHXX2SPF42DQWTJWHE6CHRBJ,5.0,refgame,2.0,page3-136,A,01KHXX2MK50K3SAJ6CKRFSRKPS,Player,speaker,round message,1771604436750
01KHXX0Z4MAHMJHX38RG43R57Z,01KHXX2SPF42DQWTJWHE6CHRBJ,5.0,refgame,2.0,page3-136,B,01KHXX2QMTFQSM2NB5XH6Y4HDG,Player,speaker,round message,1771604436767
01KHXX0Z4MAHMJHX38RG43R57Z,01KHXX2SPF42DQWTJWHE6CHRBJ,5.0,refgame,2.0,page3-136,B,01KHXX226X4921MKBBN0XQE8XQ,Player,listener,ok,1771604437290
01KHXX0Z4MAHMJHX38RG43R57Z,01KHXX2SPF42DQWTJWHE6CHRBJ,5.0,refgame,2.0,page3-136,A,01KHXX2EFJQB3GBVR9ZYPHGB3Q,Player,listener,ok,1771604437846
01KHXX0Z4MAHMJHX38RG43R57Z,01KHXX2SPF42DQWTJWHE6CHRBJ,5.0,refgame,2.0,page3-136,A,01KHXX2HHGC7KDEF8AS8XYT8G0,Player,listener,ok,1771604438402
01KHXX0Z4MAHMJHX38RG43R57Z,01KHXX2SPF42DQWTJWJ356CBJP,5.0,refgame,2.0,page5-64,A,01KHXX2MK50K3SAJ6CKRFSRKPS,Player,speaker,round message,1771604440099
01KHXX0Z4MAHMJHX38RG43R57Z,01KHXX2SPF42DQWTJWJ356CBJP,5.0,refgame,2.0,page5-64,B,01KHXX2QMTFQSM2NB5XH6Y4HDG,Player,speaker,round message,1771604440116
01KHXX0Z4MAHMJHX38RG43R57Z,01KHXX2SPF42DQWTJWJ356CBJP,5.0,refgame,2.0,page5-64,B,01KHXX226X4921MKBBN0XQE8XQ,Player,listener,ok,1771604440636
01KHXX0Z4MAHMJHX38RG43R57Z,01KHXX2SPF42DQWTJWJ356CBJP,5.0,refgame,2.0,page5-64,A,01KHXX2EFJQB3GBVR9ZYPHGB3Q,Player,listener,ok,1771604441197
01KHXX0Z4MAHMJHX38RG43R57Z,01KHXX2SPF42DQWTJWJ356CBJP,5.0,refgame,2.0,page5-64,A,01KHXX2HHGC7KDEF8AS8XYT8G0,Player,listener,ok,1771604441760
