group_id,round_num,block_num,target,speaker_id,listener_id,selection,correct,parse_error
G01,0,0,page-B,0,1,page7-107,False,False
G01,0,0,page-B,0,2,page9-7,False,False
G01,1,0,page7-107,0,1,page9-46,False,False
G01,1,0,page7-107,0,2,page4-157,False,False
G01,2,0,page7-255,0,1,page7-107,False,False
G01,2,0,page7-255,0,2,page7-255,True,False
G01,3,0,page3-35,0,1,page5-28,False,False
G01,3,0,page3-35,0,2,page3-35,True,False
G01,4,0,page5-28,0,1,page9-7,False,False
G01,4,0,page5-28,0,2,page3-121,False,False
G01,5,0,page9-46,0,1,page7-255,False,False
G01,5,0,page9-46,0,2,page7-255,False,False
G01,6,1,page7-107,1,0,page7-107,True,False
G01,6,1,page7-107,1,2,page4-157,False,False
G01,7,1,page9-46,1,0,page9-46,True,False
G01,7,1,page9-46,1,2,page9-46,True,False
G01,8,1,page5-28,1,0,page5-63,False,False
G01,8,1,page5-28,1,2,page6-149,False,False
G01,9,1,page-B,1,0,page-B,True,False
G01,9,1,page-B,1,2,page-B,True,False
G01,10,1,page7-255,1,0,page7-255,True,False
G01,10,1,page7-255,1,2,page7-255,True,False
G01,11,1,page3-35,1,0,page9-7,False,False
G01,11,1,page3-35,1,2,page3-35,True,False
G01,12,2,page7-255,2,0,page7-255,True,False
G01,12,2,page7-255,2,1,page7-255,True,False
G01,13,2,page9-46,2,0,page9-46,True,False
G01,13,2,page9-46,2,1,page9-46,True,False
G01,14,2,page7-107,2,0,page7-107,True,False
G01,14,2,page7-107,2,1,page7-107,True,False
G01,15,2,page3-35,2,0,page3-35,True,False
G01,15,2,page3-35,2,1,page3-35,True,False
G01,16,2,page5-28,2,0,page5-28,True,False
G01,16,2,page5-28,2,1,page5-28,True,False
G01,17,2,page-B,2,0,page-B,True,False
G01,17,2,page-B,2,1,page-B,True,False
G01,18,3,page5-28,0,1,page5-28,True,False
G01,18,3,page5-28,0,2,page6-149,False,False
G01,19,3,page7-107,0,1,page7-107,True,False
G01,19,3,page7-107,0,2,page7-107,True,False
G01,20,3,page3-35,0,1,page3-35,True,False
G01,20,3,page3-35,0,2,page3-35,True,False
G01,21,3,page7-255,0,1,page7-255,True,False
G01,21,3,page7-255,0,2,page7-255,True,False
G01,22,3,page-B,0,1,page-B,True,False
G01,22,3,page-B,0,2,page-B,True,False
G01,23,3,page9-46,0,1,page9-46,True,False
G01,23,3,page9-46,0,2,page9-46,True,False
G01,24,4,page9-46,1,0,page9-46,True,False
G01,24,4,page9-46,1,2,page9-46,True,False
G01,25,4,page7-255,1,0,page7-255,True,False
G01,25,4,page7-255,1,2,page7-255,True,False
G01,26,4,page7-107,1,0,page7-107,True,False
G01,26,4,page7-107,1,2,page7-107,True,False
G01,27,4,page-B,1,0,page-B,True,False
G01,27,4,page-B,1,2,page-B,True,False
G01,28,4,page5-28,1,0,page5-63,False,False
G01,28,4,page5-28,1,2,page7-26,False,False
G01,29,4,page3-35,1,0,page9-7,False,False
G01,29,4,page3-35,1,2,page3-35,True,False
G01,30,5,page9-46,2,0,page9-46,True,False
G01,30,5,page9-46,2,1,page-B,False,False
G01,31,5,page7-107,2,0,page7-107,True,False
G01,31,5,page7-107,2,1,page9-7,False,False
G01,32,5,page5-28,2,0,page5-63,False,False
G01,32,5,page5-28,2,1,page5-28,True,False
G01,33,5,page7-255,2,0,page7-255,True,False
G01,33,5,page7-255,2,1,page4-157,False,False
G01,34,5,page3-35,2,0,page3-35,True,False
G01,34,5,page3-35,2,1,page3-35,True,False
G01,35,5,page-B,2,0,page5-142,False,False
G01,35,5,page-B,2,1,page-B,True,False
G02,0,0,page-B,0,1,page5-64,False,False
G02,0,0,page-B,0,2,page9-46,False,False
G02,1,0,page3-35,0,1,page9-7,False,False
G02,1,0,page3-35,0,2,page7-255,False,False
G02,2,0,page7-107,0,1,page6-149,False,False
G02,2,0,page7-107,0,2,page5-28,False,False
G02,3,0,page7-255,0,1,page4-15,False,False
G02,3,0,page7-255,0,2,page5-142,False,False
G02,4,0,page9-46,0,1,page7-26,False,False
G02,4,0,page9-46,0,2,page5-63,False,False
G02,5,0,page5-28,0,1,page5-63,False,False
G02,5,0,page5-28,0,2,page4-15,False,False
G02,6,1,page3-35,1,0,page4-15,False,False
G02,6,1,page3-35,1,2,page5-63,False,False
G02,7,1,page7-107,1,0,page-B,False,False
G02,7,1,page7-107,1,2,page5-142,False,False
G02,8,1,page9-46,1,0,page4-157,False,False
G02,8,1,page9-46,1,2,page4-15,False,False
G02,9,1,page5-28,1,0,page5-64,False,False
G02,9,1,page5-28,1,2,page3-35,False,False
G02,10,1,page7-255,1,0,page6-149,False,False
G02,10,1,page7-255,1,2,page4-157,False,False
G02,11,1,page-B,1,0,page5-63,False,False
G02,11,1,page-B,1,2,page4-15,False,False
G02,12,2,page5-28,2,0,page6-149,False,False
G02,12,2,page5-28,2,1,page9-7,False,False
G02,13,2,page3-35,2,0,page7-255,False,False
G02,13,2,page3-35,2,1,page3-35,True,False
G02,14,2,page7-255,2,0,page4-157,False,False
G02,14,2,page7-255,2,1,page7-26,False,False
G02,15,2,page9-46,2,0,page5-64,False,False
G02,15,2,page9-46,2,1,page4-157,False,False
G02,16,2,page7-107,2,0,page6-149,False,False
G02,16,2,page7-107,2,1,page7-107,True,False
G02,17,2,page-B,2,0,page-B,True,False
G02,17,2,page-B,2,1,page-B,True,False
G02,18,3,page3-35,0,1,page9-7,False,False
G02,18,3,page3-35,0,2,page5-63,False,False
G02,19,3,page-B,0,1,page-B,True,False
G02,19,3,page-B,0,2,page-B,True,False
G02,20,3,page9-46,0,1,page9-7,False,False
G02,20,3,page9-46,0,2,page4-157,False,False
G02,21,3,page7-255,0,1,page7-255,True,False
G02,21,3,page7-255,0,2,page6-149,False,False
G02,22,3,page5-28,0,1,page5-28,True,False
G02,22,3,page5-28,0,2,page5-28,True,False
G02,23,3,page7-107,0,1,page7-107,True,False
G02,23,3,page7-107,0,2,page5-63,False,False
G02,24,4,page7-107,1,0,page5-64,False,False
G02,24,4,page7-107,1,2,page7-26,False,False
G02,25,4,page3-35,1,0,page9-7,False,False
G02,25,4,page3-35,1,2,page5-63,False,False
G02,26,4,page5-28,1,0,page5-28,True,False
G02,26,4,page5-28,1,2,page5-28,True,False
G02,27,4,page-B,1,0,page6-149,False,False
G02,27,4,page-B,1,2,page-B,True,False
G02,28,4,page9-46,1,0,page4-157,False,False
G02,28,4,page9-46,1,2,page4-157,False,False
G02,29,4,page7-255,1,0,page7-255,True,False
G02,29,4,page7-255,1,2,page4-157,False,False
G02,30,5,page-B,2,0,page-B,True,False
G02,30,5,page-B,2,1,page-B,True,False
G02,31,5,page7-255,2,0,page4-15,False,False
G02,31,5,page7-255,2,1,page7-255,True,False
G02,32,5,page7-107,2,0,page7-107,True,False
G02,32,5,page7-107,2,1,page7-107,True,False
G02,33,5,page9-46,2,0,page6-149,False,False
G02,33,5,page9-46,2,1,page9-46,True,False
G02,34,5,page3-35,2,0,page9-7,False,False
G02,34,5,page3-35,2,1,page4-157,False,False
G02,35,5,page5-28,2,0,page5-28,True,False
G02,35,5,page5-28,2,1,page5-28,True,False
G03,0,0,page5-28,0,1,page7-255,False,False
G03,0,0,page5-28,0,2,page6-149,False,False
G03,1,0,page-B,0,1,page5-64,False,False
G03,1,0,page-B,0,2,page6-149,False,False
G03,2,0,page9-46,0,1,page5-64,False,False
G03,2,0,page9-46,0,2,page3-121,False,False
G03,3,0,page7-107,0,1,page7-107,True,False
G03,3,0,page7-107,0,2,page3-121,False,False
G03,4,0,page7-255,0,1,page6-149,False,False
G03,4,0,page7-255,0,2,page4-15,False,False
G03,5,0,page3-35,0,1,page5-63,False,False
G03,5,0,page3-35,0,2,page3-121,False,False
G03,6,1,page-B,1,0,page6-149,False,False
G03,6,1,page-B,1,2,page3-193,False,False
G03,7,1,page3-35,1,0,page3-35,True,False
G03,7,1,page3-35,1,2,page7-26,False,False
G03,8,1,page7-107,1,0,page7-107,True,False
G03,8,1,page7-107,1,2,page7-107,True,False
G03,9,1,page7-255,1,0,page7-255,True,False
G03,9,1,page7-255,1,2,page7-26,False,False
G03,10,1,page9-46,1,0,page4-157,False,False
G03,10,1,page9-46,1,2,page5-63,False,False
G03,11,1,page5-28,1,0,page3-121,False,False
G03,11,1,page5-28,1,2,page3-193,False,False
G03,12,2,page5-28,2,0,page3-193,False,False
G03,12,2,page5-28,2,1,page5-28,True,False
G03,13,2,page7-255,2,0,page7-255,True,False
G03,13,2,page7-255,2,1,page7-255,True,False
G03,14,2,page9-46,2,0,page9-7,False,False
G03,14,2,page9-46,2,1,page3-121,False,False
G03,15,2,page7-107,2,0,page7-107,True,False
G03,15,2,page7-107,2,1,page7-107,True,False
G03,16,2,page3-35,2,0,page3-35,True,False
G03,16,2,page3-35,2,1,page3-35,True,False
G03,17,2,page-B,2,0,page-B,True,False
G03,17,2,page-B,2,1,page5-142,False,False
G03,18,3,page5-28,0,1,page5-28,True,False
G03,18,3,page5-28,0,2,page5-28,True,False
G03,19,3,page9-46,0,1,page5-64,False,False
G03,19,3,page9-46,0,2,page9-46,True,False
G03,20,3,page7-255,0,1,page7-255,True,False
G03,20,3,page7-255,0,2,page7-255,True,False
G03,21,3,page3-35,0,1,page3-35,True,False
G03,21,3,page3-35,0,2,page3-35,True,False
G03,22,3,page-B,0,1,page-B,True,False
G03,22,3,page-B,0,2,page-B,True,False
G03,23,3,page7-107,0,1,page7-107,True,False
G03,23,3,page7-107,0,2,page7-107,True,False
G03,24,4,page9-46,1,0,page9-46,True,False
G03,24,4,page9-46,1,2,page9-46,True,False
G03,25,4,page5-28,1,0,page5-28,True,False
G03,25,4,page5-28,1,2,page5-28,True,False
G03,26,4,page-B,1,0,page-B,True,False
G03,26,4,page-B,1,2,page-B,True,False
G03,27,4,page7-107,1,0,page7-107,True,False
G03,27,4,page7-107,1,2,page7-107,True,False
G03,28,4,page7-255,1,0,page7-255,True,False
G03,28,4,page7-255,1,2,page7-255,True,False
G03,29,4,page3-35,1,0,page3-35,True,False
G03,29,4,page3-35,1,2,page3-35,True,False
G03,30,5,page7-255,2,0,page7-255,True,False
G03,30,5,page7-255,2,1,page7-255,True,False
G03,31,5,page7-107,2,0,page7-107,True,False
G03,31,5,page7-107,2,1,page7-107,True,False
G03,32,5,page9-46,2,0,page9-46,True,False
G03,32,5,page9-46,2,1,page9-46,True,False
G03,33,5,page5-28,2,0,page5-28,True,False
G03,33,5,page5-28,2,1,page5-28,True,False
G03,34,5,page-B,2,0,page-B,True,False
G03,34,5,page-B,2,1,page6-149,False,False
G03,35,5,page3-35,2,0,page3-35,True,False
G03,35,5,page3-35,2,1,page3-35,True,False
G04,0,0,page9-46,0,1,page5-142,False,False
G04,0,0,page9-46,0,2,page5-64,False,False
G04,1,0,page-B,0,1,page3-35,False,False
G04,1,0,page-B,0,2,page5-64,False,False
G04,2,0,page7-255,0,1,page5-142,False,False
G04,2,0,page7-255,0,2,page3-121,False,False
G04,3,0,page3-35,0,1,page4-15,False,False
G04,3,0,page3-35,0,2,page5-142,False,False
G04,4,0,page5-28,0,1,page5-142,False,False
G04,4,0,page5-28,0,2,page4-157,False,False
G04,5,0,page7-107,0,1,page7-107,True,False
G04,5,0,page7-107,0,2,page3-121,False,False
G04,6,1,page7-107,1,0,page7-107,True,False
G04,6,1,page7-107,1,2,page7-107,True,False
G04,7,1,page-B,1,0,page6-149,False,False
G04,7,1,page-B,1,2,page6-149,False,False
G04,8,1,page7-255,1,0,page5-63,False,False
G04,8,1,page7-255,1,2,page5-64,False,False
G04,9,1,page5-28,1,0,page5-28,True,False
G04,9,1,page5-28,1,2,page5-28,True,False
G04,10,1,page9-46,1,0,page9-46,True,False
G04,10,1,page9-46,1,2,page9-46,True,False
G04,11,1,page3-35,1,0,page9-7,False,False
G04,11,1,page3-35,1,2,page4-15,False,False
G04,12,2,page3-35,2,0,page3-35,True,False
G04,12,2,page3-35,2,1,page3-35,True,False
G04,13,2,page-B,2,0,page6-149,False,False
G04,13,2,page-B,2,1,page-B,True,False
G04,14,2,page7-107,2,0,page4-15,False,False
G04,14,2,page7-107,2,1,page7-107,True,False
G04,15,2,page9-46,2,0,page9-46,True,False
G04,15,2,page9-46,2,1,page4-157,False,False
G04,16,2,page5-28,2,0,page5-28,True,False
G04,16,2,page5-28,2,1,page5-28,True,False
G04,17,2,page7-255,2,0,page7-255,True,False
G04,17,2,page7-255,2,1,page7-255,True,False
G04,18,3,page5-28,0,1,page5-28,True,False
G04,18,3,page5-28,0,2,page5-28,True,False
G04,19,3,page7-107,0,1,page7-107,True,False
G04,19,3,page7-107,0,2,page3-121,False,False
G04,20,3,page7-255,0,1,page7-255,True,False
G04,20,3,page7-255,0,2,page7-255,True,False
G04,21,3,page9-46,0,1,page9-46,True,False
G04,21,3,page9-46,0,2,page9-46,True,False
G04,22,3,page3-35,0,1,page3-35,True,False
G04,22,3,page3-35,0,2,page3-35,True,False
G04,23,3,page-B,0,1,page-B,True,False
G04,23,3,page-B,0,2,page-B,True,False
G04,24,4,page7-107,1,0,page7-107,True,False
G04,24,4,page7-107,1,2,page7-107,True,False
G04,25,4,page-B,1,0,page-B,True,False
G04,25,4,page-B,1,2,page-B,True,False
G04,26,4,page3-35,1,0,page3-35,True,False
G04,26,4,page3-35,1,2,page5-142,False,False
G04,27,4,page9-46,1,0,page9-46,True,False
G04,27,4,page9-46,1,2,page9-46,True,False
G04,28,4,page5-28,1,0,page5-28,True,False
G04,28,4,page5-28,1,2,page5-64,False,False
G04,29,4,page7-255,1,0,page5-63,False,False
G04,29,4,page7-255,1,2,page7-255,True,False
G04,30,5,page7-107,2,0,page7-107,True,False
G04,30,5,page7-107,2,1,page7-107,True,False
G04,31,5,page7-255,2,0,page7-255,True,False
G04,31,5,page7-255,2,1,page7-255,True,False
G04,32,5,page3-35,2,0,page3-35,True,False
G04,32,5,page3-35,2,1,page3-35,True,False
G04,33,5,page5-28,2,0,page9-7,False,False
G04,33,5,page5-28,2,1,page5-28,True,False
G04,34,5,page9-46,2,0,page9-46,True,False
G04,34,5,page9-46,2,1,page9-46,True,False
G04,35,5,page-B,2,0,page-B,True,False
G04,35,5,page-B,2,1,page3-193,False,False
G05,0,0,page7-255,0,1,page4-157,False,False
G05,0,0,page7-255,0,2,page-B,False,False
G05,1,0,page9-46,0,1,page7-26,False,False
G05,1,0,page9-46,0,2,page3-121,False,False
G05,2,0,page-B,0,1,page6-149,False,False
G05,2,0,page-B,0,2,page5-64,False,False
G05,3,0,page7-107,0,1,page5-28,False,False
G05,3,0,page7-107,0,2,page6-149,False,False
G05,4,0,page3-35,0,1,page6-149,False,False
G05,4,0,page3-35,0,2,page5-28,False,False
G05,5,0,page5-28,0,1,page4-15,False,False
G05,5,0,page5-28,0,2,page3-193,False,False
G05,6,1,page7-107,1,0,page5-63,False,False
G05,6,1,page7-107,1,2,page5-142,False,False
G05,7,1,page3-35,1,0,page3-35,True,False
G05,7,1,page3-35,1,2,page3-35,True,False
G05,8,1,page-B,1,0,page5-63,False,False
G05,8,1,page-B,1,2,page5-63,False,False
G05,9,1,page5-28,1,0,page5-28,True,False
G05,9,1,page5-28,1,2,page5-28,True,False
G05,10,1,page9-46,1,0,page4-15,False,False
G05,10,1,page9-46,1,2,page9-46,True,False
G05,11,1,page7-255,1,0,page4-15,False,False
G05,11,1,page7-255,1,2,page4-157,False,False
G05,12,2,page3-35,2,0,page3-35,True,False
G05,12,2,page3-35,2,1,page3-35,True,False
G05,13,2,page9-46,2,0,page9-46,True,False
G05,13,2,page9-46,2,1,page9-46,True,False
G05,14,2,page5-28,2,0,page5-28,True,False
G05,14,2,page5-28,2,1,page4-15,False,False
G05,15,2,page7-107,2,0,page7-107,True,False
G05,15,2,page7-107,2,1,page7-107,True,False
G05,16,2,page7-255,2,0,page7-255,True,False
G05,16,2,page7-255,2,1,page5-64,False,False
G05,17,2,page-B,2,0,page-B,True,False
G05,17,2,page-B,2,1,page-B,True,False
G05,18,3,page7-255,0,1,page7-255,True,False
G05,18,3,page7-255,0,2,page7-255,True,False
G05,19,3,page7-107,0,1,page9-7,False,False
G05,19,3,page7-107,0,2,page7-107,True,False
G05,20,3,page3-35,0,1,page4-15,False,False
G05,20,3,page3-35,0,2,page3-35,True,False
G05,21,3,page9-46,0,1,page9-46,True,False
G05,21,3,page9-46,0,2,page9-46,True,False
G05,22,3,page5-28,0,1,page5-28,True,False
G05,22,3,page5-28,0,2,page5-28,True,False
G05,23,3,page-B,0,1,page-B,True,False
G05,23,3,page-B,0,2,page-B,True,False
G05,24,4,page7-107,1,0,page7-107,True,False
G05,24,4,page7-107,1,2,page5-142,False,False
G05,25,4,page-B,1,0,page-B,True,False
G05,25,4,page-B,1,2,page-B,True,False
G05,26,4,page9-46,1,0,page9-46,True,False
G05,26,4,page9-46,1,2,page3-121,False,False
G05,27,4,page7-255,1,0,page4-15,False,False
G05,27,4,page7-255,1,2,page4-157,False,False
G05,28,4,page3-35,1,0,page3-35,True,False
G05,28,4,page3-35,1,2,page3-35,True,False
G05,29,4,page5-28,1,0,page5-28,True,False
G05,29,4,page5-28,1,2,page5-28,True,False
G05,30,5,page9-46,2,0,page9-46,True,False
G05,30,5,page9-46,2,1,page9-46,True,False
G05,31,5,page7-255,2,0,page7-255,True,False
G05,31,5,page7-255,2,1,page4-15,False,False
G05,32,5,page-B,2,0,page5-64,False,False
G05,32,5,page-B,2,1,page5-64,False,False
G05,33,5,page5-28,2,0,page5-28,True,False
G05,33,5,page5-28,2,1,page5-28,True,False
G05,34,5,page7-107,2,0,page7-107,True,False
G05,34,5,page7-107,2,1,page7-107,True,False
G05,35,5,page3-35,2,0,page7-255,False,False
G05,35,5,page3-35,2,1,page3-35,True,False
G06,0,0,page-B,0,1,page4-15,False,False
G06,0,0,page-B,0,2,page3-121,False,False
G06,1,0,page3-35,0,1,page3-193,False,False
G06,1,0,page3-35,0,2,page4-157,False,False
G06,2,0,page7-255,0,1,page7-255,True,False
G06,2,0,page7-255,0,2,page5-64,False,False
G06,3,0,page9-46,0,1,page4-15,False,False
G06,3,0,page9-46,0,2,page5-63,False,False
G06,4,0,page7-107,0,1,page4-157,False,False
G06,4,0,page7-107,0,2,page4-15,False,False
G06,5,0,page5-28,0,1,page-B,False,False
G06,5,0,page5-28,0,2,page9-7,False,False
G06,6,1,page-B,1,0,page-B,True,False
G06,6,1,page-B,1,2,page4-15,False,False
G06,7,1,page7-107,1,0,page5-64,False,False
G06,7,1,page7-107,1,2,page7-107,True,False
G06,8,1,page9-46,1,0,page5-63,False,False
G06,8,1,page9-46,1,2,page4-15,False,False
G06,9,1,page7-255,1,0,page7-255,True,False
G06,9,1,page7-255,1,2,page7-255,True,False
G06,10,1,page5-28,1,0,page5-28,True,False
G06,10,1,page5-28,1,2,page5-28,True,False
G06,11,1,page3-35,1,0,page3-35,True,False
G06,11,1,page3-35,1,2,page3-193,False,False
G06,12,2,page7-255,2,0,page7-255,True,False
G06,12,2,page7-255,2,1,page5-64,False,False
G06,13,2,page9-46,2,0,page4-15,False,False
G06,13,2,page9-46,2,1,page9-46,True,False
G06,14,2,page7-107,2,0,page7-107,True,False
G06,14,2,page7-107,2,1,page7-107,True,False
G06,15,2,page-B,2,0,page-B,True,False
G06,15,2,page-B,2,1,page-B,True,False
G06,16,2,page3-35,2,0,page3-35,True,False
G06,16,2,page3-35,2,1,page3-35,True,False
G06,17,2,page5-28,2,0,page5-28,True,False
G06,17,2,page5-28,2,1,page5-28,True,False
G06,18,3,page9-46,0,1,page9-46,True,False
G06,18,3,page9-46,0,2,page5-142,False,False
G06,19,3,page5-28,0,1,page5-28,True,False
G06,19,3,page5-28,0,2,page9-7,False,False
G06,20,3,page7-107,0,1,page3-193,False,False
G06,20,3,page7-107,0,2,page7-26,False,False
G06,21,3,page3-35,0,1,page4-157,False,False
G06,21,3,page3-35,0,2,page3-35,True,False
G06,22,3,page7-255,0,1,page7-255,True,False
G06,22,3,page7-255,0,2,page7-255,True,False
G06,23,3,page-B,0,1,page-B,True,False
G06,23,3,page-B,0,2,page-B,True,False
G06,24,4,page3-35,1,0,page3-35,True,False
G06,24,4,page3-35,1,2,page3-193,False,False
G06,25,4,page7-255,1,0,page7-255,True,False
G06,25,4,page7-255,1,2,page5-64,False,False
G06,26,4,page9-46,1,0,page9-46,True,False
G06,26,4,page9-46,1,2,page9-46,True,False
G06,27,4,page-B,1,0,page-B,True,False
G06,27,4,page-B,1,2,page-B,True,False
G06,28,4,page7-107,1,0,page7-107,True,False
G06,28,4,page7-107,1,2,page7-107,True,False
G06,29,4,page5-28,1,0,page5-28,True,False
G06,29,4,page5-28,1,2,page5-28,True,False
G06,30,5,page-B,2,0,page-B,True,False
G06,30,5,page-B,2,1,page-B,True,False
G06,31,5,page3-35,2,0,page3-35,True,False
G06,31,5,page3-35,2,1,page3-35,True,False
G06,32,5,page9-46,2,0,page9-46,True,False
G06,32,5,page9-46,2,1,page9-46,True,False
G06,33,5,page7-107,2,0,page7-107,True,False
G06,33,5,page7-107,2,1,page7-107,True,False
G06,34,5,page5-28,2,0,page5-63,False,False
G06,34,5,page5-28,2,1,page5-28,True,False
G06,35,5,page7-255,2,0,page6-149,False,False
G06,35,5,page7-255,2,1,page7-255,True,False
G07,0,0,page7-107,0,1,page6-149,False,False
G07,0,0,page7-107,0,2,page5-142,False,False
G07,1,0,page9-46,0,1,page7-107,False,False
G07,1,0,page9-46,0,2,page9-46,True,False
G07,2,0,page7-255,0,1,page5-63,False,False
G07,2,0,page7-255,0,2,page5-64,False,False
G07,3,0,page-B,0,1,page5-63,False,False
G07,3,0,page-B,0,2,page7-26,False,False
G07,4,0,page5-28,0,1,page5-63,False,False
G07,4,0,page5-28,0,2,page9-7,False,False
G07,5,0,page3-35,0,1,page3-193,False,False
G07,5,0,page3-35,0,2,page5-63,False,False
G07,6,1,page7-255,1,0,page3-193,False,False
G07,6,1,page7-255,1,2,page5-63,False,False
G07,7,1,page-B,1,0,page-B,True,False
G07,7,1,page-B,1,2,page-B,True,False
G07,8,1,page7-107,1,0,page7-107,True,False
G07,8,1,page7-107,1,2,page5-142,False,False
G07,9,1,page3-35,1,0,page5-63,False,False
G07,9,1,page3-35,1,2,page5-28,False,False
G07,10,1,page5-28,1,0,page5-28,True,False
G07,10,1,page5-28,1,2,page5-28,True,False
G07,11,1,page9-46,1,0,page6-149,False,False
G07,11,1,page9-46,1,2,page9-46,True,False
G07,12,2,page7-255,2,0,page7-255,True,False
G07,12,2,page7-255,2,1,page7-255,True,False
G07,13,2,page5-28,2,0,page5-28,True,False
G07,13,2,page5-28,2,1,page5-28,True,False
G07,14,2,page9-46,2,0,page9-46,True,False
G07,14,2,page9-46,2,1,page9-46,True,False
G07,15,2,page-B,2,0,page-B,True,False
G07,15,2,page-B,2,1,page-B,True,False
G07,16,2,page7-107,2,0,page7-107,True,False
G07,16,2,page7-107,2,1,page7-107,True,False
G07,17,2,page3-35,2,0,page3-35,True,False
G07,17,2,page3-35,2,1,page5-63,False,False
G07,18,3,page9-46,0,1,page9-46,True,False
G07,18,3,page9-46,0,2,page9-46,True,False
G07,19,3,page7-107,0,1,page7-107,True,False
G07,19,3,page7-107,0,2,page7-107,True,False
G07,20,3,page5-28,0,1,page5-28,True,False
G07,20,3,page5-28,0,2,page5-28,True,False
G07,21,3,page7-255,0,1,page7-255,True,False
G07,21,3,page7-255,0,2,page7-255,True,False
G07,22,3,page3-35,0,1,page3-35,True,False
G07,22,3,page3-35,0,2,page3-35,True,False
G07,23,3,page-B,0,1,page-B,True,False
G07,23,3,page-B,0,2,page-B,True,False
G07,24,4,page5-28,1,0,page5-28,True,False
G07,24,4,page5-28,1,2,page5-28,True,False
G07,25,4,page7-107,1,0,page3-121,False,False
G07,25,4,page7-107,1,2,page7-107,True,False
G07,26,4,page3-35,1,0,page3-35,True,False
G07,26,4,page3-35,1,2,page3-35,True,False
G07,27,4,page-B,1,0,page-B,True,False
G07,27,4,page-B,1,2,page-B,True,False
G07,28,4,page9-46,1,0,page9-46,True,False
G07,28,4,page9-46,1,2,page9-46,True,False
G07,29,4,page7-255,1,0,page7-255,True,False
G07,29,4,page7-255,1,2,page7-255,True,False
G07,30,5,page7-107,2,0,page7-107,True,False
G07,30,5,page7-107,2,1,page7-107,True,False
G07,31,5,page3-35,2,0,page3-35,True,False
G07,31,5,page3-35,2,1,page3-35,True,False
G07,32,5,page9-46,2,0,page9-46,True,False
G07,32,5,page9-46,2,1,page9-46,True,False
G07,33,5,page-B,2,0,page3-193,False,False
G07,33,5,page-B,2,1,page-B,True,False
G07,34,5,page5-28,2,0,page5-28,True,False
G07,34,5,page5-28,2,1,page5-28,True,False
G07,35,5,page7-255,2,0,page5-64,False,False
G07,35,5,page7-255,2,1,page7-255,True,False
G08,0,0,page5-28,0,1,page3-35,False,False
G08,0,0,page5-28,0,2,page3-193,False,False
G08,1,0,page7-107,0,1,page7-26,False,False
G08,1,0,page7-107,0,2,page4-15,False,False
G08,2,0,page9-46,0,1,page4-157,False,False
G08,2,0,page9-46,0,2,page3-193,False,False
G08,3,0,page7-255,0,1,page5-64,False,False
G08,3,0,page7-255,0,2,page5-28,False,False
G08,4,0,page-B,0,1,page9-7,False,False
G08,4,0,page-B,0,2,page5-63,False,False
G08,5,0,page3-35,0,1,page6-149,False,False
G08,5,0,page3-35,0,2,page4-15,False,False
G08,6,1,page5-28,1,0,page9-7,False,False
G08,6,1,page5-28,1,2,page5-28,True,False
G08,7,1,page7-255,1,0,page5-64,False,False
G08,7,1,page7-255,1,2,page6-149,False,False
G08,8,1,page9-46,1,0,page9-46,True,False
G08,8,1,page9-46,1,2,page4-15,False,False
G08,9,1,page7-107,1,0,page5-142,False,False
G08,9,1,page7-107,1,2,page7-107,True,False
G08,10,1,page3-35,1,0,page3-35,True,False
G08,10,1,page3-35,1,2,page6-149,False,False
G08,11,1,page-B,1,0,page-B,True,False
G08,11,1,page-B,1,2,page7-26,False,False
G08,12,2,page-B,2,0,page-B,True,False
G08,12,2,page-B,2,1,page-B,True,False
G08,13,2,page9-46,2,0,page9-46,True,False
G08,13,2,page9-46,2,1,page9-46,True,False
G08,14,2,page7-255,2,0,page7-255,True,False
G08,14,2,page7-255,2,1,page7-255,True,False
G08,15,2,page5-28,2,0,page9-7,False,False
G08,15,2,page5-28,2,1,page5-63,False,False
G08,16,2,page3-35,2,0,page3-35,True,False
G08,16,2,page3-35,2,1,page3-35,True,False
G08,17,2,page7-107,2,0,page7-107,True,False
G08,17,2,page7-107,2,1,page7-107,True,False
G08,18,3,page5-28,0,1,page5-28,True,False
G08,18,3,page5-28,0,2,page5-28,True,False
G08,19,3,page7-107,0,1,page5-64,False,False
G08,19,3,page7-107,0,2,page5-64,False,False
G08,20,3,page-B,0,1,page-B,True,False
G08,20,3,page-B,0,2,page-B,True,False
G08,21,3,page7-255,0,1,page5-64,False,False
G08,21,3,page7-255,0,2,page5-64,False,False
G08,22,3,page9-46,0,1,page9-46,True,False
G08,22,3,page9-46,0,2,page4-15,False,False
G08,23,3,page3-35,0,1,page3-35,True,False
G08,23,3,page3-35,0,2,page4-15,False,False
G08,24,4,page9-46,1,0,page3-193,False,False
G08,24,4,page9-46,1,2,page9-46,True,False
G08,25,4,page7-255,1,0,page7-255,True,False
G08,25,4,page7-255,1,2,page7-255,True,False
G08,26,4,page5-28,1,0,page5-28,True,False
G08,26,4,page5-28,1,2,page5-28,True,False
G08,27,4,page-B,1,0,page-B,True,False
G08,27,4,page-B,1,2,page-B,True,False
G08,28,4,page7-107,1,0,page7-107,True,False
G08,28,4,page7-107,1,2,page7-107,True,False
G08,29,4,page3-35,1,0,page3-35,True,False
G08,29,4,page3-35,1,2,page3-193,False,False
G08,30,5,page5-28,2,0,page5-28,True,False
G08,30,5,page5-28,2,1,page9-7,False,False
G08,31,5,page-B,2,0,page-B,True,False
G08,31,5,page-B,2,1,page-B,True,False
G08,32,5,page7-107,2,0,page3-193,False,False
G08,32,5,page7-107,2,1,page5-64,False,False
G08,33,5,page7-255,2,0,page7-255,True,False
G08,33,5,page7-255,2,1,page5-142,False,False
G08,34,5,page3-35,2,0,page3-35,True,False
G08,34,5,page3-35,2,1,page4-157,False,False
G08,35,5,page9-46,2,0,page9-46,True,False
G08,35,5,page9-46,2,1,page7-26,False,False
G09,0,0,page5-28,0,1,page5-63,False,False
G09,0,0,page5-28,0,2,page5-64,False,False
G09,1,0,page-B,0,1,page7-107,False,False
G09,1,0,page-B,0,2,page7-255,False,False
G09,2,0,page7-255,0,1,page5-64,False,False
G09,2,0,page7-255,0,2,page5-142,False,False
G09,3,0,page7-107,0,1,page4-157,False,False
G09,3,0,page7-107,0,2,page4-15,False,False
G09,4,0,page3-35,0,1,page3-121,False,False
G09,4,0,page3-35,0,2,page9-46,False,False
G09,5,0,page9-46,0,1,page-B,False,False
G09,5,0,page9-46,0,2,page9-46,True,False
G09,6,1,page-B,1,0,page-B,True,False
G09,6,1,page-B,1,2,page-B,True,False
G09,7,1,page3-35,1,0,page3-35,True,False
G09,7,1,page3-35,1,2,page3-35,True,False
G09,8,1,page7-255,1,0,page3-193,False,False
G09,8,1,page7-255,1,2,page5-142,False,False
G09,9,1,page5-28,1,0,page5-28,True,False
G09,9,1,page5-28,1,2,page5-28,True,False
G09,10,1,page9-46,1,0,page9-46,True,False
G09,10,1,page9-46,1,2,page9-46,True,False
G09,11,1,page7-107,1,0,page7-107,True,False
G09,11,1,page7-107,1,2,page7-107,True,False
G09,12,2,page7-255,2,0,page7-26,False,False
G09,12,2,page7-255,2,1,page7-255,True,False
G09,13,2,page7-107,2,0,page7-255,False,False
G09,13,2,page7-107,2,1,page5-63,False,False
G09,14,2,page-B,2,0,page-B,True,False
G09,14,2,page-B,2,1,page-B,True,False
G09,15,2,page5-28,2,0,page5-64,False,False
G09,15,2,page5-28,2,1,page5-28,True,False
G09,16,2,page9-46,2,0,page9-46,True,False
G09,16,2,page9-46,2,1,page9-46,True,False
G09,17,2,page3-35,2,0,page3-35,True,False
G09,17,2,page3-35,2,1,page5-63,False,False
G09,18,3,page9-46,0,1,page9-46,True,False
G09,18,3,page9-46,0,2,page9-46,True,False
G09,19,3,page-B,0,1,page-B,True,False
G09,19,3,page-B,0,2,page-B,True,False
G09,20,3,page5-28,0,1,page5-28,True,False
G09,20,3,page5-28,0,2,page5-28,True,False
G09,21,3,page7-107,0,1,page7-107,True,False
G09,21,3,page7-107,0,2,page4-15,False,False
G09,22,3,page3-35,0,1,page3-35,True,False
G09,22,3,page3-35,0,2,page3-35,True,False
G09,23,3,page7-255,0,1,page7-255,True,False
G09,23,3,page7-255,0,2,page7-255,True,False
G09,24,4,page5-28,1,0,page5-28,True,False
G09,24,4,page5-28,1,2,page5-28,True,False
G09,25,4,page-B,1,0,page-B,True,False
G09,25,4,page-B,1,2,page-B,True,False
G09,26,4,page9-46,1,0,page9-46,True,False
G09,26,4,page9-46,1,2,page9-46,True,False
G09,27,4,page7-255,1,0,page7-255,True,False
G09,27,4,page7-255,1,2,page7-255,True,False
G09,28,4,page3-35,1,0,page3-35,True,False
G09,28,4,page3-35,1,2,page3-35,True,False
G09,29,4,page7-107,1,0,page7-107,True,False
G09,29,4,page7-107,1,2,page7-107,True,False
G09,30,5,page9-46,2,0,page9-46,True,False
G09,30,5,page9-46,2,1,page9-46,True,False
G09,31,5,page7-255,2,0,page7-255,True,False
G09,31,5,page7-255,2,1,page7-255,True,False
G09,32,5,page-B,2,0,page-B,True,False
G09,32,5,page-B,2,1,page-B,True,False
G09,33,5,page7-107,2,0,page7-107,True,False
G09,33,5,page7-107,2,1,page4-157,False,False
G09,34,5,page5-28,2,0,page5-64,False,False
G09,34,5,page5-28,2,1,page5-28,True,False
G09,35,5,page3-35,2,0,page3-35,True,False
G09,35,5,page3-35,2,1,page3-35,True,False
G10,0,0,page7-107,0,1,page9-7,False,False
G10,0,0,page7-107,0,2,page7-26,False,False
G10,1,0,page9-46,0,1,page5-64,False,False
G10,1,0,page9-46,0,2,page5-64,False,False
G10,2,0,page3-35,0,1,page3-121,False,False
G10,2,0,page3-35,0,2,page5-28,False,False
G10,3,0,page-B,0,1,page6-149,False,False
G10,3,0,page-B,0,2,page-B,True,False
G10,4,0,page7-255,0,1,page3-193,False,False
G10,4,0,page7-255,0,2,page7-26,False,False
G10,5,0,page5-28,0,1,page4-15,False,False
G10,5,0,page5-28,0,2,page5-63,False,False
G10,6,1,page9-46,1,0,page3-121,False,False
G10,6,1,page9-46,1,2,page4-15,False,False
G10,7,1,page5-28,1,0,page6-149,False,False
G10,7,1,page5-28,1,2,page4-15,False,False
G10,8,1,page-B,1,0,page-B,True,False
G10,8,1,page-B,1,2,page7-26,False,False
G10,9,1,page7-255,1,0,page7-255,True,False
G10,9,1,page7-255,1,2,page7-255,True,False
G10,10,1,page7-107,1,0,page7-107,True,False
G10,10,1,page7-107,1,2,page4-15,False,False
G10,11,1,page3-35,1,0,page3-35,True,False
G10,11,1,page3-35,1,2,page3-35,True,False
G10,12,2,page5-28,2,0,page5-28,True,False
G10,12,2,page5-28,2,1,page4-15,False,False
G10,13,2,page7-255,2,0,page7-255,True,False
G10,13,2,page7-255,2,1,page7-255,True,False
G10,14,2,page-B,2,0,page-B,True,False
G10,14,2,page-B,2,1,page-B,True,False
G10,15,2,page7-107,2,0,page7-107,True,False
G10,15,2,page7-107,2,1,page7-107,True,False
G10,16,2,page3-35,2,0,page3-35,True,False
G10,16,2,page3-35,2,1,page6-149,False,False
G10,17,2,page9-46,2,0,page9-46,True,False
G10,17,2,page9-46,2,1,page9-46,True,False
G10,18,3,page7-107,0,1,page9-7,False,False
G10,18,3,page7-107,0,2,page9-7,False,False
G10,19,3,page5-28,0,1,page5-63,False,False
G10,19,3,page5-28,0,2,page5-28,True,False
G10,20,3,page3-35,0,1,page3-35,True,False
G10,20,3,page3-35,0,2,page3-35,True,False
G10,21,3,page-B,0,1,page-B,True,False
G10,21,3,page-B,0,2,page-B,True,False
G10,22,3,page7-255,0,1,page7-255,True,False
G10,22,3,page7-255,0,2,page7-255,True,False
G10,23,3,page9-46,0,1,page9-46,True,False
G10,23,3,page9-46,0,2,page9-46,True,False
G10,24,4,page5-28,1,0,page5-28,True,False
G10,24,4,page5-28,1,2,page5-28,True,False
G10,25,4,page7-255,1,0,page7-255,True,False
G10,25,4,page7-255,1,2,page7-26,False,False
G10,26,4,page7-107,1,0,page7-107,True,False
G10,26,4,page7-107,1,2,page7-107,True,False
G10,27,4,page9-46,1,0,page9-46,True,False
G10,27,4,page9-46,1,2,page9-46,True,False
G10,28,4,page3-35,1,0,page3-121,False,False
G10,28,4,page3-35,1,2,page3-35,True,False
G10,29,4,page-B,1,0,page-B,True,False
G10,29,4,page-B,1,2,page-B,True,False
G10,30,5,page9-46,2,0,page5-63,False,False
G10,30,5,page9-46,2,1,page6-149,False,False
G10,31,5,page5-28,2,0,page6-149,False,False
G10,31,5,page5-28,2,1,page5-142,False,False
G10,32,5,page7-255,2,0,page7-255,True,False
G10,32,5,page7-255,2,1,page7-255,True,False
G10,33,5,page7-107,2,0,page7-107,True,False
G10,33,5,page7-107,2,1,page7-107,True,False
G10,34,5,page-B,2,0,page-B,True,False
G10,34,5,page-B,2,1,page-B,True,False
G10,35,5,page3-35,2,0,page3-35,True,False
G10,35,5,page3-35,2,1,page3-121,False,False
G11,0,0,page7-107,0,1,page3-35,False,False
G11,0,0,page7-107,0,2,page3-121,False,False
G11,1,0,page3-35,0,1,page3-35,True,False
G11,1,0,page3-35,0,2,page4-157,False,False
G11,2,0,page7-255,0,1,page5-64,False,False
G11,2,0,page7-255,0,2,page5-142,False,False
G11,3,0,page-B,0,1,page3-121,False,False
G11,3,0,page-B,0,2,page3-193,False,False
G11,4,0,page5-28,0,1,page5-64,False,False
G11,4,0,page5-28,0,2,page3-193,False,False
G11,5,0,page9-46,0,1,page5-64,False,False
G11,5,0,page9-46,0,2,page5-64,False,False
G11,6,1,page7-107,1,0,page5-142,False,False
G11,6,1,page7-107,1,2,page7-107,True,False
G11,7,1,page5-28,1,0,page5-28,True,False
G11,7,1,page5-28,1,2,page5-28,True,False
G11,8,1,page9-46,1,0,page5-64,False,False
G11,8,1,page9-46,1,2,page5-64,False,False
G11,9,1,page3-35,1,0,page3-35,True,False
G11,9,1,page3-35,1,2,page3-193,False,False
G11,10,1,page-B,1,0,page5-142,False,False
G11,10,1,page-B,1,2,page-B,True,False
G11,11,1,page7-255,1,0,page7-255,True,False
G11,11,1,page7-255,1,2,page5-63,False,False
G11,12,2,page9-46,2,0,page9-46,True,False
G11,12,2,page9-46,2,1,page5-64,False,False
G11,13,2,page7-107,2,0,page7-107,True,False
G11,13,2,page7-107,2,1,page7-107,True,False
G11,14,2,page7-255,2,0,page7-255,True,False
G11,14,2,page7-255,2,1,page4-15,False,False
G11,15,2,page-B,2,0,page-B,True,False
G11,15,2,page-B,2,1,page-B,True,False
G11,16,2,page5-28,2,0,page5-28,True,False
G11,16,2,page5-28,2,1,page5-28,True,False
G11,17,2,page3-35,2,0,page3-35,True,False
G11,17,2,page3-35,2,1,page3-35,True,False
G11,18,3,page3-35,0,1,page6-149,False,False
G11,18,3,page3-35,0,2,page3-35,True,False
G11,19,3,page5-28,0,1,page9-46,False,False
G11,19,3,page5-28,0,2,page3-121,False,False
G11,20,3,page7-255,0,1,page7-255,True,False
G11,20,3,page7-255,0,2,page7-255,True,False
G11,21,3,page9-46,0,1,page5-64,False,False
G11,21,3,page9-46,0,2,page9-46,True,False
G11,22,3,page-B,0,1,page4-15,False,False
G11,22,3,page-B,0,2,page-B,True,False
G11,23,3,page7-107,0,1,page7-107,True,False
G11,23,3,page7-107,0,2,page7-107,True,False
G11,24,4,page9-46,1,0,page9-46,True,False
G11,24,4,page9-46,1,2,page5-64,False,False
G11,25,4,page7-255,1,0,page7-255,True,False
G11,25,4,page7-255,1,2,page7-255,True,False
G11,26,4,page7-107,1,0,page7-107,True,False
G11,26,4,page7-107,1,2,page7-107,True,False
G11,27,4,page-B,1,0,page4-15,False,False
G11,27,4,page-B,1,2,page3-193,False,False
G11,28,4,page5-28,1,0,page5-28,True,False
G11,28,4,page5-28,1,2,page5-28,True,False
G11,29,4,page3-35,1,0,page3-35,True,False
G11,29,4,page3-35,1,2,page3-35,True,False
G11,30,5,page5-28,2,0,page5-28,True,False
G11,30,5,page5-28,2,1,page5-28,True,False
G11,31,5,page7-255,2,0,page7-255,True,False
G11,31,5,page7-255,2,1,page7-255,True,False
G11,32,5,page3-35,2,0,page3-35,True,False
G11,32,5,page3-35,2,1,page3-35,True,False
G11,33,5,page-B,2,0,page-B,True,False
G11,33,5,page-B,2,1,page-B,True,False
G11,34,5,page9-46,2,0,page9-46,True,False
G11,34,5,page9-46,2,1,page9-46,True,False
G11,35,5,page7-107,2,0,page7-107,True,False
G11,35,5,page7-107,2,1,page4-15,False,False
G12,0,0,page3-35,0,1,page7-107,False,False
G12,0,0,page3-35,0,2,page7-26,False,False
G12,1,0,page5-28,0,1,page7-255,False,False
G12,1,0,page5-28,0,2,page9-7,False,False
G12,2,0,page7-255,0,1,page5-142,False,False
G12,2,0,page7-255,0,2,page-B,False,False
G12,3,0,page7-107,0,1,page-B,False,False
G12,3,0,page7-107,0,2,page-B,False,False
G12,4,0,page-B,0,1,page9-46,False,False
G12,4,0,page-B,0,2,page7-26,False,False
G12,5,0,page9-46,0,1,page6-149,False,False
G12,5,0,page9-46,0,2,page5-63,False,False
G12,6,1,page5-28,1,0,page5-28,True,False
G12,6,1,page5-28,1,2,page5-28,True,False
G12,7,1,page7-255,1,0,page4-157,False,False
G12,7,1,page7-255,1,2,page4-157,False,False
G12,8,1,page3-35,1,0,page5-63,False,False
G12,8,1,page3-35,1,2,page3-121,False,False
G12,9,1,page7-107,1,0,page7-107,True,False
G12,9,1,page7-107,1,2,page7-107,True,False
G12,10,1,page9-46,1,0,page9-46,True,False
G12,10,1,page9-46,1,2,page9-46,True,False
G12,11,1,page-B,1,0,page-B,True,False
G12,11,1,page-B,1,2,page4-15,False,False
G12,12,2,page-B,2,0,page6-149,False,False
G12,12,2,page-B,2,1,page3-193,False,False
G12,13,2,page7-255,2,0,page6-149,False,False
G12,13,2,page7-255,2,1,page4-157,False,False
G12,14,2,page5-28,2,0,page5-28,True,False
G12,14,2,page5-28,2,1,page7-255,False,False
G12,15,2,page3-35,2,0,page7-26,False,False
G12,15,2,page3-35,2,1,page3-35,True,False
G12,16,2,page9-46,2,0,page9-46,True,False
G12,16,2,page9-46,2,1,page9-46,True,False
G12,17,2,page7-107,2,0,page7-107,True,False
G12,17,2,page7-107,2,1,page7-26,False,False
G12,18,3,page7-255,0,1,page7-255,True,False
G12,18,3,page7-255,0,2,page7-255,True,False
G12,19,3,page5-28,0,1,page9-7,False,False
G12,19,3,page5-28,0,2,page5-28,True,False
G12,20,3,page3-35,0,1,page3-121,False,False
G12,20,3,page3-35,0,2,page9-7,False,False
G12,21,3,page9-46,0,1,page5-64,False,False
G12,21,3,page9-46,0,2,page9-46,True,False
G12,22,3,page7-107,0,1,page7-107,True,False
G12,22,3,page7-107,0,2,page7-107,True,False
G12,23,3,page-B,0,1,page-B,True,False
G12,23,3,page-B,0,2,page-B,True,False
G12,24,4,page5-28,1,0,page6-149,False,False
G12,24,4,page5-28,1,2,page5-28,True,False
G12,25,4,page7-255,1,0,page7-255,True,False
G12,25,4,page7-255,1,2,page4-15,False,False
G12,26,4,page9-46,1,0,page9-46,True,False
G12,26,4,page9-46,1,2,page5-63,False,False
G12,27,4,page3-35,1,0,page9-7,False,False
G12,27,4,page3-35,1,2,page3-35,True,False
G12,28,4,page-B,1,0,page-B,True,False
G12,28,4,page-B,1,2,page-B,True,False
G12,29,4,page7-107,1,0,page7-107,True,False
G12,29,4,page7-107,1,2,page7-107,True,False
G12,30,5,page3-35,2,0,page9-7,False,False
G12,30,5,page3-35,2,1,page3-35,True,False
G12,31,5,page9-46,2,0,page9-46,True,False
G12,31,5,page9-46,2,1,page9-46,True,False
G12,32,5,page7-255,2,0,page7-255,True,False
G12,32,5,page7-255,2,1,page7-255,True,False
G12,33,5,page5-28,2,0,page5-28,True,False
G12,33,5,page5-28,2,1,page5-28,True,False
G12,34,5,page-B,2,0,page-B,True,False
G12,34,5,page-B,2,1,page3-193,False,False
G12,35,5,page7-107,2,0,page7-107,True,False
G12,35,5,page7-107,2,1,page7-107,True,False
G13,0,0,page-B,0,1,page7-26,False,False
G13,0,0,page-B,0,2,page-B,True,False
G13,1,0,page7-255,0,1,page5-64,False,False
G13,1,0,page7-255,0,2,page5-142,False,False
G13,2,0,page9-46,0,1,page5-142,False,False
G13,2,0,page9-46,0,2,page5-28,False,False
G13,3,0,page3-35,0,1,page9-7,False,False
G13,3,0,page3-35,0,2,page5-142,False,False
G13,4,0,page5-28,0,1,page3-121,False,False
G13,4,0,page5-28,0,2,page3-193,False,False
G13,5,0,page7-107,0,1,page3-193,False,False
G13,5,0,page7-107,0,2,page3-121,False,False
G13,6,1,page3-35,1,0,page9-7,False,False
G13,6,1,page3-35,1,2,page3-35,True,False
G13,7,1,page5-28,1,0,page3-121,False,False
G13,7,1,page5-28,1,2,page5-28,True,False
G13,8,1,page7-255,1,0,page7-255,True,False
G13,8,1,page7-255,1,2,page7-255,True,False
G13,9,1,page-B,1,0,page4-157,False,False
G13,9,1,page-B,1,2,page-B,True,False
G13,10,1,page7-107,1,0,page4-15,False,False
G13,10,1,page7-107,1,2,page5-64,False,False
G13,11,1,page9-46,1,0,page9-46,True,False
G13,11,1,page9-46,1,2,page9-46,True,False
G13,12,2,page-B,2,0,page-B,True,False
G13,12,2,page-B,2,1,page-B,True,False
G13,13,2,page7-255,2,0,page7-255,True,False
G13,13,2,page7-255,2,1,page7-255,True,False
G13,14,2,page7-107,2,0,page5-64,False,False
G13,14,2,page7-107,2,1,page4-15,False,False
G13,15,2,page9-46,2,0,page6-149,False,False
G13,15,2,page9-46,2,1,page9-46,True,False
G13,16,2,page3-35,2,0,page6-149,False,False
G13,16,2,page3-35,2,1,page3-35,True,False
G13,17,2,page5-28,2,0,page5-28,True,False
G13,17,2,page5-28,2,1,page5-64,False,False
G13,18,3,page-B,0,1,page-B,True,False
G13,18,3,page-B,0,2,page-B,True,False
G13,19,3,page7-255,0,1,page7-255,True,False
G13,19,3,page7-255,0,2,page7-255,True,False
G13,20,3,page3-35,0,1,page3-35,True,False
G13,20,3,page3-35,0,2,page3-35,True,False
G13,21,3,page7-107,0,1,page4-15,False,False
G13,21,3,page7-107,0,2,page7-107,True,False
G13,22,3,page9-46,0,1,page9-46,True,False
G13,22,3,page9-46,0,2,page9-46,True,False
G13,23,3,page5-28,0,1,page5-28,True,False
G13,23,3,page5-28,0,2,page5-28,True,False
G13,24,4,page-B,1,0,page-B,True,False
G13,24,4,page-B,1,2,page-B,True,False
G13,25,4,page9-46,1,0,page9-46,True,False
G13,25,4,page9-46,1,2,page9-46,True,False
G13,26,4,page3-35,1,0,page3-35,True,False
G13,26,4,page3-35,1,2,page3-35,True,False
G13,27,4,page5-28,1,0,page5-28,True,False
G13,27,4,page5-28,1,2,page5-28,True,False
G13,28,4,page7-255,1,0,page7-255,True,False
G13,28,4,page7-255,1,2,page7-255,True,False
G13,29,4,page7-107,1,0,page7-107,True,False
G13,29,4,page7-107,1,2,page7-107,True,False
G13,30,5,page9-46,2,0,page6-149,False,False
G13,30,5,page9-46,2,1,page9-46,True,False
G13,31,5,page7-107,2,0,page7-107,True,False
G13,31,5,page7-107,2,1,page7-107,True,False
G13,32,5,page7-255,2,0,page7-255,True,False
G13,32,5,page7-255,2,1,page7-255,True,False
G13,33,5,page3-35,2,0,page5-142,False,False
G13,33,5,page3-35,2,1,page3-35,True,False
G13,34,5,page-B,2,0,page-B,True,False
G13,34,5,page-B,2,1,page4-157,False,False
G13,35,5,page5-28,2,0,page5-28,True,False
G13,35,5,page5-28,2,1,page3-121,False,False
G14,0,0,page7-255,0,1,page4-157,False,False
G14,0,0,page7-255,0,2,page3-121,False,False
G14,1,0,page7-107,0,1,page9-46,False,False
G14,1,0,page7-107,0,2,page5-64,False,False
G14,2,0,page5-28,0,1,page4-157,False,False
G14,2,0,page5-28,0,2,page5-63,False,False
G14,3,0,page3-35,0,1,page3-193,False,False
G14,3,0,page3-35,0,2,page3-193,False,False
G14,4,0,page-B,0,1,page4-157,False,False
G14,4,0,page-B,0,2,page9-7,False,False
G14,5,0,page9-46,0,1,page7-26,False,False
G14,5,0,page9-46,0,2,page3-121,False,False
G14,6,1,page9-46,1,0,page9-46,True,False
G14,6,1,page9-46,1,2,page9-7,False,False
G14,7,1,page7-107,1,0,page5-63,False,False
G14,7,1,page7-107,1,2,page5-64,False,False
G14,8,1,page3-35,1,0,page3-35,True,False
G14,8,1,page3-35,1,2,page3-35,True,False
G14,9,1,page7-255,1,0,page5-64,False,False
G14,9,1,page7-255,1,2,page7-255,True,False
G14,10,1,page5-28,1,0,page5-28,True,False
G14,10,1,page5-28,1,2,page5-28,True,False
G14,11,1,page-B,1,0,page7-26,False,False
G14,11,1,page-B,1,2,page3-193,False,False
G14,12,2,page9-46,2,0,page9-46,True,False
G14,12,2,page9-46,2,1,page9-46,True,False
G14,13,2,page7-107,2,0,page5-64,False,False
G14,13,2,page7-107,2,1,page7-107,True,False
G14,14,2,page-B,2,0,page-B,True,False
G14,14,2,page-B,2,1,page-B,True,False
G14,15,2,page7-255,2,0,page7-255,True,False
G14,15,2,page7-255,2,1,page7-255,True,False
G14,16,2,page5-28,2,0,page5-28,True,False
G14,16,2,page5-28,2,1,page5-28,True,False
G14,17,2,page3-35,2,0,page3-35,True,False
G14,17,2,page3-35,2,1,page3-35,True,False
G14,18,3,page7-107,0,1,page7-107,True,False
G14,18,3,page7-107,0,2,page6-149,False,False
G14,19,3,page9-46,0,1,page9-46,True,False
G14,19,3,page9-46,0,2,page9-46,True,False
G14,20,3,page5-28,0,1,page5-28,True,False
G14,20,3,page5-28,0,2,page3-193,False,False
G14,21,3,page7-255,0,1,page7-255,True,False
G14,21,3,page7-255,0,2,page9-7,False,False
G14,22,3,page-B,0,1,page-B,True,False
G14,22,3,page-B,0,2,page-B,True,False
G14,23,3,page3-35,0,1,page3-35,True,False
G14,23,3,page3-35,0,2,page5-142,False,False
G14,24,4,page3-35,1,0,page5-142,False,False
G14,24,4,page3-35,1,2,page5-142,False,False
G14,25,4,page7-255,1,0,page7-255,True,False
G14,25,4,page7-255,1,2,page9-7,False,False
G14,26,4,page9-46,1,0,page9-46,True,False
G14,26,4,page9-46,1,2,page9-46,True,False
G14,27,4,page-B,1,0,page-B,True,False
G14,27,4,page-B,1,2,page3-193,False,False
G14,28,4,page5-28,1,0,page5-28,True,False
G14,28,4,page5-28,1,2,page5-28,True,False
G14,29,4,page7-107,1,0,page7-107,True,False
G14,29,4,page7-107,1,2,page7-107,True,False
G14,30,5,page9-46,2,0,page9-46,True,False
G14,30,5,page9-46,2,1,page9-46,True,False
G14,31,5,page7-255,2,0,page7-26,False,False
G14,31,5,page7-255,2,1,page7-255,True,False
G14,32,5,page5-28,2,0,page5-28,True,False
G14,32,5,page5-28,2,1,page5-28,True,False
G14,33,5,page-B,2,0,page-B,True,False
G14,33,5,page-B,2,1,page-B,True,False
G14,34,5,page7-107,2,0,page7-107,True,False
G14,34,5,page7-107,2,1,page7-107,True,False
G14,35,5,page3-35,2,0,page5-142,False,False
G14,35,5,page3-35,2,1,page5-142,False,False
G15,0,0,page5-28,0,1,page5-28,True,False
G15,0,0,page5-28,0,2,page7-255,False,False
G15,1,0,page7-255,0,1,page4-15,False,False
G15,1,0,page7-255,0,2,page-B,False,False
G15,2,0,page3-35,0,1,page4-157,False,False
G15,2,0,page3-35,0,2,page5-142,False,False
G15,3,0,page-B,0,1,page7-107,False,False
G15,3,0,page-B,0,2,page9-7,False,False
G15,4,0,page9-46,0,1,page9-7,False,False
G15,4,0,page9-46,0,2,page4-15,False,False
G15,5,0,page7-107,0,1,page7-26,False,False
G15,5,0,page7-107,0,2,page4-157,False,False
G15,6,1,page5-28,1,0,page5-64,False,False
G15,6,1,page5-28,1,2,page3-193,False,False
G15,7,1,page9-46,1,0,page3-193,False,False
G15,7,1,page9-46,1,2,page9-46,True,False
G15,8,1,page7-255,1,0,page4-15,False,False
G15,8,1,page7-255,1,2,page3-193,False,False
G15,9,1,page3-35,1,0,page3-35,True,False
G15,9,1,page3-35,1,2,page5-142,False,False
G15,10,1,page7-107,1,0,page7-107,True,False
G15,10,1,page7-107,1,2,page3-121,False,False
G15,11,1,page-B,1,0,page-B,True,False
G15,11,1,page-B,1,2,page7-26,False,False
G15,12,2,page7-107,2,0,page7-107,True,False
G15,12,2,page7-107,2,1,page7-107,True,False
G15,13,2,page-B,2,0,page-B,True,False
G15,13,2,page-B,2,1,page-B,True,False
G15,14,2,page9-46,2,0,page9-46,True,False
G15,14,2,page9-46,2,1,page9-46,True,False
G15,15,2,page5-28,2,0,page5-63,False,False
G15,15,2,page5-28,2,1,page5-28,True,False
G15,16,2,page3-35,2,0,page3-35,True,False
G15,16,2,page3-35,2,1,page3-35,True,False
G15,17,2,page7-255,2,0,page7-255,True,False
G15,17,2,page7-255,2,1,page7-255,True,False
G15,18,3,page5-28,0,1,page5-28,True,False
G15,18,3,page5-28,0,2,page5-28,True,False
G15,19,3,page3-35,0,1,page3-35,True,False
G15,19,3,page3-35,0,2,page3-35,True,False
G15,20,3,page9-46,0,1,page9-46,True,False
G15,20,3,page9-46,0,2,page9-46,True,False
G15,21,3,page7-255,0,1,page7-255,True,False
G15,21,3,page7-255,0,2,page4-157,False,False
G15,22,3,page7-107,0,1,page7-107,True,False
G15,22,3,page7-107,0,2,page7-107,True,False
G15,23,3,page-B,0,1,page-B,True,False
G15,23,3,page-B,0,2,page-B,True,False
G15,24,4,page7-255,1,0,page7-255,True,False
G15,24,4,page7-255,1,2,page7-255,True,False
G15,25,4,page7-107,1,0,page7-107,True,False
G15,25,4,page7-107,1,2,page7-107,True,False
G15,26,4,page9-46,1,0,page9-7,False,False
G15,26,4,page9-46,1,2,page9-46,True,False
G15,27,4,page3-35,1,0,page3-35,True,False
G15,27,4,page3-35,1,2,page3-35,True,False
G15,28,4,page-B,1,0,page-B,True,False
G15,28,4,page-B,1,2,page-B,True,False
G15,29,4,page5-28,1,0,page5-28,True,False
G15,29,4,page5-28,1,2,page5-28,True,False
G15,30,5,page3-35,2,0,page3-35,True,False
G15,30,5,page3-35,2,1,page3-35,True,False
G15,31,5,page5-28,2,0,page5-28,True,False
G15,31,5,page5-28,2,1,page5-28,True,False
G15,32,5,page-B,2,0,page7-107,False,False
G15,32,5,page-B,2,1,page-B,True,False
G15,33,5,page9-46,2,0,page3-193,False,False
G15,33,5,page9-46,2,1,page9-46,True,False
G15,34,5,page7-107,2,0,page7-107,True,False
G15,34,5,page7-107,2,1,page7-107,True,False
G15,35,5,page7-255,2,0,page7-255,True,False
G15,35,5,page7-255,2,1,page7-255,True,False
G16,0,0,page7-107,0,1,page5-28,False,False
G16,0,0,page7-107,0,2,page-B,False,False
G16,1,0,page5-28,0,1,page-B,False,False
G16,1,0,page5-28,0,2,page9-7,False,False
G16,2,0,page3-35,0,1,page7-26,False,False
G16,2,0,page3-35,0,2,page9-7,False,False
G16,3,0,page7-255,0,1,page3-121,False,False
G16,3,0,page7-255,0,2,page4-15,False,False
G16,4,0,page9-46,0,1,page5-142,False,False
G16,4,0,page9-46,0,2,page9-7,False,False
G16,5,0,page-B,0,1,page3-121,False,False
G16,5,0,page-B,0,2,page3-121,False,False
G16,6,1,page3-35,1,0,page9-7,False,False
G16,6,1,page3-35,1,2,page5-142,False,False
G16,7,1,page9-46,1,0,page9-46,True,False
G16,7,1,page9-46,1,2,page9-46,True,False
G16,8,1,page5-28,1,0,page5-28,True,False
G16,8,1,page5-28,1,2,page4-157,False,False
G16,9,1,page7-107,1,0,page7-107,True,False
G16,9,1,page7-107,1,2,page7-107,True,False
G16,10,1,page7-255,1,0,page7-255,True,False
G16,10,1,page7-255,1,2,page5-63,False,False
G16,11,1,page-B,1,0,page3-121,False,False
G16,11,1,page-B,1,2,page3-121,False,False
G16,12,2,page-B,2,0,page-B,True,False
G16,12,2,page-B,2,1,page-B,True,False
G16,13,2,page9-46,2,0,page9-46,True,False
G16,13,2,page9-46,2,1,page4-157,False,False
G16,14,2,page7-255,2,0,page7-26,False,False
G16,14,2,page7-255,2,1,page7-255,True,False
G16,15,2,page7-107,2,0,page4-157,False,False
G16,15,2,page7-107,2,1,page5-142,False,False
G16,16,2,page5-28,2,0,page5-28,True,False
G16,16,2,page5-28,2,1,page5-28,True,False
G16,17,2,page3-35,2,0,page3-35,True,False
G16,17,2,page3-35,2,1,page3-35,True,False
G16,18,3,page3-35,0,1,page3-35,True,False
G16,18,3,page3-35,0,2,page3-35,True,False
G16,19,3,page-B,0,1,page-B,True,False
G16,19,3,page-B,0,2,page6-149,False,False
G16,20,3,page7-255,0,1,page7-255,True,False
G16,20,3,page7-255,0,2,page5-63,False,False
G16,21,3,page7-107,0,1,page7-107,True,False
G16,21,3,page7-107,0,2,page6-149,False,False
G16,22,3,page9-46,0,1,page9-46,True,False
G16,22,3,page9-46,0,2,page9-46,True,False
G16,23,3,page5-28,0,1,page5-28,True,False
G16,23,3,page5-28,0,2,page5-64,False,False
G16,24,4,page9-46,1,0,page9-46,True,False
G16,24,4,page9-46,1,2,page5-64,False,False
G16,25,4,page5-28,1,0,page5-63,False,False
G16,25,4,page5-28,1,2,page5-142,False,False
G16,26,4,page-B,1,0,page7-26,False,False
G16,26,4,page-B,1,2,page-B,True,False
G16,27,4,page7-255,1,0,page7-255,True,False
G16,27,4,page7-255,1,2,page7-255,True,False
G16,28,4,page3-35,1,0,page3-35,True,False
G16,28,4,page3-35,1,2,page9-7,False,False
G16,29,4,page7-107,1,0,page7-107,True,False
G16,29,4,page7-107,1,2,page7-107,True,False
G16,30,5,page7-255,2,0,page7-255,True,False
G16,30,5,page7-255,2,1,page3-193,False,False
G16,31,5,page9-46,2,0,page4-15,False,False
G16,31,5,page9-46,2,1,page5-142,False,False
G16,32,5,page-B,2,0,page5-64,False,False
G16,32,5,page-B,2,1,page-B,True,False
G16,33,5,page3-35,2,0,page3-35,True,False
G16,33,5,page3-35,2,1,page3-35,True,False
G16,34,5,page5-28,2,0,page3-35,False,False
G16,34,5,page5-28,2,1,page5-28,True,False
G16,35,5,page7-107,2,0,page9-46,False,False
G16,35,5,page7-107,2,1,page7-107,True,False
G17,0,0,page5-28,0,1,page3-121,False,False
G17,0,0,page5-28,0,2,page3-121,False,False
G17,1,0,page9-46,0,1,page7-255,False,False
G17,1,0,page9-46,0,2,page7-26,False,False
G17,2,0,page3-35,0,1,page3-35,True,False
G17,2,0,page3-35,0,2,page6-149,False,False
G17,3,0,page7-255,0,1,page4-157,False,False
G17,3,0,page7-255,0,2,page4-157,False,False
G17,4,0,page7-107,0,1,page5-63,False,False
G17,4,0,page7-107,0,2,page-B,False,False
G17,5,0,page-B,0,1,page9-7,False,False
G17,5,0,page-B,0,2,page5-142,False,False
G17,6,1,page7-255,1,0,page4-15,False,False
G17,6,1,page7-255,1,2,page4-157,False,False
G17,7,1,page-B,1,0,page9-7,False,False
G17,7,1,page-B,1,2,page-B,True,False
G17,8,1,page7-107,1,0,page7-107,True,False
G17,8,1,page7-107,1,2,page5-63,False,False
G17,9,1,page9-46,1,0,page5-63,False,False
G17,9,1,page9-46,1,2,page5-63,False,False
G17,10,1,page3-35,1,0,page3-35,True,False
G17,10,1,page3-35,1,2,page3-35,True,False
G17,11,1,page5-28,1,0,page3-193,False,False
G17,11,1,page5-28,1,2,page3-121,False,False
G17,12,2,page3-35,2,0,page3-35,True,False
G17,12,2,page3-35,2,1,page3-35,True,False
G17,13,2,page7-107,2,0,page7-107,True,False
G17,13,2,page7-107,2,1,page4-15,False,False
G17,14,2,page7-255,2,0,page7-255,True,False
G17,14,2,page7-255,2,1,page7-255,True,False
G17,15,2,page9-46,2,0,page9-46,True,False
G17,15,2,page9-46,2,1,page9-46,True,False
G17,16,2,page5-28,2,0,page5-28,True,False
G17,16,2,page5-28,2,1,page3-121,False,False
G17,17,2,page-B,2,0,page-B,True,False
G17,17,2,page-B,2,1,page7-107,False,False
G17,18,3,page7-255,0,1,page4-157,False,False
G17,18,3,page7-255,0,2,page4-15,False,False
G17,19,3,page9-46,0,1,page5-63,False,False
G17,19,3,page9-46,0,2,page7-26,False,False
G17,20,3,page-B,0,1,page9-7,False,False
G17,20,3,page-B,0,2,page-B,True,False
G17,21,3,page5-28,0,1,page5-28,True,False
G17,21,3,page5-28,0,2,page5-28,True,False
G17,22,3,page7-107,0,1,page5-63,False,False
G17,22,3,page7-107,0,2,page7-107,True,False
G17,23,3,page3-35,0,1,page3-35,True,False
G17,23,3,page3-35,0,2,page3-35,True,False
G17,24,4,page-B,1,0,page-B,True,False
G17,24,4,page-B,1,2,page-B,True,False
G17,25,4,page7-255,1,0,page7-255,True,False
G17,25,4,page7-255,1,2,page7-255,True,False
G17,26,4,page7-107,1,0,page7-107,True,False
G17,26,4,page7-107,1,2,page7-107,True,False
G17,27,4,page3-35,1,0,page3-35,True,False
G17,27,4,page3-35,1,2,page3-35,True,False
G17,28,4,page9-46,1,0,page5-142,False,False
G17,28,4,page9-46,1,2,page5-63,False,False
G17,29,4,page5-28,1,0,page9-7,False,False
G17,29,4,page5-28,1,2,page5-28,True,False
G17,30,5,page7-255,2,0,page7-26,False,False
G17,30,5,page7-255,2,1,page4-157,False,False
G17,31,5,page3-35,2,0,page3-35,True,False
G17,31,5,page3-35,2,1,page3-35,True,False
G17,32,5,page5-28,2,0,page3-121,False,False
G17,32,5,page5-28,2,1,page5-28,True,False
G17,33,5,page-B,2,0,page-B,True,False
G17,33,5,page-B,2,1,page9-7,False,False
G17,34,5,page7-107,2,0,page7-107,True,False
G17,34,5,page7-107,2,1,page7-107,True,False
G17,35,5,page9-46,2,0,page5-142,False,False
G17,35,5,page9-46,2,1,page9-46,True,False
G18,0,0,page-B,0,1,page9-46,False,False
G18,0,0,page-B,0,2,page4-157,False,False
G18,1,0,page7-107,0,1,page4-15,False,False
G18,1,0,page7-107,0,2,page3-35,False,False
G18,2,0,page9-46,0,1,page3-121,False,False
G18,2,0,page9-46,0,2,page5-142,False,False
G18,3,0,page5-28,0,1,page9-7,False,False
G18,3,0,page5-28,0,2,page-B,False,False
G18,4,0,page7-255,0,1,page-B,False,False
G18,4,0,page7-255,0,2,page3-193,False,False
G18,5,0,page3-35,0,1,page4-15,False,False
G18,5,0,page3-35,0,2,page5-63,False,False
G18,6,1,page9-46,1,0,page9-46,True,False
G18,6,1,page9-46,1,2,page7-26,False,False
G18,7,1,page5-28,1,0,page5-28,True,False
G18,7,1,page5-28,1,2,page4-157,False,False
G18,8,1,page-B,1,0,page5-63,False,False
G18,8,1,page-B,1,2,page4-157,False,False
G18,9,1,page3-35,1,0,page5-142,False,False
G18,9,1,page3-35,1,2,page5-63,False,False
G18,10,1,page7-255,1,0,page6-149,False,False
G18,10,1,page7-255,1,2,page5-64,False,False
G18,11,1,page7-107,1,0,page7-107,True,False
G18,11,1,page7-107,1,2,page7-107,True,False
G18,12,2,page5-28,2,0,page5-28,True,False
G18,12,2,page5-28,2,1,page5-28,True,False
G18,13,2,page9-46,2,0,page9-46,True,False
G18,13,2,page9-46,2,1,page9-46,True,False
G18,14,2,page7-107,2,0,page7-107,True,False
G18,14,2,page7-107,2,1,page7-107,True,False
G18,15,2,page-B,2,0,page-B,True,False
G18,15,2,page-B,2,1,page-B,True,False
G18,16,2,page7-255,2,0,page7-26,False,False
G18,16,2,page7-255,2,1,page7-255,True,False
G18,17,2,page3-35,2,0,page3-35,True,False
G18,17,2,page3-35,2,1,page5-64,False,False
G18,18,3,page7-255,0,1,page7-255,True,False
G18,18,3,page7-255,0,2,page7-255,True,False
G18,19,3,page9-46,0,1,page9-46,True,False
G18,19,3,page9-46,0,2,page9-46,True,False
G18,20,3,page3-35,0,1,page3-35,True,False
G18,20,3,page3-35,0,2,page3-35,True,False
G18,21,3,page7-107,0,1,page7-107,True,False
G18,21,3,page7-107,0,2,page9-7,False,False
G18,22,3,page5-28,0,1,page5-28,True,False
G18,22,3,page5-28,0,2,page5-28,True,False
G18,23,3,page-B,0,1,page-B,True,False
G18,23,3,page-B,0,2,page-B,True,False
G18,24,4,page7-255,1,0,page7-255,True,False
G18,24,4,page7-255,1,2,page4-157,False,False
G18,25,4,page-B,1,0,page-B,True,False
G18,25,4,page-B,1,2,page-B,True,False
G18,26,4,page7-107,1,0,page7-107,True,False
G18,26,4,page7-107,1,2,page7-107,True,False
G18,27,4,page5-28,1,0,page9-46,False,False
G18,27,4,page5-28,1,2,page5-28,True,False
G18,28,4,page9-46,1,0,page9-46,True,False
G18,28,4,page9-46,1,2,page3-121,False,False
G18,29,4,page3-35,1,0,page3-35,True,False
G18,29,4,page3-35,1,2,page9-7,False,False
G18,30,5,page5-28,2,0,page3-193,False,False
G18,30,5,page5-28,2,1,page4-15,False,False
G18,31,5,page9-46,2,0,page3-193,False,False
G18,31,5,page9-46,2,1,page9-46,True,False
G18,32,5,page3-35,2,0,page3-35,True,False
G18,32,5,page3-35,2,1,page3-35,True,False
G18,33,5,page-B,2,0,page-B,True,False
G18,33,5,page-B,2,1,page-B,True,False
G18,34,5,page7-255,2,0,page7-255,True,False
G18,34,5,page7-255,2,1,page7-255,True,False
G18,35,5,page7-107,2,0,page3-193,False,False
G18,35,5,page7-107,2,1,page7-107,True,False
G19,0,0,page5-28,0,1,page5-142,False,False
G19,0,0,page5-28,0,2,page5-64,False,False
G19,1,0,page9-46,0,1,page9-46,True,False
G19,1,0,page9-46,0,2,page4-157,False,False
G19,2,0,page3-35,0,1,page7-107,False,False
G19,2,0,page3-35,0,2,page7-255,False,False
G19,3,0,page-B,0,1,page5-64,False,False
G19,3,0,page-B,0,2,page4-15,False,False
G19,4,0,page7-255,0,1,page7-255,True,False
G19,4,0,page7-255,0,2,page7-107,False,False
G19,5,0,page7-107,0,1,page9-7,False,False
G19,5,0,page7-107,0,2,page7-26,False,False
G19,6,1,page5-28,1,0,page6-149,False,False
G19,6,1,page5-28,1,2,page3-121,False,False
G19,7,1,page3-35,1,0,page3-35,True,False
G19,7,1,page3-35,1,2,page3-121,False,False
G19,8,1,page-B,1,0,page3-121,False,False
G19,8,1,page-B,1,2,page-B,True,False
G19,9,1,page9-46,1,0,page4-157,False,False
G19,9,1,page9-46,1,2,page5-142,False,False
G19,10,1,page7-107,1,0,page7-107,True,False
G19,10,1,page7-107,1,2,page7-107,True,False
G19,11,1,page7-255,1,0,page5-63,False,False
G19,11,1,page7-255,1,2,page7-255,True,False
G19,12,2,page9-46,2,0,page9-46,True,False
G19,12,2,page9-46,2,1,page9-46,True,False
G19,13,2,page-B,2,0,page-B,True,False
G19,13,2,page-B,2,1,page-B,True,False
G19,14,2,page3-35,2,0,page3-35,True,False
G19,14,2,page3-35,2,1,page3-35,True,False
G19,15,2,page7-107,2,0,page7-107,True,False
G19,15,2,page7-107,2,1,page7-107,True,False
G19,16,2,page7-255,2,0,page9-7,False,False
G19,16,2,page7-255,2,1,page4-15,False,False
G19,17,2,page5-28,2,0,page5-28,True,False
G19,17,2,page5-28,2,1,page4-157,False,False
G19,18,3,page7-107,0,1,page7-107,True,False
G19,18,3,page7-107,0,2,page3-121,False,False
G19,19,3,page9-46,0,1,page5-64,False,False
G19,19,3,page9-46,0,2,page9-46,True,False
G19,20,3,page7-255,0,1,page7-255,True,False
G19,20,3,page7-255,0,2,page7-255,True,False
G19,21,3,page-B,0,1,page-B,True,False
G19,21,3,page-B,0,2,page4-15,False,False
G19,22,3,page5-28,0,1,page5-28,True,False
G19,22,3,page5-28,0,2,page5-28,True,False
G19,23,3,page3-35,0,1,page3-35,True,False
G19,23,3,page3-35,0,2,page5-63,False,False
G19,24,4,page9-46,1,0,page9-46,True,False
G19,24,4,page9-46,1,2,page9-46,True,False
G19,25,4,page-B,1,0,page-B,True,False
G19,25,4,page-B,1,2,page-B,True,False
G19,26,4,page7-255,1,0,page7-255,True,False
G19,26,4,page7-255,1,2,page7-255,True,False
G19,27,4,page3-35,1,0,page3-35,True,False
G19,27,4,page3-35,1,2,page3-35,True,False
G19,28,4,page7-107,1,0,page3-193,False,False
G19,28,4,page7-107,1,2,page7-107,True,False
G19,29,4,page5-28,1,0,page5-28,True,False
G19,29,4,page5-28,1,2,page5-28,True,False
G19,30,5,page5-28,2,0,page5-142,False,False
G19,30,5,page5-28,2,1,page5-142,False,False
G19,31,5,page9-46,2,0,page5-64,False,False
G19,31,5,page9-46,2,1,page9-46,True,False
G19,32,5,page-B,2,0,page-B,True,False
G19,32,5,page-B,2,1,page5-64,False,False
G19,33,5,page3-35,2,0,page3-35,True,False
G19,33,5,page3-35,2,1,page3-35,True,False
G19,34,5,page7-107,2,0,page7-107,True,False
G19,34,5,page7-107,2,1,page7-107,True,False
G19,35,5,page7-255,2,0,page7-255,True,False
G19,35,5,page7-255,2,1,page7-255,True,False
G20,0,0,page7-107,0,1,page9-46,False,False
G20,0,0,page7-107,0,2,page5-142,False,False
G20,1,0,page5-28,0,1,page3-35,False,False
G20,1,0,page5-28,0,2,page9-7,False,False
G20,2,0,page-B,0,1,page5-64,False,False
G20,2,0,page-B,0,2,page4-15,False,False
G20,3,0,page9-46,0,1,page5-142,False,False
G20,3,0,page9-46,0,2,page7-255,False,False
G20,4,0,page7-255,0,1,page4-157,False,False
G20,4,0,page7-255,0,2,page7-107,False,False
G20,5,0,page3-35,0,1,page5-64,False,False
G20,5,0,page3-35,0,2,page4-15,False,False
G20,6,1,page7-107,1,0,page5-142,False,False
G20,6,1,page7-107,1,2,page7-26,False,False
G20,7,1,page3-35,1,0,page5-64,False,False
G20,7,1,page3-35,1,2,page3-121,False,False
G20,8,1,page5-28,1,0,page5-142,False,False
G20,8,1,page5-28,1,2,page5-28,True,False
G20,9,1,page7-255,1,0,page4-157,False,False
G20,9,1,page7-255,1,2,page5-64,False,False
G20,10,1,page-B,1,0,page5-64,False,False
G20,10,1,page-B,1,2,page5-63,False,False
G20,11,1,page9-46,1,0,page5-142,False,False
G20,11,1,page9-46,1,2,page9-46,True,False
G20,12,2,page3-35,2,0,page3-35,True,False
G20,12,2,page3-35,2,1,page5-63,False,False
G20,13,2,page9-46,2,0,page9-46,True,False
G20,13,2,page9-46,2,1,page9-46,True,False
G20,14,2,page7-255,2,0,page7-255,True,False
G20,14,2,page7-255,2,1,page7-255,True,False
G20,15,2,page5-28,2,0,page5-28,True,False
G20,15,2,page5-28,2,1,page5-28,True,False
G20,16,2,page-B,2,0,page5-64,False,False
G20,16,2,page-B,2,1,page3-121,False,False
G20,17,2,page7-107,2,0,page6-149,False,False
G20,17,2,page7-107,2,1,page7-107,True,False
G20,18,3,page7-107,0,1,page7-107,True,False
G20,18,3,page7-107,0,2,page3-193,False,False
G20,19,3,page-B,0,1,page5-64,False,False
G20,19,3,page-B,0,2,page5-63,False,False
G20,20,3,page7-255,0,1,page7-255,True,False
G20,20,3,page7-255,0,2,page7-255,True,False
G20,21,3,page5-28,0,1,page5-28,True,False
G20,21,3,page5-28,0,2,page3-193,False,False
G20,22,3,page9-46,0,1,page9-46,True,False
G20,22,3,page9-46,0,2,page9-46,True,False
G20,23,3,page3-35,0,1,page5-63,False,False
G20,23,3,page3-35,0,2,page4-15,False,False
G20,24,4,page7-255,1,0,page7-255,True,False
G20,24,4,page7-255,1,2,page7-255,True,False
G20,25,4,page-B,1,0,page5-63,False,False
G20,25,4,page-B,1,2,page3-193,False,False
G20,26,4,page9-46,1,0,page5-142,False,False
G20,26,4,page9-46,1,2,page9-46,True,False
G20,27,4,page5-28,1,0,page5-28,True,False
G20,27,4,page5-28,1,2,page5-28,True,False
G20,28,4,page7-107,1,0,page6-149,False,False
G20,28,4,page7-107,1,2,page7-107,True,False
G20,29,4,page3-35,1,0,page3-35,True,False
G20,29,4,page3-35,1,2,page3-35,True,False
G20,30,5,page9-46,2,0,page7-26,False,False
G20,30,5,page9-46,2,1,page9-46,True,False
G20,31,5,page3-35,2,0,page3-35,True,False
G20,31,5,page3-35,2,1,page3-35,True,False
G20,32,5,page7-107,2,0,page7-107,True,False
G20,32,5,page7-107,2,1,page7-107,True,False
G20,33,5,page-B,2,0,page5-64,False,False
G20,33,5,page-B,2,1,page5-63,False,False
G20,34,5,page5-28,2,0,page5-28,True,False
G20,34,5,page5-28,2,1,page5-28,True,False
G20,35,5,page7-255,2,0,page7-255,True,False
G20,35,5,page7-255,2,1,page7-255,True,False
