gameId,playerId,originalGroup,target,blockNum,phase,phaseNum,repNum,simAdjacent
01KJN6MMPQTMDYRN709968YFN1,01KJN78B0TFR8F59JDGD057XNS,A,page-B,0.0,refgame,1.0,1.0,
01KJN6MMPQTMDYRN709968YFN1,01KJN791EPN054R2NTQQ1BFXJ5,A,page-B,1.0,refgame,1.0,1.0,0.383963942527771
01KJN6MMPQTMDYRN709968YFN1,01KJN78JVY5FN5QXW9XGGE72RG,A,page-B,2.0,refgame,1.0,1.0,0.6404236555099487
01KJN6MMPQTMDYRN709968YFN1,01KJN78B0TFR8F59JDGD057XNS,A,page-B,3.0,refgame,1.0,2.0,0.1568809151649475
01KJN6MMPQTMDYRN709968YFN1,01KJN791EPN054R2NTQQ1BFXJ5,A,page-B,4.0,refgame,1.0,2.0,0.6461703181266785
01KJN6MMPQTMDYRN709968YFN1,01KJN78JVY5FN5QXW9XGGE72RG,A,page-B,5.0,refgame,1.0,2.0,1.0
01KJN6MMPQTMDYRN709968YFN1,01KJN78B0TFR8F59JDGD057XNS,A,page-B,0.0,refgame,2.0,1.0,
01KJN6MMPQTMDYRN709968YFN1,01KJN791EPN054R2NTQQ1BFXJ5,A,page-B,1.0,refgame,2.0,1.0,0.3717406094074249
01KJN6MMPQTMDYRN709968YFN1,01KJN78JVY5FN5QXW9XGGE72RG,A,page-B,2.0,refgame,2.0,1.0,0.610428512096405
01KJN6MMPQTMDYRN709968YFN1,01KJN78B0TFR8F59JDGD057XNS,A,page-B,3.0,refgame,2.0,2.0,0.255611777305603
01KJN6MMPQTMDYRN709968YFN1,01KJN791EPN054R2NTQQ1BFXJ5,A,page-B,4.0,refgame,2.0,2.0,0.5895884037017822
01KJN6MMPQTMDYRN709968YFN1,01KJN78JVY5FN5QXW9XGGE72RG,A,page-B,5.0,refgame,2.0,2.0,0.6073279976844788
01KJN6MMPQTMDYRN709968YFN1,01KJN78B0TFR8F59JDGD057XNS,A,page3-35,0.0,refgame,1.0,1.0,
01KJN6MMPQTMDYRN709968YFN1,01KJN791EPN054R2NTQQ1BFXJ5,A,page3-35,1.0,refgame,1.0,1.0,0.38280004262924194
01KJN6MMPQTMDYRN709968YFN1,01KJN78JVY5FN5QXW9XGGE72RG,A,page3-35,2.0,refgame,1.0,1.0,0.308186799287796
01KJN6MMPQTMDYRN709968YFN1,01KJN78B0TFR8F59JDGD057XNS,A,page3-35,3.0,refgame,1.0,2.0,0.5157219171524048
01KJN6MMPQTMDYRN709968YFN1,01KJN791EPN054R2NTQQ1BFXJ5,A,page3-35,4.0,refgame,1.0,2.0,0.7314990162849426
01KJN6MMPQTMDYRN709968YFN1,01KJN78JVY5FN5QXW9XGGE72RG,A,page3-35,5.0,refgame,1.0,2.0,0.7418917417526245
01KJN6MMPQTMDYRN709968YFN1,01KJN78B0TFR8F59JDGD057XNS,A,page3-35,0.0,refgame,2.0,1.0,
01KJN6MMPQTMDYRN709968YFN1,01KJN791EPN054R2NTQQ1BFXJ5,A,page3-35,1.0,refgame,2.0,1.0,0.6809955835342407
01KJN6MMPQTMDYRN709968YFN1,01KJN78JVY5FN5QXW9XGGE72RG,A,page3-35,2.0,refgame,2.0,1.0,0.6916611790657043
01KJN6MMPQTMDYRN709968YFN1,01KJN78B0TFR8F59JDGD057XNS,A,page3-35,3.0,refgame,2.0,2.0,0.5444239974021912
01KJN6MMPQTMDYRN709968YFN1,01KJN791EPN054R2NTQQ1BFXJ5,A,page3-35,4.0,refgame,2.0,2.0,0.8041712045669556
01KJN6MMPQTMDYRN709968YFN1,01KJN78JVY5FN5QXW9XGGE72RG,A,page3-35,5.0,refgame,2.0,2.0,0.6838882565498352
01KJN6MMPQTMDYRN709968YFN1,01KJN78B0TFR8F59JDGD057XNS,A,page5-28,0.0,refgame,1.0,1.0,
01KJN6MMPQTMDYRN709968YFN1,01KJN791EPN054R2NTQQ1BFXJ5,A,page5-28,1.0,refgame,1.0,1.0,0.6953933238983154
01KJN6MMPQTMDYRN709968YFN1,01KJN78JVY5FN5QXW9XGGE72RG,A,page5-28,2.0,refgame,1.0,1.0,0.7655642628669739
01KJN6MMPQTMDYRN709968YFN1,01KJN78B0TFR8F59JDGD057XNS,A,page5-28,3.0,refgame,1.0,2.0,0.9178156852722168
01KJN6MMPQTMDYRN709968YFN1,01KJN791EPN054R2NTQQ1BFXJ5,A,page5-28,4.0,refgame,1.0,2.0,0.9041862487792969
01KJN6MMPQTMDYRN709968YFN1,01KJN78JVY5FN5QXW9XGGE72RG,A,page5-28,5.0,refgame,1.0,2.0,0.9856859445571899
01KJN6MMPQTMDYRN709968YFN1,01KJN78B0TFR8F59JDGD057XNS,A,page5-28,0.0,refgame,2.0,1.0,
01KJN6MMPQTMDYRN709968YFN1,01KJN791EPN054R2NTQQ1BFXJ5,A,page5-28,1.0,refgame,2.0,1.0,0.8608446717262268
01KJN6MMPQTMDYRN709968YFN1,01KJN78JVY5FN5QXW9XGGE72RG,A,page5-28,2.0,refgame,2.0,1.0,0.8103888630867004
01KJN6MMPQTMDYRN709968YFN1,01KJN78B0TFR8F59JDGD057XNS,A,page5-28,3.0,refgame,2.0,2.0,0.8062264323234558
01KJN6MMPQTMDYRN709968YFN1,01KJN791EPN054R2NTQQ1BFXJ5,A,page5-28,4.0,refgame,2.0,2.0,0.8062264323234558
01KJN6MMPQTMDYRN709968YFN1,01KJN78JVY5FN5QXW9XGGE72RG,A,page5-28,5.0,refgame,2.0,2.0,1.0
01KJN6MMPQTMDYRN709968YFN1,01KJN78B0TFR8F59JDGD057XNS,A,page7-107,0.0,refgame,1.0,1.0,
01KJN6MMPQTMDYRN709968YFN1,01KJN791EPN054R2NTQQ1BFXJ5,A,page7-107,1.0,refgame,1.0,1.0,0.8278357982635498
01KJN6MMPQTMDYRN709968YFN1,01KJN78JVY5FN5QXW9XGGE72RG,A,page7-107,2.0,refgame,1.0,1.0,0.6321688294410706
01KJN6MMPQTMDYRN709968YFN1,01KJN78B0TFR8F59JDGD057XNS,A,page7-107,3.0,refgame,1.0,2.0,0.7555444240570068
01KJN6MMPQTMDYRN709968YFN1,01KJN791EPN054R2NTQQ1BFXJ5,A,page7-107,4.0,refgame,1.0,2.0,0.9428485631942749
01KJN6MMPQTMDYRN709968YFN1,01KJN78JVY5FN5QXW9XGGE72RG,A,page7-107,5.0,refgame,1.0,2.0,0.7602548599243164
01KJN6MMPQTMDYRN709968YFN1,01KJN78B0TFR8F59JDGD057XNS,A,page7-107,0.0,refgame,2.0,1.0,
01KJN6MMPQTMDYRN709968YFN1,01KJN791EPN054R2NTQQ1BFXJ5,A,page7-107,1.0,refgame,2.0,1.0,0.8964447975158691
01KJN6MMPQTMDYRN709968YFN1,01KJN78JVY5FN5QXW9XGGE72RG,A,page7-107,2.0,refgame,2.0,1.0,0.6914982795715332
01KJN6MMPQTMDYRN709968YFN1,01KJN78B0TFR8F59JDGD057XNS,A,page7-107,3.0,refgame,2.0,2.0,0.6421762108802795
01KJN6MMPQTMDYRN709968YFN1,01KJN78JVY5FN5QXW9XGGE72RG,A,page7-107,5.0,refgame,2.0,2.0,0.6020599603652954
01KJN6MMPQTMDYRN709968YFN1,01KJN78B0TFR8F59JDGD057XNS,A,page7-255,0.0,refgame,1.0,1.0,
01KJN6MMPQTMDYRN709968YFN1,01KJN791EPN054R2NTQQ1BFXJ5,A,page7-255,1.0,refgame,1.0,1.0,0.6040743589401245
01KJN6MMPQTMDYRN709968YFN1,01KJN78JVY5FN5QXW9XGGE72RG,A,page7-255,2.0,refgame,1.0,1.0,0.6033759117126465
01KJN6MMPQTMDYRN709968YFN1,01KJN78B0TFR8F59JDGD057XNS,A,page7-255,3.0,refgame,1.0,2.0,0.6239364147186279
01KJN6MMPQTMDYRN709968YFN1,01KJN791EPN054R2NTQQ1BFXJ5,A,page7-255,4.0,refgame,1.0,2.0,0.813101053237915
01KJN6MMPQTMDYRN709968YFN1,01KJN78JVY5FN5QXW9XGGE72RG,A,page7-255,5.0,refgame,1.0,2.0,0.8430424332618713
01KJN6MMPQTMDYRN709968YFN1,01KJN78B0TFR8F59JDGD057XNS,A,page7-255,0.0,refgame,2.0,1.0,
01KJN6MMPQTMDYRN709968YFN1,01KJN791EPN054R2NTQQ1BFXJ5,A,page7-255,1.0,refgame,2.0,1.0,0.6768761873245239
01KJN6MMPQTMDYRN709968YFN1,01KJN78JVY5FN5QXW9XGGE72RG,A,page7-255,2.0,refgame,2.0,1.0,0.45843034982681274
01KJN6MMPQTMDYRN709968YFN1,01KJN78B0TFR8F59JDGD057XNS,A,page7-255,3.0,refgame,2.0,2.0,0.3744046092033386
01KJN6MMPQTMDYRN709968YFN1,01KJN791EPN054R2NTQQ1BFXJ5,A,page7-255,4.0,refgame,2.0,2.0,0.28270649909973145
01KJN6MMPQTMDYRN709968YFN1,01KJN78JVY5FN5QXW9XGGE72RG,A,page7-255,5.0,refgame,2.0,2.0,0.5249334573745728
01KJN6MMPQTMDYRN709968YFN1,01KJN78B0TFR8F59JDGD057XNS,A,page9-46,0.0,refgame,1.0,1.0,
01KJN6MMPQTMDYRN709968YFN1,01KJN791EPN054R2NTQQ1BFXJ5,A,page9-46,1.0,refgame,1.0,1.0,0.7281948924064636
01KJN6MMPQTMDYRN709968YFN1,01KJN78JVY5FN5QXW9XGGE72RG,A,page9-46,2.0,refgame,1.0,1.0,0.5637683868408203
01KJN6MMPQTMDYRN709968YFN1,01KJN78B0TFR8F59JDGD057XNS,A,page9-46,3.0,refgame,1.0,2.0,0.7834389805793762
01KJN6MMPQTMDYRN709968YFN1,01KJN791EPN054R2NTQQ1BFXJ5,A,page9-46,4.0,refgame,1.0,2.0,0.7149410247802734
01KJN6MMPQTMDYRN709968YFN1,01KJN78JVY5FN5QXW9XGGE72RG,A,page9-46,5.0,refgame,1.0,2.0,0.631069540977478
01KJN6MMPQTMDYRN709968YFN1,01KJN78B0TFR8F59JDGD057XNS,A,page9-46,0.0,refgame,2.0,1.0,
01KJN6MMPQTMDYRN709968YFN1,01KJN791EPN054R2NTQQ1BFXJ5,A,page9-46,1.0,refgame,2.0,1.0,0.6674461364746094
01KJN6MMPQTMDYRN709968YFN1,01KJN78JVY5FN5QXW9XGGE72RG,A,page9-46,2.0,refgame,2.0,1.0,0.6088221073150635
01KJN6MMPQTMDYRN709968YFN1,01KJN78B0TFR8F59JDGD057XNS,A,page9-46,3.0,refgame,2.0,2.0,0.8335639238357544
01KJN6MMPQTMDYRN709968YFN1,01KJN791EPN054R2NTQQ1BFXJ5,A,page9-46,4.0,refgame,2.0,2.0,0.8129147887229919
01KJN6MMPQTMDYRN709968YFN1,01KJN78JVY5FN5QXW9XGGE72RG,A,page9-46,5.0,refgame,2.0,2.0,0.9130709767341614
01KJN6MMPQTMDYRN709968YFN1,01KJN788SPAKVVBHX9T9FDQWAF,B,page-B,1.0,refgame,1.0,1.0,
01KJN6MMPQTMDYRN709968YFN1,01KJN78CQJ3KY7VMGAR6F3D4S0,B,page-B,2.0,refgame,1.0,1.0,0.5615304112434387
01KJN6MMPQTMDYRN709968YFN1,01KJN79Y7T0VZNKHTSJRZWTDZ5,B,page-B,3.0,refgame,1.0,2.0,0.7704386711120605
01KJN6MMPQTMDYRN709968YFN1,01KJN788SPAKVVBHX9T9FDQWAF,B,page-B,4.0,refgame,1.0,2.0,0.8164536356925964
01KJN6MMPQTMDYRN709968YFN1,01KJN78CQJ3KY7VMGAR6F3D4S0,B,page-B,5.0,refgame,1.0,2.0,0.9425531625747681
01KJN6MMPQTMDYRN709968YFN1,01KJN79Y7T0VZNKHTSJRZWTDZ5,B,page-B,0.0,refgame,2.0,1.0,
01KJN6MMPQTMDYRN709968YFN1,01KJN788SPAKVVBHX9T9FDQWAF,B,page-B,1.0,refgame,2.0,1.0,0.5679944753646851
01KJN6MMPQTMDYRN709968YFN1,01KJN79Y7T0VZNKHTSJRZWTDZ5,B,page-B,3.0,refgame,2.0,2.0,0.5679944753646851
01KJN6MMPQTMDYRN709968YFN1,01KJN788SPAKVVBHX9T9FDQWAF,B,page-B,4.0,refgame,2.0,2.0,0.8000342845916748
01KJN6MMPQTMDYRN709968YFN1,01KJN78CQJ3KY7VMGAR6F3D4S0,B,page-B,5.0,refgame,2.0,2.0,0.8000342845916748
01KJN6MMPQTMDYRN709968YFN1,01KJN79Y7T0VZNKHTSJRZWTDZ5,B,page3-35,0.0,refgame,1.0,1.0,
01KJN6MMPQTMDYRN709968YFN1,01KJN788SPAKVVBHX9T9FDQWAF,B,page3-35,1.0,refgame,1.0,1.0,0.5223968029022217
01KJN6MMPQTMDYRN709968YFN1,01KJN78CQJ3KY7VMGAR6F3D4S0,B,page3-35,2.0,refgame,1.0,1.0,1.0000001192092896
01KJN6MMPQTMDYRN709968YFN1,01KJN79Y7T0VZNKHTSJRZWTDZ5,B,page3-35,3.0,refgame,1.0,2.0,1.0000001192092896
01KJN6MMPQTMDYRN709968YFN1,01KJN788SPAKVVBHX9T9FDQWAF,B,page3-35,4.0,refgame,1.0,2.0,1.0000001192092896
01KJN6MMPQTMDYRN709968YFN1,01KJN78CQJ3KY7VMGAR6F3D4S0,B,page3-35,5.0,refgame,1.0,2.0,1.0000001192092896
01KJN6MMPQTMDYRN709968YFN1,01KJN79Y7T0VZNKHTSJRZWTDZ5,B,page3-35,0.0,refgame,2.0,1.0,
01KJN6MMPQTMDYRN709968YFN1,01KJN788SPAKVVBHX9T9FDQWAF,B,page3-35,1.0,refgame,2.0,1.0,1.0000001192092896
01KJN6MMPQTMDYRN709968YFN1,01KJN78CQJ3KY7VMGAR6F3D4S0,B,page3-35,2.0,refgame,2.0,1.0,1.0000001192092896
01KJN6MMPQTMDYRN709968YFN1,01KJN79Y7T0VZNKHTSJRZWTDZ5,B,page3-35,3.0,refgame,2.0,2.0,1.0000001192092896
01KJN6MMPQTMDYRN709968YFN1,01KJN788SPAKVVBHX9T9FDQWAF,B,page3-35,4.0,refgame,2.0,2.0,1.0000001192092896
01KJN6MMPQTMDYRN709968YFN1,01KJN78CQJ3KY7VMGAR6F3D4S0,B,page3-35,5.0,refgame,2.0,2.0,1.0000001192092896
01KJN6MMPQTMDYRN709968YFN1,01KJN79Y7T0VZNKHTSJRZWTDZ5,B,page5-28,0.0,refgame,1.0,1.0,
01KJN6MMPQTMDYRN709968YFN1,01KJN788SPAKVVBHX9T9FDQWAF,B,page5-28,1.0,refgame,1.0,1.0,0.6780036687850952
01KJN6MMPQTMDYRN709968YFN1,01KJN78CQJ3KY7VMGAR6F3D4S0,B,page5-28,2.0,refgame,1.0,1.0,0.4757119417190552
01KJN6MMPQTMDYRN709968YFN1,01KJN79Y7T0VZNKHTSJRZWTDZ5,B,page5-28,3.0,refgame,1.0,2.0,0.3868815302848816
01KJN6MMPQTMDYRN709968YFN1,01KJN788SPAKVVBHX9T9FDQWAF,B,page5-28,4.0,refgame,1.0,2.0,0.8144910335540771
01KJN6MMPQTMDYRN709968YFN1,01KJN78CQJ3KY7VMGAR6F3D4S0,B,page5-28,5.0,refgame,1.0,2.0,0.9116294980049133
01KJN6MMPQTMDYRN709968YFN1,01KJN79Y7T0VZNKHTSJRZWTDZ5,B,page5-28,0.0,refgame,2.0,1.0,
01KJN6MMPQTMDYRN709968YFN1,01KJN788SPAKVVBHX9T9FDQWAF,B,page5-28,1.0,refgame,2.0,1.0,0.18499833345413208
01KJN6MMPQTMDYRN709968YFN1,01KJN78CQJ3KY7VMGAR6F3D4S0,B,page5-28,2.0,refgame,2.0,1.0,0.15302127599716187
01KJN6MMPQTMDYRN709968YFN1,01KJN79Y7T0VZNKHTSJRZWTDZ5,B,page5-28,3.0,refgame,2.0,2.0,0.1886633336544037
01KJN6MMPQTMDYRN709968YFN1,01KJN788SPAKVVBHX9T9FDQWAF,B,page5-28,4.0,refgame,2.0,2.0,1.0
01KJN6MMPQTMDYRN709968YFN1,01KJN78CQJ3KY7VMGAR6F3D4S0,B,page5-28,5.0,refgame,2.0,2.0,0.7944974899291992
01KJN6MMPQTMDYRN709968YFN1,01KJN79Y7T0VZNKHTSJRZWTDZ5,B,page7-107,0.0,refgame,1.0,1.0,
01KJN6MMPQTMDYRN709968YFN1,01KJN788SPAKVVBHX9T9FDQWAF,B,page7-107,1.0,refgame,1.0,1.0,0.5765848159790039
01KJN6MMPQTMDYRN709968YFN1,01KJN78CQJ3KY7VMGAR6F3D4S0,B,page7-107,2.0,refgame,1.0,1.0,0.5820639133453369
01KJN6MMPQTMDYRN709968YFN1,01KJN79Y7T0VZNKHTSJRZWTDZ5,B,page7-107,3.0,refgame,1.0,2.0,0.4626612067222595
01KJN6MMPQTMDYRN709968YFN1,01KJN788SPAKVVBHX9T9FDQWAF,B,page7-107,4.0,refgame,1.0,2.0,0.4874885678291321
01KJN6MMPQTMDYRN709968YFN1,01KJN78CQJ3KY7VMGAR6F3D4S0,B,page7-107,5.0,refgame,1.0,2.0,0.8645842671394348
01KJN6MMPQTMDYRN709968YFN1,01KJN79Y7T0VZNKHTSJRZWTDZ5,B,page7-107,0.0,refgame,2.0,1.0,
01KJN6MMPQTMDYRN709968YFN1,01KJN788SPAKVVBHX9T9FDQWAF,B,page7-107,1.0,refgame,2.0,1.0,0.2931126654148102
01KJN6MMPQTMDYRN709968YFN1,01KJN78CQJ3KY7VMGAR6F3D4S0,B,page7-107,2.0,refgame,2.0,1.0,0.6834497451782227
01KJN6MMPQTMDYRN709968YFN1,01KJN79Y7T0VZNKHTSJRZWTDZ5,B,page7-107,3.0,refgame,2.0,2.0,0.9506400227546692
01KJN6MMPQTMDYRN709968YFN1,01KJN788SPAKVVBHX9T9FDQWAF,B,page7-107,4.0,refgame,2.0,2.0,0.6835609078407288
01KJN6MMPQTMDYRN709968YFN1,01KJN78CQJ3KY7VMGAR6F3D4S0,B,page7-107,5.0,refgame,2.0,2.0,0.7877598404884338
01KJN6MMPQTMDYRN709968YFN1,01KJN79Y7T0VZNKHTSJRZWTDZ5,B,page7-255,0.0,refgame,1.0,1.0,
01KJN6MMPQTMDYRN709968YFN1,01KJN788SPAKVVBHX9T9FDQWAF,B,page7-255,1.0,refgame,1.0,1.0,0.4245232939720154
01KJN6MMPQTMDYRN709968YFN1,01KJN78CQJ3KY7VMGAR6F3D4S0,B,page7-255,2.0,refgame,1.0,1.0,0.567422091960907
01KJN6MMPQTMDYRN709968YFN1,01KJN79Y7T0VZNKHTSJRZWTDZ5,B,page7-255,3.0,refgame,1.0,2.0,0.6905755400657654
01KJN6MMPQTMDYRN709968YFN1,01KJN788SPAKVVBHX9T9FDQWAF,B,page7-255,4.0,refgame,1.0,2.0,1.000000238418579
01KJN6MMPQTMDYRN709968YFN1,01KJN78CQJ3KY7VMGAR6F3D4S0,B,page7-255,5.0,refgame,1.0,2.0,1.000000238418579
01KJN6MMPQTMDYRN709968YFN1,01KJN79Y7T0VZNKHTSJRZWTDZ5,B,page7-255,0.0,refgame,2.0,1.0,
01KJN6MMPQTMDYRN709968YFN1,01KJN788SPAKVVBHX9T9FDQWAF,B,page7-255,1.0,refgame,2.0,1.0,1.000000238418579
01KJN6MMPQTMDYRN709968YFN1,01KJN78CQJ3KY7VMGAR6F3D4S0,B,page7-255,2.0,refgame,2.0,1.0,1.000000238418579
01KJN6MMPQTMDYRN709968YFN1,01KJN79Y7T0VZNKHTSJRZWTDZ5,B,page7-255,3.0,refgame,2.0,2.0,1.000000238418579
01KJN6MMPQTMDYRN709968YFN1,01KJN788SPAKVVBHX9T9FDQWAF,B,page7-255,4.0,refgame,2.0,2.0,1.000000238418579
01KJN6MMPQTMDYRN709968YFN1,01KJN78CQJ3KY7VMGAR6F3D4S0,B,page7-255,5.0,refgame,2.0,2.0,1.000000238418579
01KJN6MMPQTMDYRN709968YFN1,01KJN79Y7T0VZNKHTSJRZWTDZ5,B,page9-46,0.0,refgame,1.0,1.0,
01KJN6MMPQTMDYRN709968YFN1,01KJN788SPAKVVBHX9T9FDQWAF,B,page9-46,1.0,refgame,1.0,1.0,0.6752804517745972
01KJN6MMPQTMDYRN709968YFN1,01KJN78CQJ3KY7VMGAR6F3D4S0,B,page9-46,2.0,refgame,1.0,1.0,0.7623392939567566
01KJN6MMPQTMDYRN709968YFN1,01KJN79Y7T0VZNKHTSJRZWTDZ5,B,page9-46,3.0,refgame,1.0,2.0,0.7348050475120544
01KJN6MMPQTMDYRN709968YFN1,01KJN788SPAKVVBHX9T9FDQWAF,B,page9-46,4.0,refgame,1.0,2.0,0.7801042795181274
01KJN6MMPQTMDYRN709968YFN1,01KJN78CQJ3KY7VMGAR6F3D4S0,B,page9-46,5.0,refgame,1.0,2.0,0.8409631848335266
01KJN6MMPQTMDYRN709968YFN1,01KJN79Y7T0VZNKHTSJRZWTDZ5,B,page9-46,0.0,refgame,2.0,1.0,
01KJN6MMPQTMDYRN709968YFN1,01KJN788SPAKVVBHX9T9FDQWAF,B,page9-46,1.0,refgame,2.0,1.0,0.7225277423858643
01KJN6MMPQTMDYRN709968YFN1,01KJN78CQJ3KY7VMGAR6F3D4S0,B,page9-46,2.0,refgame,2.0,1.0,0.8615351915359497
01KJN6MMPQTMDYRN709968YFN1,01KJN79Y7T0VZNKHTSJRZWTDZ5,B,page9-46,3.0,refgame,2.0,2.0,0.6759322881698608
01KJN6MMPQTMDYRN709968YFN1,01KJN788SPAKVVBHX9T9FDQWAF,B,page9-46,4.0,refgame,2.0,2.0,0.6420201063156128
01KJN6MMPQTMDYRN709968YFN1,01KJN78CQJ3KY7VMGAR6F3D4S0,B,page9-46,5.0,refgame,2.0,2.0,0.8477140665054321
01KJN6MMPQTMDYRN709968YFN1,01KJN78M7563R5D9TQE5G142DA,C,page-B,0.0,refgame,1.0,1.0,
01KJN6MMPQTMDYRN709968YFN1,01KJN796KT7FCNV2F9QNCQDSES,C,page-B,1.0,refgame,1.0,1.0,0.16367273032665253
01KJN6MMPQTMDYRN709968YFN1,01KJN79ZDP3YNFFHHQA302PJDP,C,page-B,2.0,refgame,1.0,1.0,0.2792801260948181
01KJN6MMPQTMDYRN709968YFN1,01KJN796KT7FCNV2F9QNCQDSES,C,page-B,4.0,refgame,1.0,2.0,0.3669847249984741
01KJN6MMPQTMDYRN709968YFN1,01KJN79ZDP3YNFFHHQA302PJDP,C,page-B,5.0,refgame,1.0,2.0,0.36523112654685974
01KJN6MMPQTMDYRN709968YFN1,01KJN78M7563R5D9TQE5G142DA,C,page3-35,0.0,refgame,1.0,1.0,
01KJN6MMPQTMDYRN709968YFN1,01KJN796KT7FCNV2F9QNCQDSES,C,page3-35,1.0,refgame,1.0,1.0,0.4732186794281006
01KJN6MMPQTMDYRN709968YFN1,01KJN79ZDP3YNFFHHQA302PJDP,C,page3-35,2.0,refgame,1.0,1.0,0.6704840064048767
01KJN6MMPQTMDYRN709968YFN1,01KJN78M7563R5D9TQE5G142DA,C,page3-35,3.0,refgame,1.0,2.0,0.6233415007591248
01KJN6MMPQTMDYRN709968YFN1,01KJN796KT7FCNV2F9QNCQDSES,C,page3-35,4.0,refgame,1.0,2.0,0.5872944593429565
01KJN6MMPQTMDYRN709968YFN1,01KJN79ZDP3YNFFHHQA302PJDP,C,page3-35,5.0,refgame,1.0,2.0,0.6201788783073425
01KJN6MMPQTMDYRN709968YFN1,01KJN796KT7FCNV2F9QNCQDSES,C,page5-28,1.0,refgame,1.0,1.0,
01KJN6MMPQTMDYRN709968YFN1,01KJN79ZDP3YNFFHHQA302PJDP,C,page5-28,2.0,refgame,1.0,1.0,0.805584192276001
01KJN6MMPQTMDYRN709968YFN1,01KJN78M7563R5D9TQE5G142DA,C,page5-28,3.0,refgame,1.0,2.0,0.6647224426269531
01KJN6MMPQTMDYRN709968YFN1,01KJN796KT7FCNV2F9QNCQDSES,C,page5-28,4.0,refgame,1.0,2.0,0.6940507888793945
01KJN6MMPQTMDYRN709968YFN1,01KJN79ZDP3YNFFHHQA302PJDP,C,page5-28,5.0,refgame,1.0,2.0,0.8628747463226318
01KJN6MMPQTMDYRN709968YFN1,01KJN796KT7FCNV2F9QNCQDSES,C,page7-107,1.0,refgame,1.0,1.0,
01KJN6MMPQTMDYRN709968YFN1,01KJN79ZDP3YNFFHHQA302PJDP,C,page7-107,2.0,refgame,1.0,1.0,0.6293432712554932
01KJN6MMPQTMDYRN709968YFN1,01KJN78M7563R5D9TQE5G142DA,C,page7-107,3.0,refgame,1.0,2.0,0.24753807485103607
01KJN6MMPQTMDYRN709968YFN1,01KJN796KT7FCNV2F9QNCQDSES,C,page7-107,4.0,refgame,1.0,2.0,0.2099684774875641
01KJN6MMPQTMDYRN709968YFN1,01KJN79ZDP3YNFFHHQA302PJDP,C,page7-107,5.0,refgame,1.0,2.0,0.7903650999069214
01KJN6MMPQTMDYRN709968YFN1,01KJN78M7563R5D9TQE5G142DA,C,page7-255,0.0,refgame,1.0,1.0,
01KJN6MMPQTMDYRN709968YFN1,01KJN796KT7FCNV2F9QNCQDSES,C,page7-255,1.0,refgame,1.0,1.0,0.2780700623989105
01KJN6MMPQTMDYRN709968YFN1,01KJN79ZDP3YNFFHHQA302PJDP,C,page7-255,2.0,refgame,1.0,1.0,0.34872525930404663
01KJN6MMPQTMDYRN709968YFN1,01KJN78M7563R5D9TQE5G142DA,C,page7-255,3.0,refgame,1.0,2.0,0.1893572211265564
01KJN6MMPQTMDYRN709968YFN1,01KJN796KT7FCNV2F9QNCQDSES,C,page7-255,4.0,refgame,1.0,2.0,0.8560007810592651
01KJN6MMPQTMDYRN709968YFN1,01KJN79ZDP3YNFFHHQA302PJDP,C,page7-255,5.0,refgame,1.0,2.0,0.23187300562858582
01KJN6MMPQTMDYRN709968YFN1,01KJN78M7563R5D9TQE5G142DA,C,page9-46,0.0,refgame,1.0,1.0,
01KJN6MMPQTMDYRN709968YFN1,01KJN796KT7FCNV2F9QNCQDSES,C,page9-46,1.0,refgame,1.0,1.0,0.3955325186252594
01KJN6MMPQTMDYRN709968YFN1,01KJN79ZDP3YNFFHHQA302PJDP,C,page9-46,2.0,refgame,1.0,1.0,0.5395738482475281
01KJN6MMPQTMDYRN709968YFN1,01KJN78M7563R5D9TQE5G142DA,C,page9-46,3.0,refgame,1.0,2.0,0.28671079874038696
01KJN6MMPQTMDYRN709968YFN1,01KJN796KT7FCNV2F9QNCQDSES,C,page9-46,4.0,refgame,1.0,2.0,0.40387701988220215
01KJN6MMPQTMDYRN709968YFN1,01KJN79ZDP3YNFFHHQA302PJDP,C,page9-46,5.0,refgame,1.0,2.0,0.5703495144844055
01KJN6MMPQTMDYRN709DP5DSDA,01KJN79PCAAMFX7P2QF70Y3HJM,A,page-B,0.0,refgame,1.0,1.0,
01KJN6MMPQTMDYRN709DP5DSDA,01KJN79ZRTRDMY6RH8ZCYCM9NV,A,page-B,1.0,refgame,1.0,1.0,0.6217875480651855
01KJN6MMPQTMDYRN709DP5DSDA,01KJN7B32C1C5254NSG6ZK1GRK,A,page-B,2.0,refgame,1.0,1.0,0.6850783824920654
01KJN6MMPQTMDYRN709DP5DSDA,01KJN79PCAAMFX7P2QF70Y3HJM,A,page-B,3.0,refgame,1.0,2.0,0.9469227194786072
01KJN6MMPQTMDYRN709DP5DSDA,01KJN79ZRTRDMY6RH8ZCYCM9NV,A,page-B,4.0,refgame,1.0,2.0,0.8334217071533203
01KJN6MMPQTMDYRN709DP5DSDA,01KJN7B32C1C5254NSG6ZK1GRK,A,page-B,5.0,refgame,1.0,2.0,0.8121698498725891
01KJN6MMPQTMDYRN709DP5DSDA,01KJN79PCAAMFX7P2QF70Y3HJM,A,page-B,0.0,refgame,2.0,1.0,
01KJN6MMPQTMDYRN709DP5DSDA,01KJN79ZRTRDMY6RH8ZCYCM9NV,A,page-B,1.0,refgame,2.0,1.0,0.41305041313171387
01KJN6MMPQTMDYRN709DP5DSDA,01KJN7B32C1C5254NSG6ZK1GRK,A,page-B,2.0,refgame,2.0,1.0,1.0
01KJN6MMPQTMDYRN709DP5DSDA,01KJN79PCAAMFX7P2QF70Y3HJM,A,page-B,3.0,refgame,2.0,2.0,1.0
01KJN6MMPQTMDYRN709DP5DSDA,01KJN79ZRTRDMY6RH8ZCYCM9NV,A,page-B,4.0,refgame,2.0,2.0,1.0
01KJN6MMPQTMDYRN709DP5DSDA,01KJN7B32C1C5254NSG6ZK1GRK,A,page-B,5.0,refgame,2.0,2.0,1.0
01KJN6MMPQTMDYRN709DP5DSDA,01KJN79PCAAMFX7P2QF70Y3HJM,A,page3-35,0.0,refgame,1.0,1.0,
01KJN6MMPQTMDYRN709DP5DSDA,01KJN79ZRTRDMY6RH8ZCYCM9NV,A,page3-35,1.0,refgame,1.0,1.0,0.6409269571304321
01KJN6MMPQTMDYRN709DP5DSDA,01KJN7B32C1C5254NSG6ZK1GRK,A,page3-35,2.0,refgame,1.0,1.0,0.5601931214332581
01KJN6MMPQTMDYRN709DP5DSDA,01KJN79PCAAMFX7P2QF70Y3HJM,A,page3-35,3.0,refgame,1.0,2.0,0.8554167747497559
01KJN6MMPQTMDYRN709DP5DSDA,01KJN79ZRTRDMY6RH8ZCYCM9NV,A,page3-35,4.0,refgame,1.0,2.0,0.5950781106948853
01KJN6MMPQTMDYRN709DP5DSDA,01KJN7B32C1C5254NSG6ZK1GRK,A,page3-35,5.0,refgame,1.0,2.0,0.5950781106948853
01KJN6MMPQTMDYRN709DP5DSDA,01KJN79PCAAMFX7P2QF70Y3HJM,A,page3-35,0.0,refgame,2.0,1.0,
01KJN6MMPQTMDYRN709DP5DSDA,01KJN79ZRTRDMY6RH8ZCYCM9NV,A,page3-35,1.0,refgame,2.0,1.0,0.5605597496032715
01KJN6MMPQTMDYRN709DP5DSDA,01KJN7B32C1C5254NSG6ZK1GRK,A,page3-35,2.0,refgame,2.0,1.0,1.0000001192092896
01KJN6MMPQTMDYRN709DP5DSDA,01KJN79PCAAMFX7P2QF70Y3HJM,A,page3-35,3.0,refgame,2.0,2.0,0.5605597496032715
01KJN6MMPQTMDYRN709DP5DSDA,01KJN79ZRTRDMY6RH8ZCYCM9NV,A,page3-35,4.0,refgame,2.0,2.0,0.5768685340881348
01KJN6MMPQTMDYRN709DP5DSDA,01KJN7B32C1C5254NSG6ZK1GRK,A,page3-35,5.0,refgame,2.0,2.0,0.5950781106948853
01KJN6MMPQTMDYRN709DP5DSDA,01KJN79PCAAMFX7P2QF70Y3HJM,A,page5-28,0.0,refgame,1.0,1.0,
01KJN6MMPQTMDYRN709DP5DSDA,01KJN79ZRTRDMY6RH8ZCYCM9NV,A,page5-28,1.0,refgame,1.0,1.0,0.38698408007621765
01KJN6MMPQTMDYRN709DP5DSDA,01KJN7B32C1C5254NSG6ZK1GRK,A,page5-28,2.0,refgame,1.0,1.0,0.6074153184890747
01KJN6MMPQTMDYRN709DP5DSDA,01KJN79PCAAMFX7P2QF70Y3HJM,A,page5-28,3.0,refgame,1.0,2.0,0.6990976333618164
01KJN6MMPQTMDYRN709DP5DSDA,01KJN79ZRTRDMY6RH8ZCYCM9NV,A,page5-28,4.0,refgame,1.0,2.0,1.0
01KJN6MMPQTMDYRN709DP5DSDA,01KJN7B32C1C5254NSG6ZK1GRK,A,page5-28,5.0,refgame,1.0,2.0,1.0
01KJN6MMPQTMDYRN709DP5DSDA,01KJN79PCAAMFX7P2QF70Y3HJM,A,page5-28,0.0,refgame,2.0,1.0,
01KJN6MMPQTMDYRN709DP5DSDA,01KJN79ZRTRDMY6RH8ZCYCM9NV,A,page5-28,1.0,refgame,2.0,1.0,1.0
01KJN6MMPQTMDYRN709DP5DSDA,01KJN7B32C1C5254NSG6ZK1GRK,A,page5-28,2.0,refgame,2.0,1.0,1.0
01KJN6MMPQTMDYRN709DP5DSDA,01KJN79PCAAMFX7P2QF70Y3HJM,A,page5-28,3.0,refgame,2.0,2.0,1.0
01KJN6MMPQTMDYRN709DP5DSDA,01KJN79ZRTRDMY6RH8ZCYCM9NV,A,page5-28,4.0,refgame,2.0,2.0,1.0
01KJN6MMPQTMDYRN709DP5DSDA,01KJN7B32C1C5254NSG6ZK1GRK,A,page5-28,5.0,refgame,2.0,2.0,1.0
01KJN6MMPQTMDYRN709DP5DSDA,01KJN79PCAAMFX7P2QF70Y3HJM,A,page7-107,0.0,refgame,1.0,1.0,
01KJN6MMPQTMDYRN709DP5DSDA,01KJN79ZRTRDMY6RH8ZCYCM9NV,A,page7-107,1.0,refgame,1.0,1.0,0.4521777033805847
01KJN6MMPQTMDYRN709DP5DSDA,01KJN7B32C1C5254NSG6ZK1GRK,A,page7-107,2.0,refgame,1.0,1.0,0.4685435891151428
01KJN6MMPQTMDYRN709DP5DSDA,01KJN79PCAAMFX7P2QF70Y3HJM,A,page7-107,3.0,refgame,1.0,2.0,0.6788187623023987
01KJN6MMPQTMDYRN709DP5DSDA,01KJN79ZRTRDMY6RH8ZCYCM9NV,A,page7-107,4.0,refgame,1.0,2.0,1.0
01KJN6MMPQTMDYRN709DP5DSDA,01KJN7B32C1C5254NSG6ZK1GRK,A,page7-107,5.0,refgame,1.0,2.0,0.6761735081672668
01KJN6MMPQTMDYRN709DP5DSDA,01KJN79PCAAMFX7P2QF70Y3HJM,A,page7-107,0.0,refgame,2.0,1.0,
01KJN6MMPQTMDYRN709DP5DSDA,01KJN79ZRTRDMY6RH8ZCYCM9NV,A,page7-107,1.0,refgame,2.0,1.0,0.17867189645767212
01KJN6MMPQTMDYRN709DP5DSDA,01KJN7B32C1C5254NSG6ZK1GRK,A,page7-107,2.0,refgame,2.0,1.0,0.17867189645767212
01KJN6MMPQTMDYRN709DP5DSDA,01KJN79PCAAMFX7P2QF70Y3HJM,A,page7-107,3.0,refgame,2.0,2.0,0.9999998807907104
01KJN6MMPQTMDYRN709DP5DSDA,01KJN79ZRTRDMY6RH8ZCYCM9NV,A,page7-107,4.0,refgame,2.0,2.0,0.23406341671943665
01KJN6MMPQTMDYRN709DP5DSDA,01KJN7B32C1C5254NSG6ZK1GRK,A,page7-107,5.0,refgame,2.0,2.0,0.23406341671943665
01KJN6MMPQTMDYRN709DP5DSDA,01KJN79PCAAMFX7P2QF70Y3HJM,A,page7-255,0.0,refgame,1.0,1.0,
01KJN6MMPQTMDYRN709DP5DSDA,01KJN79ZRTRDMY6RH8ZCYCM9NV,A,page7-255,1.0,refgame,1.0,1.0,0.25788503885269165
01KJN6MMPQTMDYRN709DP5DSDA,01KJN7B32C1C5254NSG6ZK1GRK,A,page7-255,2.0,refgame,1.0,1.0,0.5789564847946167
01KJN6MMPQTMDYRN709DP5DSDA,01KJN79PCAAMFX7P2QF70Y3HJM,A,page7-255,3.0,refgame,1.0,2.0,0.6895286440849304
01KJN6MMPQTMDYRN709DP5DSDA,01KJN79ZRTRDMY6RH8ZCYCM9NV,A,page7-255,4.0,refgame,1.0,2.0,0.6183609962463379
01KJN6MMPQTMDYRN709DP5DSDA,01KJN7B32C1C5254NSG6ZK1GRK,A,page7-255,5.0,refgame,1.0,2.0,0.6698166131973267
01KJN6MMPQTMDYRN709DP5DSDA,01KJN79PCAAMFX7P2QF70Y3HJM,A,page7-255,0.0,refgame,2.0,1.0,
01KJN6MMPQTMDYRN709DP5DSDA,01KJN79ZRTRDMY6RH8ZCYCM9NV,A,page7-255,1.0,refgame,2.0,1.0,1.0
01KJN6MMPQTMDYRN709DP5DSDA,01KJN7B32C1C5254NSG6ZK1GRK,A,page7-255,2.0,refgame,2.0,1.0,0.5695705413818359
01KJN6MMPQTMDYRN709DP5DSDA,01KJN79PCAAMFX7P2QF70Y3HJM,A,page7-255,3.0,refgame,2.0,2.0,0.48937535285949707
01KJN6MMPQTMDYRN709DP5DSDA,01KJN79ZRTRDMY6RH8ZCYCM9NV,A,page7-255,4.0,refgame,2.0,2.0,0.6550694108009338
01KJN6MMPQTMDYRN709DP5DSDA,01KJN7B32C1C5254NSG6ZK1GRK,A,page7-255,5.0,refgame,2.0,2.0,0.7166881561279297
01KJN6MMPQTMDYRN709DP5DSDA,01KJN79PCAAMFX7P2QF70Y3HJM,A,page9-46,0.0,refgame,1.0,1.0,
01KJN6MMPQTMDYRN709DP5DSDA,01KJN79ZRTRDMY6RH8ZCYCM9NV,A,page9-46,1.0,refgame,1.0,1.0,0.14364778995513916
01KJN6MMPQTMDYRN709DP5DSDA,01KJN7B32C1C5254NSG6ZK1GRK,A,page9-46,2.0,refgame,1.0,1.0,0.6258844137191772
01KJN6MMPQTMDYRN709DP5DSDA,01KJN79PCAAMFX7P2QF70Y3HJM,A,page9-46,3.0,refgame,1.0,2.0,0.8334702253341675
01KJN6MMPQTMDYRN709DP5DSDA,01KJN79ZRTRDMY6RH8ZCYCM9NV,A,page9-46,4.0,refgame,1.0,2.0,1.0
01KJN6MMPQTMDYRN709DP5DSDA,01KJN7B32C1C5254NSG6ZK1GRK,A,page9-46,5.0,refgame,1.0,2.0,0.7145497798919678
01KJN6MMPQTMDYRN709DP5DSDA,01KJN79PCAAMFX7P2QF70Y3HJM,A,page9-46,0.0,refgame,2.0,1.0,
01KJN6MMPQTMDYRN709DP5DSDA,01KJN79ZRTRDMY6RH8ZCYCM9NV,A,page9-46,1.0,refgame,2.0,1.0,0.9999998807907104
01KJN6MMPQTMDYRN709DP5DSDA,01KJN7B32C1C5254NSG6ZK1GRK,A,page9-46,2.0,refgame,2.0,1.0,0.9999998807907104
01KJN6MMPQTMDYRN709DP5DSDA,01KJN79PCAAMFX7P2QF70Y3HJM,A,page9-46,3.0,refgame,2.0,2.0,0.9999998807907104
01KJN6MMPQTMDYRN709DP5DSDA,01KJN79ZRTRDMY6RH8ZCYCM9NV,A,page9-46,4.0,refgame,2.0,2.0,0.9999998807907104
01KJN6MMPQTMDYRN709DP5DSDA,01KJN7B32C1C5254NSG6ZK1GRK,A,page9-46,5.0,refgame,2.0,2.0,0.9999998807907104
01KJN6MMPQTMDYRN709DP5DSDA,01KJN7B4V2673GK7HGVSG52R2P,B,page-B,0.0,refgame,1.0,1.0,
01KJN6MMPQTMDYRN709DP5DSDA,01KJN7AAWT4GWKRZ7B9775509P,B,page-B,1.0,refgame,1.0,1.0,0.7478941082954407
01KJN6MMPQTMDYRN709DP5DSDA,01KJN7BYA5X3A2G30KZECRY2HY,B,page-B,2.0,refgame,1.0,1.0,0.8106615543365479
01KJN6MMPQTMDYRN709DP5DSDA,01KJN7B4V2673GK7HGVSG52R2P,B,page-B,3.0,refgame,1.0,2.0,0.7683634757995605
01KJN6MMPQTMDYRN709DP5DSDA,01KJN7AAWT4GWKRZ7B9775509P,B,page-B,4.0,refgame,1.0,2.0,0.6931989192962646
01KJN6MMPQTMDYRN709DP5DSDA,01KJN7BYA5X3A2G30KZECRY2HY,B,page-B,5.0,refgame,1.0,2.0,0.9335297346115112
01KJN6MMPQTMDYRN709DP5DSDA,01KJN7B4V2673GK7HGVSG52R2P,B,page-B,0.0,refgame,2.0,1.0,
01KJN6MMPQTMDYRN709DP5DSDA,01KJN7AAWT4GWKRZ7B9775509P,B,page-B,1.0,refgame,2.0,1.0,0.8712645769119263
01KJN6MMPQTMDYRN709DP5DSDA,01KJN7BYA5X3A2G30KZECRY2HY,B,page-B,2.0,refgame,2.0,1.0,0.9040316939353943
01KJN6MMPQTMDYRN709DP5DSDA,01KJN7B4V2673GK7HGVSG52R2P,B,page-B,3.0,refgame,2.0,2.0,0.9616162776947021
01KJN6MMPQTMDYRN709DP5DSDA,01KJN7AAWT4GWKRZ7B9775509P,B,page-B,4.0,refgame,2.0,2.0,0.9501062631607056
01KJN6MMPQTMDYRN709DP5DSDA,01KJN7BYA5X3A2G30KZECRY2HY,B,page-B,5.0,refgame,2.0,2.0,0.7125041484832764
01KJN6MMPQTMDYRN709DP5DSDA,01KJN7B4V2673GK7HGVSG52R2P,B,page3-35,0.0,refgame,1.0,1.0,
01KJN6MMPQTMDYRN709DP5DSDA,01KJN7AAWT4GWKRZ7B9775509P,B,page3-35,1.0,refgame,1.0,1.0,0.674904465675354
01KJN6MMPQTMDYRN709DP5DSDA,01KJN7BYA5X3A2G30KZECRY2HY,B,page3-35,2.0,refgame,1.0,1.0,0.6797641515731812
01KJN6MMPQTMDYRN709DP5DSDA,01KJN7B4V2673GK7HGVSG52R2P,B,page3-35,3.0,refgame,1.0,2.0,0.8103936910629272
01KJN6MMPQTMDYRN709DP5DSDA,01KJN7AAWT4GWKRZ7B9775509P,B,page3-35,4.0,refgame,1.0,2.0,1.0
01KJN6MMPQTMDYRN709DP5DSDA,01KJN7BYA5X3A2G30KZECRY2HY,B,page3-35,5.0,refgame,1.0,2.0,1.0
01KJN6MMPQTMDYRN709DP5DSDA,01KJN7B4V2673GK7HGVSG52R2P,B,page3-35,0.0,refgame,2.0,1.0,
01KJN6MMPQTMDYRN709DP5DSDA,01KJN7AAWT4GWKRZ7B9775509P,B,page3-35,1.0,refgame,2.0,1.0,1.0
01KJN6MMPQTMDYRN709DP5DSDA,01KJN7BYA5X3A2G30KZECRY2HY,B,page3-35,2.0,refgame,2.0,1.0,1.0
01KJN6MMPQTMDYRN709DP5DSDA,01KJN7B4V2673GK7HGVSG52R2P,B,page3-35,3.0,refgame,2.0,2.0,1.0
01KJN6MMPQTMDYRN709DP5DSDA,01KJN7AAWT4GWKRZ7B9775509P,B,page3-35,4.0,refgame,2.0,2.0,1.0
01KJN6MMPQTMDYRN709DP5DSDA,01KJN7BYA5X3A2G30KZECRY2HY,B,page3-35,5.0,refgame,2.0,2.0,1.0
01KJN6MMPQTMDYRN709DP5DSDA,01KJN7B4V2673GK7HGVSG52R2P,B,page5-28,0.0,refgame,1.0,1.0,
01KJN6MMPQTMDYRN709DP5DSDA,01KJN7AAWT4GWKRZ7B9775509P,B,page5-28,1.0,refgame,1.0,1.0,0.6842352151870728
01KJN6MMPQTMDYRN709DP5DSDA,01KJN7BYA5X3A2G30KZECRY2HY,B,page5-28,2.0,refgame,1.0,1.0,0.7700666189193726
01KJN6MMPQTMDYRN709DP5DSDA,01KJN7B4V2673GK7HGVSG52R2P,B,page5-28,3.0,refgame,1.0,2.0,0.8261295557022095
01KJN6MMPQTMDYRN709DP5DSDA,01KJN7AAWT4GWKRZ7B9775509P,B,page5-28,4.0,refgame,1.0,2.0,0.8550442457199097
01KJN6MMPQTMDYRN709DP5DSDA,01KJN7BYA5X3A2G30KZECRY2HY,B,page5-28,5.0,refgame,1.0,2.0,0.928252100944519
01KJN6MMPQTMDYRN709DP5DSDA,01KJN7B4V2673GK7HGVSG52R2P,B,page5-28,0.0,refgame,2.0,1.0,
01KJN6MMPQTMDYRN709DP5DSDA,01KJN7AAWT4GWKRZ7B9775509P,B,page5-28,1.0,refgame,2.0,1.0,0.7954620122909546
01KJN6MMPQTMDYRN709DP5DSDA,01KJN7BYA5X3A2G30KZECRY2HY,B,page5-28,2.0,refgame,2.0,1.0,0.8621322512626648
01KJN6MMPQTMDYRN709DP5DSDA,01KJN7B4V2673GK7HGVSG52R2P,B,page5-28,3.0,refgame,2.0,2.0,0.9999998807907104
01KJN6MMPQTMDYRN709DP5DSDA,01KJN7AAWT4GWKRZ7B9775509P,B,page5-28,4.0,refgame,2.0,2.0,0.5901886820793152
01KJN6MMPQTMDYRN709DP5DSDA,01KJN7BYA5X3A2G30KZECRY2HY,B,page5-28,5.0,refgame,2.0,2.0,0.5901886820793152
01KJN6MMPQTMDYRN709DP5DSDA,01KJN7B4V2673GK7HGVSG52R2P,B,page7-107,0.0,refgame,1.0,1.0,
01KJN6MMPQTMDYRN709DP5DSDA,01KJN7AAWT4GWKRZ7B9775509P,B,page7-107,1.0,refgame,1.0,1.0,0.367645800113678
01KJN6MMPQTMDYRN709DP5DSDA,01KJN7BYA5X3A2G30KZECRY2HY,B,page7-107,2.0,refgame,1.0,1.0,0.4683520495891571
01KJN6MMPQTMDYRN709DP5DSDA,01KJN7B4V2673GK7HGVSG52R2P,B,page7-107,3.0,refgame,1.0,2.0,0.8138076663017273
01KJN6MMPQTMDYRN709DP5DSDA,01KJN7AAWT4GWKRZ7B9775509P,B,page7-107,4.0,refgame,1.0,2.0,0.9999999403953552
01KJN6MMPQTMDYRN709DP5DSDA,01KJN7BYA5X3A2G30KZECRY2HY,B,page7-107,5.0,refgame,1.0,2.0,0.9708285927772522
01KJN6MMPQTMDYRN709DP5DSDA,01KJN7B4V2673GK7HGVSG52R2P,B,page7-107,0.0,refgame,2.0,1.0,
01KJN6MMPQTMDYRN709DP5DSDA,01KJN7AAWT4GWKRZ7B9775509P,B,page7-107,1.0,refgame,2.0,1.0,0.7033665180206299
01KJN6MMPQTMDYRN709DP5DSDA,01KJN7BYA5X3A2G30KZECRY2HY,B,page7-107,2.0,refgame,2.0,1.0,0.7156568765640259
01KJN6MMPQTMDYRN709DP5DSDA,01KJN7B4V2673GK7HGVSG52R2P,B,page7-107,3.0,refgame,2.0,2.0,0.9708285927772522
01KJN6MMPQTMDYRN709DP5DSDA,01KJN7AAWT4GWKRZ7B9775509P,B,page7-107,4.0,refgame,2.0,2.0,0.9999999403953552
01KJN6MMPQTMDYRN709DP5DSDA,01KJN7BYA5X3A2G30KZECRY2HY,B,page7-107,5.0,refgame,2.0,2.0,0.9999999403953552
01KJN6MMPQTMDYRN709DP5DSDA,01KJN7B4V2673GK7HGVSG52R2P,B,page7-255,0.0,refgame,1.0,1.0,
01KJN6MMPQTMDYRN709DP5DSDA,01KJN7AAWT4GWKRZ7B9775509P,B,page7-255,1.0,refgame,1.0,1.0,0.5925813913345337
01KJN6MMPQTMDYRN709DP5DSDA,01KJN7BYA5X3A2G30KZECRY2HY,B,page7-255,2.0,refgame,1.0,1.0,0.6487747430801392
01KJN6MMPQTMDYRN709DP5DSDA,01KJN7B4V2673GK7HGVSG52R2P,B,page7-255,3.0,refgame,1.0,2.0,0.3491441607475281
01KJN6MMPQTMDYRN709DP5DSDA,01KJN7AAWT4GWKRZ7B9775509P,B,page7-255,4.0,refgame,1.0,2.0,0.5283894538879395
01KJN6MMPQTMDYRN709DP5DSDA,01KJN7BYA5X3A2G30KZECRY2HY,B,page7-255,5.0,refgame,1.0,2.0,1.0
01KJN6MMPQTMDYRN709DP5DSDA,01KJN7B4V2673GK7HGVSG52R2P,B,page7-255,0.0,refgame,2.0,1.0,
01KJN6MMPQTMDYRN709DP5DSDA,01KJN7AAWT4GWKRZ7B9775509P,B,page7-255,1.0,refgame,2.0,1.0,0.7007039785385132
01KJN6MMPQTMDYRN709DP5DSDA,01KJN7BYA5X3A2G30KZECRY2HY,B,page7-255,2.0,refgame,2.0,1.0,0.7007039785385132
01KJN6MMPQTMDYRN709DP5DSDA,01KJN7B4V2673GK7HGVSG52R2P,B,page7-255,3.0,refgame,2.0,2.0,1.0
01KJN6MMPQTMDYRN709DP5DSDA,01KJN7AAWT4GWKRZ7B9775509P,B,page7-255,4.0,refgame,2.0,2.0,0.7007039785385132
01KJN6MMPQTMDYRN709DP5DSDA,01KJN7BYA5X3A2G30KZECRY2HY,B,page7-255,5.0,refgame,2.0,2.0,1.0
01KJN6MMPQTMDYRN709DP5DSDA,01KJN7B4V2673GK7HGVSG52R2P,B,page9-46,0.0,refgame,1.0,1.0,
01KJN6MMPQTMDYRN709DP5DSDA,01KJN7AAWT4GWKRZ7B9775509P,B,page9-46,1.0,refgame,1.0,1.0,0.5861945152282715
01KJN6MMPQTMDYRN709DP5DSDA,01KJN7BYA5X3A2G30KZECRY2HY,B,page9-46,2.0,refgame,1.0,1.0,0.48345956206321716
01KJN6MMPQTMDYRN709DP5DSDA,01KJN7B4V2673GK7HGVSG52R2P,B,page9-46,3.0,refgame,1.0,2.0,0.8116863369941711
01KJN6MMPQTMDYRN709DP5DSDA,01KJN7AAWT4GWKRZ7B9775509P,B,page9-46,4.0,refgame,1.0,2.0,0.8021226525306702
01KJN6MMPQTMDYRN709DP5DSDA,01KJN7BYA5X3A2G30KZECRY2HY,B,page9-46,5.0,refgame,1.0,2.0,0.9243992567062378
01KJN6MMPQTMDYRN709DP5DSDA,01KJN7B4V2673GK7HGVSG52R2P,B,page9-46,0.0,refgame,2.0,1.0,
01KJN6MMPQTMDYRN709DP5DSDA,01KJN7AAWT4GWKRZ7B9775509P,B,page9-46,1.0,refgame,2.0,1.0,0.9276493787765503
01KJN6MMPQTMDYRN709DP5DSDA,01KJN7BYA5X3A2G30KZECRY2HY,B,page9-46,2.0,refgame,2.0,1.0,0.9276493787765503
01KJN6MMPQTMDYRN709DP5DSDA,01KJN7B4V2673GK7HGVSG52R2P,B,page9-46,3.0,refgame,2.0,2.0,0.927734375
01KJN6MMPQTMDYRN709DP5DSDA,01KJN7AAWT4GWKRZ7B9775509P,B,page9-46,4.0,refgame,2.0,2.0,0.927734375
01KJN6MMPQTMDYRN709DP5DSDA,01KJN7BYA5X3A2G30KZECRY2HY,B,page9-46,5.0,refgame,2.0,2.0,0.6796938180923462
01KJN6MMPQTMDYRN709DP5DSDA,01KJN79ZQD1E4YD03FE5CGJY8K,C,page-B,0.0,refgame,1.0,1.0,
01KJN6MMPQTMDYRN709DP5DSDA,01KJN77XQHYQ5TVVY4HZM02E7R,C,page-B,1.0,refgame,1.0,1.0,0.3373850882053375
01KJN6MMPQTMDYRN709DP5DSDA,01KJN7931DXZ65NXTWK1GNEZMW,C,page-B,2.0,refgame,1.0,1.0,0.899858832359314
01KJN6MMPQTMDYRN709DP5DSDA,01KJN79ZQD1E4YD03FE5CGJY8K,C,page-B,3.0,refgame,1.0,2.0,0.8711033463478088
01KJN6MMPQTMDYRN709DP5DSDA,01KJN77XQHYQ5TVVY4HZM02E7R,C,page-B,4.0,refgame,1.0,2.0,0.8295217752456665
01KJN6MMPQTMDYRN709DP5DSDA,01KJN7931DXZ65NXTWK1GNEZMW,C,page-B,5.0,refgame,1.0,2.0,1.0000001192092896
01KJN6MMPQTMDYRN709DP5DSDA,01KJN79ZQD1E4YD03FE5CGJY8K,C,page-B,0.0,refgame,2.0,1.0,
01KJN6MMPQTMDYRN709DP5DSDA,01KJN77XQHYQ5TVVY4HZM02E7R,C,page-B,1.0,refgame,2.0,1.0,0.2784557342529297
01KJN6MMPQTMDYRN709DP5DSDA,01KJN7931DXZ65NXTWK1GNEZMW,C,page-B,2.0,refgame,2.0,1.0,0.6976970434188843
01KJN6MMPQTMDYRN709DP5DSDA,01KJN79ZQD1E4YD03FE5CGJY8K,C,page-B,3.0,refgame,2.0,2.0,0.16086405515670776
01KJN6MMPQTMDYRN709DP5DSDA,01KJN77XQHYQ5TVVY4HZM02E7R,C,page-B,4.0,refgame,2.0,2.0,0.21664685010910034
01KJN6MMPQTMDYRN709DP5DSDA,01KJN7931DXZ65NXTWK1GNEZMW,C,page-B,5.0,refgame,2.0,2.0,0.6976970434188843
01KJN6MMPQTMDYRN709DP5DSDA,01KJN79ZQD1E4YD03FE5CGJY8K,C,page3-35,0.0,refgame,1.0,1.0,
01KJN6MMPQTMDYRN709DP5DSDA,01KJN77XQHYQ5TVVY4HZM02E7R,C,page3-35,1.0,refgame,1.0,1.0,0.21601520478725433
01KJN6MMPQTMDYRN709DP5DSDA,01KJN7931DXZ65NXTWK1GNEZMW,C,page3-35,2.0,refgame,1.0,1.0,0.27305370569229126
01KJN6MMPQTMDYRN709DP5DSDA,01KJN79ZQD1E4YD03FE5CGJY8K,C,page3-35,3.0,refgame,1.0,2.0,0.5558293461799622
01KJN6MMPQTMDYRN709DP5DSDA,01KJN77XQHYQ5TVVY4HZM02E7R,C,page3-35,4.0,refgame,1.0,2.0,0.21423080563545227
01KJN6MMPQTMDYRN709DP5DSDA,01KJN7931DXZ65NXTWK1GNEZMW,C,page3-35,5.0,refgame,1.0,2.0,0.623845100402832
01KJN6MMPQTMDYRN709DP5DSDA,01KJN79ZQD1E4YD03FE5CGJY8K,C,page3-35,0.0,refgame,2.0,1.0,
01KJN6MMPQTMDYRN709DP5DSDA,01KJN77XQHYQ5TVVY4HZM02E7R,C,page3-35,1.0,refgame,2.0,1.0,1.0000001192092896
01KJN6MMPQTMDYRN709DP5DSDA,01KJN7931DXZ65NXTWK1GNEZMW,C,page3-35,2.0,refgame,2.0,1.0,0.9288432002067566
01KJN6MMPQTMDYRN709DP5DSDA,01KJN79ZQD1E4YD03FE5CGJY8K,C,page3-35,3.0,refgame,2.0,2.0,0.9288432002067566
01KJN6MMPQTMDYRN709DP5DSDA,01KJN77XQHYQ5TVVY4HZM02E7R,C,page3-35,4.0,refgame,2.0,2.0,0.4210800528526306
01KJN6MMPQTMDYRN709DP5DSDA,01KJN7931DXZ65NXTWK1GNEZMW,C,page3-35,5.0,refgame,2.0,2.0,0.35920971632003784
01KJN6MMPQTMDYRN709DP5DSDA,01KJN79ZQD1E4YD03FE5CGJY8K,C,page5-28,0.0,refgame,1.0,1.0,
01KJN6MMPQTMDYRN709DP5DSDA,01KJN77XQHYQ5TVVY4HZM02E7R,C,page5-28,1.0,refgame,1.0,1.0,0.24955013394355774
01KJN6MMPQTMDYRN709DP5DSDA,01KJN7931DXZ65NXTWK1GNEZMW,C,page5-28,2.0,refgame,1.0,1.0,0.8680442571640015
01KJN6MMPQTMDYRN709DP5DSDA,01KJN79ZQD1E4YD03FE5CGJY8K,C,page5-28,3.0,refgame,1.0,2.0,0.7384111285209656
01KJN6MMPQTMDYRN709DP5DSDA,01KJN77XQHYQ5TVVY4HZM02E7R,C,page5-28,4.0,refgame,1.0,2.0,0.8528952598571777
01KJN6MMPQTMDYRN709DP5DSDA,01KJN7931DXZ65NXTWK1GNEZMW,C,page5-28,5.0,refgame,1.0,2.0,0.8528952598571777
01KJN6MMPQTMDYRN709DP5DSDA,01KJN79ZQD1E4YD03FE5CGJY8K,C,page5-28,0.0,refgame,2.0,1.0,
01KJN6MMPQTMDYRN709DP5DSDA,01KJN77XQHYQ5TVVY4HZM02E7R,C,page5-28,1.0,refgame,2.0,1.0,0.5659376382827759
01KJN6MMPQTMDYRN709DP5DSDA,01KJN7931DXZ65NXTWK1GNEZMW,C,page5-28,2.0,refgame,2.0,1.0,0.8528952598571777
01KJN6MMPQTMDYRN709DP5DSDA,01KJN79ZQD1E4YD03FE5CGJY8K,C,page5-28,3.0,refgame,2.0,2.0,0.8528952598571777
01KJN6MMPQTMDYRN709DP5DSDA,01KJN77XQHYQ5TVVY4HZM02E7R,C,page5-28,4.0,refgame,2.0,2.0,0.9999999403953552
01KJN6MMPQTMDYRN709DP5DSDA,01KJN7931DXZ65NXTWK1GNEZMW,C,page5-28,5.0,refgame,2.0,2.0,0.8528952598571777
01KJN6MMPQTMDYRN709DP5DSDA,01KJN79ZQD1E4YD03FE5CGJY8K,C,page7-107,0.0,refgame,1.0,1.0,
01KJN6MMPQTMDYRN709DP5DSDA,01KJN77XQHYQ5TVVY4HZM02E7R,C,page7-107,1.0,refgame,1.0,1.0,0.6925989389419556
01KJN6MMPQTMDYRN709DP5DSDA,01KJN7931DXZ65NXTWK1GNEZMW,C,page7-107,2.0,refgame,1.0,1.0,0.8560460805892944
01KJN6MMPQTMDYRN709DP5DSDA,01KJN79ZQD1E4YD03FE5CGJY8K,C,page7-107,3.0,refgame,1.0,2.0,0.7380346059799194
01KJN6MMPQTMDYRN709DP5DSDA,01KJN77XQHYQ5TVVY4HZM02E7R,C,page7-107,4.0,refgame,1.0,2.0,0.8098608255386353
01KJN6MMPQTMDYRN709DP5DSDA,01KJN7931DXZ65NXTWK1GNEZMW,C,page7-107,5.0,refgame,1.0,2.0,0.8273864984512329
01KJN6MMPQTMDYRN709DP5DSDA,01KJN79ZQD1E4YD03FE5CGJY8K,C,page7-107,0.0,refgame,2.0,1.0,
01KJN6MMPQTMDYRN709DP5DSDA,01KJN77XQHYQ5TVVY4HZM02E7R,C,page7-107,1.0,refgame,2.0,1.0,0.09668458998203278
01KJN6MMPQTMDYRN709DP5DSDA,01KJN7931DXZ65NXTWK1GNEZMW,C,page7-107,2.0,refgame,2.0,1.0,0.7267410755157471
01KJN6MMPQTMDYRN709DP5DSDA,01KJN79ZQD1E4YD03FE5CGJY8K,C,page7-107,3.0,refgame,2.0,2.0,0.6111281514167786
01KJN6MMPQTMDYRN709DP5DSDA,01KJN77XQHYQ5TVVY4HZM02E7R,C,page7-107,4.0,refgame,2.0,2.0,0.04419335350394249
01KJN6MMPQTMDYRN709DP5DSDA,01KJN7931DXZ65NXTWK1GNEZMW,C,page7-107,5.0,refgame,2.0,2.0,0.6451634764671326
01KJN6MMPQTMDYRN709DP5DSDA,01KJN79ZQD1E4YD03FE5CGJY8K,C,page7-255,0.0,refgame,1.0,1.0,
01KJN6MMPQTMDYRN709DP5DSDA,01KJN77XQHYQ5TVVY4HZM02E7R,C,page7-255,1.0,refgame,1.0,1.0,0.34462714195251465
01KJN6MMPQTMDYRN709DP5DSDA,01KJN7931DXZ65NXTWK1GNEZMW,C,page7-255,2.0,refgame,1.0,1.0,0.4829246997833252
01KJN6MMPQTMDYRN709DP5DSDA,01KJN79ZQD1E4YD03FE5CGJY8K,C,page7-255,3.0,refgame,1.0,2.0,0.6639021635055542
01KJN6MMPQTMDYRN709DP5DSDA,01KJN77XQHYQ5TVVY4HZM02E7R,C,page7-255,4.0,refgame,1.0,2.0,0.6537361145019531
01KJN6MMPQTMDYRN709DP5DSDA,01KJN7931DXZ65NXTWK1GNEZMW,C,page7-255,5.0,refgame,1.0,2.0,0.9999998807907104
01KJN6MMPQTMDYRN709DP5DSDA,01KJN79ZQD1E4YD03FE5CGJY8K,C,page7-255,0.0,refgame,2.0,1.0,
01KJN6MMPQTMDYRN709DP5DSDA,01KJN77XQHYQ5TVVY4HZM02E7R,C,page7-255,1.0,refgame,2.0,1.0,1.0
01KJN6MMPQTMDYRN709DP5DSDA,01KJN7931DXZ65NXTWK1GNEZMW,C,page7-255,2.0,refgame,2.0,1.0,1.0
01KJN6MMPQTMDYRN709DP5DSDA,01KJN79ZQD1E4YD03FE5CGJY8K,C,page7-255,3.0,refgame,2.0,2.0,1.0
01KJN6MMPQTMDYRN709DP5DSDA,01KJN77XQHYQ5TVVY4HZM02E7R,C,page7-255,4.0,refgame,2.0,2.0,1.0
01KJN6MMPQTMDYRN709DP5DSDA,01KJN7931DXZ65NXTWK1GNEZMW,C,page7-255,5.0,refgame,2.0,2.0,1.0
01KJN6MMPQTMDYRN709DP5DSDA,01KJN79ZQD1E4YD03FE5CGJY8K,C,page9-46,0.0,refgame,1.0,1.0,
01KJN6MMPQTMDYRN709DP5DSDA,01KJN77XQHYQ5TVVY4HZM02E7R,C,page9-46,1.0,refgame,1.0,1.0,0.38099777698516846
01KJN6MMPQTMDYRN709DP5DSDA,01KJN7931DXZ65NXTWK1GNEZMW,C,page9-46,2.0,refgame,1.0,1.0,0.5601241588592529
01KJN6MMPQTMDYRN709DP5DSDA,01KJN79ZQD1E4YD03FE5CGJY8K,C,page9-46,3.0,refgame,1.0,2.0,0.26047903299331665
01KJN6MMPQTMDYRN709DP5DSDA,01KJN77XQHYQ5TVVY4HZM02E7R,C,page9-46,4.0,refgame,1.0,2.0,0.08089753985404968
01KJN6MMPQTMDYRN709DP5DSDA,01KJN7931DXZ65NXTWK1GNEZMW,C,page9-46,5.0,refgame,1.0,2.0,0.5769696831703186
01KJN6MMPQTMDYRN709DP5DSDA,01KJN79ZQD1E4YD03FE5CGJY8K,C,page9-46,0.0,refgame,2.0,1.0,
01KJN6MMPQTMDYRN709DP5DSDA,01KJN77XQHYQ5TVVY4HZM02E7R,C,page9-46,1.0,refgame,2.0,1.0,0.6732757687568665
01KJN6MMPQTMDYRN709DP5DSDA,01KJN7931DXZ65NXTWK1GNEZMW,C,page9-46,2.0,refgame,2.0,1.0,0.796570897102356
01KJN6MMPQTMDYRN709DP5DSDA,01KJN79ZQD1E4YD03FE5CGJY8K,C,page9-46,3.0,refgame,2.0,2.0,0.6091477274894714
01KJN6MMPQTMDYRN709DP5DSDA,01KJN77XQHYQ5TVVY4HZM02E7R,C,page9-46,4.0,refgame,2.0,2.0,0.7392772436141968
01KJN6MMPQTMDYRN709DP5DSDA,01KJN7931DXZ65NXTWK1GNEZMW,C,page9-46,5.0,refgame,2.0,2.0,0.796570897102356
01KJN6MMQ03KZPZN0275VZXK6R,01KJN79B14FBSYSKKCG2BYVBB6,A,page-B,0.0,refgame,1.0,1.0,
01KJN6MMQ03KZPZN0275VZXK6R,01KJN7AAX1VHZ1A7ZB35BNRH8N,A,page-B,1.0,refgame,1.0,1.0,0.4965682029724121
01KJN6MMQ03KZPZN0275VZXK6R,01KJN7AZC7FAG17CY924MRTCF7,A,page-B,2.0,refgame,1.0,1.0,0.13707110285758972
01KJN6MMQ03KZPZN0275VZXK6R,01KJN79B14FBSYSKKCG2BYVBB6,A,page-B,3.0,refgame,1.0,2.0,0.6146841049194336
01KJN6MMQ03KZPZN0275VZXK6R,01KJN7AAX1VHZ1A7ZB35BNRH8N,A,page-B,4.0,refgame,1.0,2.0,0.7872422337532043
01KJN6MMQ03KZPZN0275VZXK6R,01KJN7AZC7FAG17CY924MRTCF7,A,page-B,5.0,refgame,1.0,2.0,1.000000238418579
01KJN6MMQ03KZPZN0275VZXK6R,01KJN79B14FBSYSKKCG2BYVBB6,A,page-B,0.0,refgame,2.0,1.0,
01KJN6MMQ03KZPZN0275VZXK6R,01KJN7AAX1VHZ1A7ZB35BNRH8N,A,page-B,1.0,refgame,2.0,1.0,0.4440685212612152
01KJN6MMQ03KZPZN0275VZXK6R,01KJN7AZC7FAG17CY924MRTCF7,A,page-B,2.0,refgame,2.0,1.0,0.8471904397010803
01KJN6MMQ03KZPZN0275VZXK6R,01KJN79B14FBSYSKKCG2BYVBB6,A,page-B,3.0,refgame,2.0,2.0,0.5142381191253662
01KJN6MMQ03KZPZN0275VZXK6R,01KJN7AAX1VHZ1A7ZB35BNRH8N,A,page-B,4.0,refgame,2.0,2.0,0.3490370512008667
01KJN6MMQ03KZPZN0275VZXK6R,01KJN7AZC7FAG17CY924MRTCF7,A,page-B,5.0,refgame,2.0,2.0,0.3390144109725952
01KJN6MMQ03KZPZN0275VZXK6R,01KJN79B14FBSYSKKCG2BYVBB6,A,page3-35,0.0,refgame,1.0,1.0,
01KJN6MMQ03KZPZN0275VZXK6R,01KJN7AAX1VHZ1A7ZB35BNRH8N,A,page3-35,1.0,refgame,1.0,1.0,0.40202683210372925
01KJN6MMQ03KZPZN0275VZXK6R,01KJN7AZC7FAG17CY924MRTCF7,A,page3-35,2.0,refgame,1.0,1.0,0.4242200255393982
01KJN6MMQ03KZPZN0275VZXK6R,01KJN79B14FBSYSKKCG2BYVBB6,A,page3-35,3.0,refgame,1.0,2.0,0.5581261515617371
01KJN6MMQ03KZPZN0275VZXK6R,01KJN7AAX1VHZ1A7ZB35BNRH8N,A,page3-35,4.0,refgame,1.0,2.0,0.7241613864898682
01KJN6MMQ03KZPZN0275VZXK6R,01KJN7AZC7FAG17CY924MRTCF7,A,page3-35,5.0,refgame,1.0,2.0,0.9999997019767761
01KJN6MMQ03KZPZN0275VZXK6R,01KJN79B14FBSYSKKCG2BYVBB6,A,page3-35,0.0,refgame,2.0,1.0,
01KJN6MMQ03KZPZN0275VZXK6R,01KJN7AAX1VHZ1A7ZB35BNRH8N,A,page3-35,1.0,refgame,2.0,1.0,0.7960654497146606
01KJN6MMQ03KZPZN0275VZXK6R,01KJN7AZC7FAG17CY924MRTCF7,A,page3-35,2.0,refgame,2.0,1.0,0.6486275792121887
01KJN6MMQ03KZPZN0275VZXK6R,01KJN79B14FBSYSKKCG2BYVBB6,A,page3-35,3.0,refgame,2.0,2.0,0.6815797090530396
01KJN6MMQ03KZPZN0275VZXK6R,01KJN7AAX1VHZ1A7ZB35BNRH8N,A,page3-35,4.0,refgame,2.0,2.0,0.8690000772476196
01KJN6MMQ03KZPZN0275VZXK6R,01KJN7AZC7FAG17CY924MRTCF7,A,page3-35,5.0,refgame,2.0,2.0,0.8819234371185303
01KJN6MMQ03KZPZN0275VZXK6R,01KJN79B14FBSYSKKCG2BYVBB6,A,page5-28,0.0,refgame,1.0,1.0,
01KJN6MMQ03KZPZN0275VZXK6R,01KJN7AAX1VHZ1A7ZB35BNRH8N,A,page5-28,1.0,refgame,1.0,1.0,0.7203808426856995
01KJN6MMQ03KZPZN0275VZXK6R,01KJN7AZC7FAG17CY924MRTCF7,A,page5-28,2.0,refgame,1.0,1.0,0.300788938999176
01KJN6MMQ03KZPZN0275VZXK6R,01KJN79B14FBSYSKKCG2BYVBB6,A,page5-28,3.0,refgame,1.0,2.0,0.6001428365707397
01KJN6MMQ03KZPZN0275VZXK6R,01KJN7AAX1VHZ1A7ZB35BNRH8N,A,page5-28,4.0,refgame,1.0,2.0,0.3855630159378052
01KJN6MMQ03KZPZN0275VZXK6R,01KJN7AZC7FAG17CY924MRTCF7,A,page5-28,5.0,refgame,1.0,2.0,0.5263699293136597
01KJN6MMQ03KZPZN0275VZXK6R,01KJN79B14FBSYSKKCG2BYVBB6,A,page5-28,0.0,refgame,2.0,1.0,
01KJN6MMQ03KZPZN0275VZXK6R,01KJN7AAX1VHZ1A7ZB35BNRH8N,A,page5-28,1.0,refgame,2.0,1.0,0.8239399194717407
01KJN6MMQ03KZPZN0275VZXK6R,01KJN7AZC7FAG17CY924MRTCF7,A,page5-28,2.0,refgame,2.0,1.0,0.8935102224349976
01KJN6MMQ03KZPZN0275VZXK6R,01KJN79B14FBSYSKKCG2BYVBB6,A,page5-28,3.0,refgame,2.0,2.0,0.8280001878738403
01KJN6MMQ03KZPZN0275VZXK6R,01KJN7AAX1VHZ1A7ZB35BNRH8N,A,page5-28,4.0,refgame,2.0,2.0,0.7576172351837158
01KJN6MMQ03KZPZN0275VZXK6R,01KJN7AZC7FAG17CY924MRTCF7,A,page5-28,5.0,refgame,2.0,2.0,0.8676634430885315
01KJN6MMQ03KZPZN0275VZXK6R,01KJN79B14FBSYSKKCG2BYVBB6,A,page7-107,0.0,refgame,1.0,1.0,
01KJN6MMQ03KZPZN0275VZXK6R,01KJN7AAX1VHZ1A7ZB35BNRH8N,A,page7-107,1.0,refgame,1.0,1.0,0.5616769790649414
01KJN6MMQ03KZPZN0275VZXK6R,01KJN7AZC7FAG17CY924MRTCF7,A,page7-107,2.0,refgame,1.0,1.0,0.47422799468040466
01KJN6MMQ03KZPZN0275VZXK6R,01KJN79B14FBSYSKKCG2BYVBB6,A,page7-107,3.0,refgame,1.0,2.0,0.7266688346862793
01KJN6MMQ03KZPZN0275VZXK6R,01KJN7AAX1VHZ1A7ZB35BNRH8N,A,page7-107,4.0,refgame,1.0,2.0,0.6233670115470886
01KJN6MMQ03KZPZN0275VZXK6R,01KJN7AZC7FAG17CY924MRTCF7,A,page7-107,5.0,refgame,1.0,2.0,1.0
01KJN6MMQ03KZPZN0275VZXK6R,01KJN79B14FBSYSKKCG2BYVBB6,A,page7-107,0.0,refgame,2.0,1.0,
01KJN6MMQ03KZPZN0275VZXK6R,01KJN7AAX1VHZ1A7ZB35BNRH8N,A,page7-107,1.0,refgame,2.0,1.0,0.2997407019138336
01KJN6MMQ03KZPZN0275VZXK6R,01KJN7AZC7FAG17CY924MRTCF7,A,page7-107,2.0,refgame,2.0,1.0,0.3343551456928253
01KJN6MMQ03KZPZN0275VZXK6R,01KJN79B14FBSYSKKCG2BYVBB6,A,page7-107,3.0,refgame,2.0,2.0,0.8904588222503662
01KJN6MMQ03KZPZN0275VZXK6R,01KJN7AAX1VHZ1A7ZB35BNRH8N,A,page7-107,4.0,refgame,2.0,2.0,0.7531678676605225
01KJN6MMQ03KZPZN0275VZXK6R,01KJN7AZC7FAG17CY924MRTCF7,A,page7-107,5.0,refgame,2.0,2.0,0.7531678676605225
01KJN6MMQ03KZPZN0275VZXK6R,01KJN79B14FBSYSKKCG2BYVBB6,A,page7-255,0.0,refgame,1.0,1.0,
01KJN6MMQ03KZPZN0275VZXK6R,01KJN7AAX1VHZ1A7ZB35BNRH8N,A,page7-255,1.0,refgame,1.0,1.0,0.8064666986465454
01KJN6MMQ03KZPZN0275VZXK6R,01KJN7AZC7FAG17CY924MRTCF7,A,page7-255,2.0,refgame,1.0,1.0,0.5636508464813232
01KJN6MMQ03KZPZN0275VZXK6R,01KJN79B14FBSYSKKCG2BYVBB6,A,page7-255,3.0,refgame,1.0,2.0,0.7476142644882202
01KJN6MMQ03KZPZN0275VZXK6R,01KJN7AAX1VHZ1A7ZB35BNRH8N,A,page7-255,4.0,refgame,1.0,2.0,0.6651794910430908
01KJN6MMQ03KZPZN0275VZXK6R,01KJN7AZC7FAG17CY924MRTCF7,A,page7-255,5.0,refgame,1.0,2.0,0.7524954080581665
01KJN6MMQ03KZPZN0275VZXK6R,01KJN79B14FBSYSKKCG2BYVBB6,A,page7-255,0.0,refgame,2.0,1.0,
01KJN6MMQ03KZPZN0275VZXK6R,01KJN7AAX1VHZ1A7ZB35BNRH8N,A,page7-255,1.0,refgame,2.0,1.0,0.35137075185775757
01KJN6MMQ03KZPZN0275VZXK6R,01KJN7AZC7FAG17CY924MRTCF7,A,page7-255,2.0,refgame,2.0,1.0,0.4585268497467041
01KJN6MMQ03KZPZN0275VZXK6R,01KJN79B14FBSYSKKCG2BYVBB6,A,page7-255,3.0,refgame,2.0,2.0,0.32531026005744934
01KJN6MMQ03KZPZN0275VZXK6R,01KJN7AAX1VHZ1A7ZB35BNRH8N,A,page7-255,4.0,refgame,2.0,2.0,0.6234397888183594
01KJN6MMQ03KZPZN0275VZXK6R,01KJN7AZC7FAG17CY924MRTCF7,A,page7-255,5.0,refgame,2.0,2.0,0.7578433752059937
01KJN6MMQ03KZPZN0275VZXK6R,01KJN79B14FBSYSKKCG2BYVBB6,A,page9-46,0.0,refgame,1.0,1.0,
01KJN6MMQ03KZPZN0275VZXK6R,01KJN7AAX1VHZ1A7ZB35BNRH8N,A,page9-46,1.0,refgame,1.0,1.0,0.6122597455978394
01KJN6MMQ03KZPZN0275VZXK6R,01KJN7AZC7FAG17CY924MRTCF7,A,page9-46,2.0,refgame,1.0,1.0,0.3917338252067566
01KJN6MMQ03KZPZN0275VZXK6R,01KJN79B14FBSYSKKCG2BYVBB6,A,page9-46,3.0,refgame,1.0,2.0,0.5232898592948914
01KJN6MMQ03KZPZN0275VZXK6R,01KJN7AAX1VHZ1A7ZB35BNRH8N,A,page9-46,4.0,refgame,1.0,2.0,0.0360710509121418
01KJN6MMQ03KZPZN0275VZXK6R,01KJN7AZC7FAG17CY924MRTCF7,A,page9-46,5.0,refgame,1.0,2.0,0.9999998807907104
01KJN6MMQ03KZPZN0275VZXK6R,01KJN79B14FBSYSKKCG2BYVBB6,A,page9-46,0.0,refgame,2.0,1.0,
01KJN6MMQ03KZPZN0275VZXK6R,01KJN7AAX1VHZ1A7ZB35BNRH8N,A,page9-46,1.0,refgame,2.0,1.0,0.47462448477745056
01KJN6MMQ03KZPZN0275VZXK6R,01KJN7AZC7FAG17CY924MRTCF7,A,page9-46,2.0,refgame,2.0,1.0,0.503128707408905
01KJN6MMQ03KZPZN0275VZXK6R,01KJN79B14FBSYSKKCG2BYVBB6,A,page9-46,3.0,refgame,2.0,2.0,0.6660500764846802
01KJN6MMQ03KZPZN0275VZXK6R,01KJN7AAX1VHZ1A7ZB35BNRH8N,A,page9-46,4.0,refgame,2.0,2.0,0.8343439102172852
01KJN6MMQ03KZPZN0275VZXK6R,01KJN7AZC7FAG17CY924MRTCF7,A,page9-46,5.0,refgame,2.0,2.0,0.4801478683948517
01KJN6MMQ03KZPZN0275VZXK6R,01KJN7C40WEQBDF48ACG18M0EV,B,page-B,0.0,refgame,1.0,1.0,
01KJN6MMQ03KZPZN0275VZXK6R,01KJN792W85XPK9QGH8A6HSYSJ,B,page-B,1.0,refgame,1.0,1.0,0.2854379117488861
01KJN6MMQ03KZPZN0275VZXK6R,01KJN7A44GGBE9XR412KV5BFSC,B,page-B,2.0,refgame,1.0,1.0,0.31200695037841797
01KJN6MMQ03KZPZN0275VZXK6R,01KJN7C40WEQBDF48ACG18M0EV,B,page-B,3.0,refgame,1.0,2.0,0.19630326330661774
01KJN6MMQ03KZPZN0275VZXK6R,01KJN792W85XPK9QGH8A6HSYSJ,B,page-B,4.0,refgame,1.0,2.0,0.8718534111976624
01KJN6MMQ03KZPZN0275VZXK6R,01KJN7A44GGBE9XR412KV5BFSC,B,page-B,5.0,refgame,1.0,2.0,0.7029867172241211
01KJN6MMQ03KZPZN0275VZXK6R,01KJN7C40WEQBDF48ACG18M0EV,B,page-B,0.0,refgame,2.0,1.0,
01KJN6MMQ03KZPZN0275VZXK6R,01KJN792W85XPK9QGH8A6HSYSJ,B,page-B,1.0,refgame,2.0,1.0,0.49395227432250977
01KJN6MMQ03KZPZN0275VZXK6R,01KJN7A44GGBE9XR412KV5BFSC,B,page-B,2.0,refgame,2.0,1.0,0.2822580933570862
01KJN6MMQ03KZPZN0275VZXK6R,01KJN7C40WEQBDF48ACG18M0EV,B,page-B,3.0,refgame,2.0,2.0,0.34931567311286926
01KJN6MMQ03KZPZN0275VZXK6R,01KJN792W85XPK9QGH8A6HSYSJ,B,page-B,4.0,refgame,2.0,2.0,0.4735559821128845
01KJN6MMQ03KZPZN0275VZXK6R,01KJN7A44GGBE9XR412KV5BFSC,B,page-B,5.0,refgame,2.0,2.0,0.46557900309562683
01KJN6MMQ03KZPZN0275VZXK6R,01KJN7C40WEQBDF48ACG18M0EV,B,page3-35,0.0,refgame,1.0,1.0,
01KJN6MMQ03KZPZN0275VZXK6R,01KJN792W85XPK9QGH8A6HSYSJ,B,page3-35,1.0,refgame,1.0,1.0,0.5287290811538696
01KJN6MMQ03KZPZN0275VZXK6R,01KJN7A44GGBE9XR412KV5BFSC,B,page3-35,2.0,refgame,1.0,1.0,0.06834149360656738
01KJN6MMQ03KZPZN0275VZXK6R,01KJN7C40WEQBDF48ACG18M0EV,B,page3-35,3.0,refgame,1.0,2.0,0.0877833440899849
01KJN6MMQ03KZPZN0275VZXK6R,01KJN792W85XPK9QGH8A6HSYSJ,B,page3-35,4.0,refgame,1.0,2.0,0.24681231379508972
01KJN6MMQ03KZPZN0275VZXK6R,01KJN7A44GGBE9XR412KV5BFSC,B,page3-35,5.0,refgame,1.0,2.0,0.1410512626171112
01KJN6MMQ03KZPZN0275VZXK6R,01KJN7C40WEQBDF48ACG18M0EV,B,page3-35,0.0,refgame,2.0,1.0,
01KJN6MMQ03KZPZN0275VZXK6R,01KJN792W85XPK9QGH8A6HSYSJ,B,page3-35,1.0,refgame,2.0,1.0,0.5852072238922119
01KJN6MMQ03KZPZN0275VZXK6R,01KJN7A44GGBE9XR412KV5BFSC,B,page3-35,2.0,refgame,2.0,1.0,0.36704713106155396
01KJN6MMQ03KZPZN0275VZXK6R,01KJN7C40WEQBDF48ACG18M0EV,B,page3-35,3.0,refgame,2.0,2.0,0.30499693751335144
01KJN6MMQ03KZPZN0275VZXK6R,01KJN792W85XPK9QGH8A6HSYSJ,B,page3-35,4.0,refgame,2.0,2.0,0.7406046986579895
01KJN6MMQ03KZPZN0275VZXK6R,01KJN7A44GGBE9XR412KV5BFSC,B,page3-35,5.0,refgame,2.0,2.0,0.20728212594985962
01KJN6MMQ03KZPZN0275VZXK6R,01KJN7C40WEQBDF48ACG18M0EV,B,page5-28,0.0,refgame,1.0,1.0,
01KJN6MMQ03KZPZN0275VZXK6R,01KJN792W85XPK9QGH8A6HSYSJ,B,page5-28,1.0,refgame,1.0,1.0,0.6687195301055908
01KJN6MMQ03KZPZN0275VZXK6R,01KJN7A44GGBE9XR412KV5BFSC,B,page5-28,2.0,refgame,1.0,1.0,0.7755913734436035
01KJN6MMQ03KZPZN0275VZXK6R,01KJN7C40WEQBDF48ACG18M0EV,B,page5-28,3.0,refgame,1.0,2.0,0.6833382844924927
01KJN6MMQ03KZPZN0275VZXK6R,01KJN792W85XPK9QGH8A6HSYSJ,B,page5-28,4.0,refgame,1.0,2.0,0.06307332217693329
01KJN6MMQ03KZPZN0275VZXK6R,01KJN7A44GGBE9XR412KV5BFSC,B,page5-28,5.0,refgame,1.0,2.0,0.20183609426021576
01KJN6MMQ03KZPZN0275VZXK6R,01KJN7C40WEQBDF48ACG18M0EV,B,page5-28,0.0,refgame,2.0,1.0,
01KJN6MMQ03KZPZN0275VZXK6R,01KJN792W85XPK9QGH8A6HSYSJ,B,page5-28,1.0,refgame,2.0,1.0,0.20494063198566437
01KJN6MMQ03KZPZN0275VZXK6R,01KJN7A44GGBE9XR412KV5BFSC,B,page5-28,2.0,refgame,2.0,1.0,0.2921183705329895
01KJN6MMQ03KZPZN0275VZXK6R,01KJN7C40WEQBDF48ACG18M0EV,B,page5-28,3.0,refgame,2.0,2.0,0.5227101445198059
01KJN6MMQ03KZPZN0275VZXK6R,01KJN792W85XPK9QGH8A6HSYSJ,B,page5-28,4.0,refgame,2.0,2.0,0.3888437747955322
01KJN6MMQ03KZPZN0275VZXK6R,01KJN7A44GGBE9XR412KV5BFSC,B,page5-28,5.0,refgame,2.0,2.0,0.4893777668476105
01KJN6MMQ03KZPZN0275VZXK6R,01KJN7C40WEQBDF48ACG18M0EV,B,page7-107,0.0,refgame,1.0,1.0,
01KJN6MMQ03KZPZN0275VZXK6R,01KJN792W85XPK9QGH8A6HSYSJ,B,page7-107,1.0,refgame,1.0,1.0,0.8492792844772339
01KJN6MMQ03KZPZN0275VZXK6R,01KJN7A44GGBE9XR412KV5BFSC,B,page7-107,2.0,refgame,1.0,1.0,0.6154182553291321
01KJN6MMQ03KZPZN0275VZXK6R,01KJN7C40WEQBDF48ACG18M0EV,B,page7-107,3.0,refgame,1.0,2.0,0.9453794956207275
01KJN6MMQ03KZPZN0275VZXK6R,01KJN792W85XPK9QGH8A6HSYSJ,B,page7-107,4.0,refgame,1.0,2.0,0.9283919930458069
01KJN6MMQ03KZPZN0275VZXK6R,01KJN7A44GGBE9XR412KV5BFSC,B,page7-107,5.0,refgame,1.0,2.0,1.0
01KJN6MMQ03KZPZN0275VZXK6R,01KJN7C40WEQBDF48ACG18M0EV,B,page7-107,0.0,refgame,2.0,1.0,
01KJN6MMQ03KZPZN0275VZXK6R,01KJN7A44GGBE9XR412KV5BFSC,B,page7-107,2.0,refgame,2.0,1.0,0.8917147517204285
01KJN6MMQ03KZPZN0275VZXK6R,01KJN7C40WEQBDF48ACG18M0EV,B,page7-107,3.0,refgame,2.0,2.0,0.9126402735710144
01KJN6MMQ03KZPZN0275VZXK6R,01KJN792W85XPK9QGH8A6HSYSJ,B,page7-107,4.0,refgame,2.0,2.0,0.9126402735710144
01KJN6MMQ03KZPZN0275VZXK6R,01KJN7A44GGBE9XR412KV5BFSC,B,page7-107,5.0,refgame,2.0,2.0,1.0
01KJN6MMQ03KZPZN0275VZXK6R,01KJN7C40WEQBDF48ACG18M0EV,B,page7-255,0.0,refgame,1.0,1.0,
01KJN6MMQ03KZPZN0275VZXK6R,01KJN792W85XPK9QGH8A6HSYSJ,B,page7-255,1.0,refgame,1.0,1.0,0.3573552668094635
01KJN6MMQ03KZPZN0275VZXK6R,01KJN7A44GGBE9XR412KV5BFSC,B,page7-255,2.0,refgame,1.0,1.0,0.22920763492584229
01KJN6MMQ03KZPZN0275VZXK6R,01KJN7C40WEQBDF48ACG18M0EV,B,page7-255,3.0,refgame,1.0,2.0,0.3173692226409912
01KJN6MMQ03KZPZN0275VZXK6R,01KJN792W85XPK9QGH8A6HSYSJ,B,page7-255,4.0,refgame,1.0,2.0,0.7525056600570679
01KJN6MMQ03KZPZN0275VZXK6R,01KJN7A44GGBE9XR412KV5BFSC,B,page7-255,5.0,refgame,1.0,2.0,0.4228419363498688
01KJN6MMQ03KZPZN0275VZXK6R,01KJN7C40WEQBDF48ACG18M0EV,B,page7-255,0.0,refgame,2.0,1.0,
01KJN6MMQ03KZPZN0275VZXK6R,01KJN792W85XPK9QGH8A6HSYSJ,B,page7-255,1.0,refgame,2.0,1.0,-0.10620854794979095
01KJN6MMQ03KZPZN0275VZXK6R,01KJN7A44GGBE9XR412KV5BFSC,B,page7-255,2.0,refgame,2.0,1.0,-0.07378802448511124
01KJN6MMQ03KZPZN0275VZXK6R,01KJN7C40WEQBDF48ACG18M0EV,B,page7-255,3.0,refgame,2.0,2.0,0.9002971649169922
01KJN6MMQ03KZPZN0275VZXK6R,01KJN792W85XPK9QGH8A6HSYSJ,B,page7-255,4.0,refgame,2.0,2.0,0.010216252878308296
01KJN6MMQ03KZPZN0275VZXK6R,01KJN7A44GGBE9XR412KV5BFSC,B,page7-255,5.0,refgame,2.0,2.0,0.014508653432130814
01KJN6MMQ03KZPZN0275VZXK6R,01KJN7C40WEQBDF48ACG18M0EV,B,page9-46,0.0,refgame,1.0,1.0,
01KJN6MMQ03KZPZN0275VZXK6R,01KJN792W85XPK9QGH8A6HSYSJ,B,page9-46,1.0,refgame,1.0,1.0,0.8366941213607788
01KJN6MMQ03KZPZN0275VZXK6R,01KJN7A44GGBE9XR412KV5BFSC,B,page9-46,2.0,refgame,1.0,1.0,0.681807279586792
01KJN6MMQ03KZPZN0275VZXK6R,01KJN7C40WEQBDF48ACG18M0EV,B,page9-46,3.0,refgame,1.0,2.0,0.681807279586792
01KJN6MMQ03KZPZN0275VZXK6R,01KJN792W85XPK9QGH8A6HSYSJ,B,page9-46,4.0,refgame,1.0,2.0,0.9043875336647034
01KJN6MMQ03KZPZN0275VZXK6R,01KJN7A44GGBE9XR412KV5BFSC,B,page9-46,5.0,refgame,1.0,2.0,0.6648706197738647
01KJN6MMQ03KZPZN0275VZXK6R,01KJN7C40WEQBDF48ACG18M0EV,B,page9-46,0.0,refgame,2.0,1.0,
01KJN6MMQ03KZPZN0275VZXK6R,01KJN792W85XPK9QGH8A6HSYSJ,B,page9-46,1.0,refgame,2.0,1.0,0.6819767951965332
01KJN6MMQ03KZPZN0275VZXK6R,01KJN7A44GGBE9XR412KV5BFSC,B,page9-46,2.0,refgame,2.0,1.0,0.5623424053192139
01KJN6MMQ03KZPZN0275VZXK6R,01KJN7C40WEQBDF48ACG18M0EV,B,page9-46,3.0,refgame,2.0,2.0,0.7595773935317993
01KJN6MMQ03KZPZN0275VZXK6R,01KJN792W85XPK9QGH8A6HSYSJ,B,page9-46,4.0,refgame,2.0,2.0,0.6015480756759644
01KJN6MMQ03KZPZN0275VZXK6R,01KJN7A44GGBE9XR412KV5BFSC,B,page9-46,5.0,refgame,2.0,2.0,0.7143604159355164
01KJN6MMQ03KZPZN0275VZXK6R,01KJN79J529BWBWTESKB6D9MB7,C,page-B,0.0,refgame,1.0,1.0,
01KJN6MMQ03KZPZN0275VZXK6R,01KJN7863BFF3ZYZGVVSATZTH7,C,page-B,1.0,refgame,1.0,1.0,0.6577246785163879
01KJN6MMQ03KZPZN0275VZXK6R,01KJN78DQ6KC0F9N1HA0BPB44R,C,page-B,2.0,refgame,1.0,1.0,0.6646020412445068
01KJN6MMQ03KZPZN0275VZXK6R,01KJN79J529BWBWTESKB6D9MB7,C,page-B,3.0,refgame,1.0,2.0,0.5724753737449646
01KJN6MMQ03KZPZN0275VZXK6R,01KJN7863BFF3ZYZGVVSATZTH7,C,page-B,4.0,refgame,1.0,2.0,0.9328234195709229
01KJN6MMQ03KZPZN0275VZXK6R,01KJN78DQ6KC0F9N1HA0BPB44R,C,page-B,5.0,refgame,1.0,2.0,0.6690680980682373
01KJN6MMQ03KZPZN0275VZXK6R,01KJN79J529BWBWTESKB6D9MB7,C,page-B,0.0,refgame,2.0,1.0,
01KJN6MMQ03KZPZN0275VZXK6R,01KJN7863BFF3ZYZGVVSATZTH7,C,page-B,1.0,refgame,2.0,1.0,0.7088959813117981
01KJN6MMQ03KZPZN0275VZXK6R,01KJN78DQ6KC0F9N1HA0BPB44R,C,page-B,2.0,refgame,2.0,1.0,0.6941664218902588
01KJN6MMQ03KZPZN0275VZXK6R,01KJN79J529BWBWTESKB6D9MB7,C,page-B,3.0,refgame,2.0,2.0,0.44816285371780396
01KJN6MMQ03KZPZN0275VZXK6R,01KJN7863BFF3ZYZGVVSATZTH7,C,page-B,4.0,refgame,2.0,2.0,0.5420972108840942
01KJN6MMQ03KZPZN0275VZXK6R,01KJN78DQ6KC0F9N1HA0BPB44R,C,page-B,5.0,refgame,2.0,2.0,0.7102535963058472
01KJN6MMQ03KZPZN0275VZXK6R,01KJN79J529BWBWTESKB6D9MB7,C,page3-35,0.0,refgame,1.0,1.0,
01KJN6MMQ03KZPZN0275VZXK6R,01KJN7863BFF3ZYZGVVSATZTH7,C,page3-35,1.0,refgame,1.0,1.0,0.09883706271648407
01KJN6MMQ03KZPZN0275VZXK6R,01KJN78DQ6KC0F9N1HA0BPB44R,C,page3-35,2.0,refgame,1.0,1.0,0.7212867736816406
01KJN6MMQ03KZPZN0275VZXK6R,01KJN79J529BWBWTESKB6D9MB7,C,page3-35,3.0,refgame,1.0,2.0,0.9290006160736084
01KJN6MMQ03KZPZN0275VZXK6R,01KJN7863BFF3ZYZGVVSATZTH7,C,page3-35,4.0,refgame,1.0,2.0,0.755020797252655
01KJN6MMQ03KZPZN0275VZXK6R,01KJN78DQ6KC0F9N1HA0BPB44R,C,page3-35,5.0,refgame,1.0,2.0,0.7277278304100037
01KJN6MMQ03KZPZN0275VZXK6R,01KJN79J529BWBWTESKB6D9MB7,C,page3-35,0.0,refgame,2.0,1.0,
01KJN6MMQ03KZPZN0275VZXK6R,01KJN7863BFF3ZYZGVVSATZTH7,C,page3-35,1.0,refgame,2.0,1.0,0.7614786624908447
01KJN6MMQ03KZPZN0275VZXK6R,01KJN78DQ6KC0F9N1HA0BPB44R,C,page3-35,2.0,refgame,2.0,1.0,0.8220157623291016
01KJN6MMQ03KZPZN0275VZXK6R,01KJN79J529BWBWTESKB6D9MB7,C,page3-35,3.0,refgame,2.0,2.0,0.6960281729698181
01KJN6MMQ03KZPZN0275VZXK6R,01KJN7863BFF3ZYZGVVSATZTH7,C,page3-35,4.0,refgame,2.0,2.0,0.8767794370651245
01KJN6MMQ03KZPZN0275VZXK6R,01KJN78DQ6KC0F9N1HA0BPB44R,C,page3-35,5.0,refgame,2.0,2.0,0.8220157623291016
01KJN6MMQ03KZPZN0275VZXK6R,01KJN79J529BWBWTESKB6D9MB7,C,page5-28,0.0,refgame,1.0,1.0,
01KJN6MMQ03KZPZN0275VZXK6R,01KJN7863BFF3ZYZGVVSATZTH7,C,page5-28,1.0,refgame,1.0,1.0,0.6084886193275452
01KJN6MMQ03KZPZN0275VZXK6R,01KJN78DQ6KC0F9N1HA0BPB44R,C,page5-28,2.0,refgame,1.0,1.0,0.771522045135498
01KJN6MMQ03KZPZN0275VZXK6R,01KJN79J529BWBWTESKB6D9MB7,C,page5-28,3.0,refgame,1.0,2.0,0.8670700788497925
01KJN6MMQ03KZPZN0275VZXK6R,01KJN7863BFF3ZYZGVVSATZTH7,C,page5-28,4.0,refgame,1.0,2.0,0.8429867029190063
01KJN6MMQ03KZPZN0275VZXK6R,01KJN78DQ6KC0F9N1HA0BPB44R,C,page5-28,5.0,refgame,1.0,2.0,0.7826697826385498
01KJN6MMQ03KZPZN0275VZXK6R,01KJN79J529BWBWTESKB6D9MB7,C,page5-28,0.0,refgame,2.0,1.0,
01KJN6MMQ03KZPZN0275VZXK6R,01KJN7863BFF3ZYZGVVSATZTH7,C,page5-28,1.0,refgame,2.0,1.0,0.7709643840789795
01KJN6MMQ03KZPZN0275VZXK6R,01KJN78DQ6KC0F9N1HA0BPB44R,C,page5-28,2.0,refgame,2.0,1.0,0.8655446767807007
01KJN6MMQ03KZPZN0275VZXK6R,01KJN79J529BWBWTESKB6D9MB7,C,page5-28,3.0,refgame,2.0,2.0,0.7720677852630615
01KJN6MMQ03KZPZN0275VZXK6R,01KJN7863BFF3ZYZGVVSATZTH7,C,page5-28,4.0,refgame,2.0,2.0,0.8165774345397949
01KJN6MMQ03KZPZN0275VZXK6R,01KJN78DQ6KC0F9N1HA0BPB44R,C,page5-28,5.0,refgame,2.0,2.0,0.8994084596633911
01KJN6MMQ03KZPZN0275VZXK6R,01KJN79J529BWBWTESKB6D9MB7,C,page7-107,0.0,refgame,1.0,1.0,
01KJN6MMQ03KZPZN0275VZXK6R,01KJN7863BFF3ZYZGVVSATZTH7,C,page7-107,1.0,refgame,1.0,1.0,0.41908666491508484
01KJN6MMQ03KZPZN0275VZXK6R,01KJN78DQ6KC0F9N1HA0BPB44R,C,page7-107,2.0,refgame,1.0,1.0,0.8260920643806458
01KJN6MMQ03KZPZN0275VZXK6R,01KJN79J529BWBWTESKB6D9MB7,C,page7-107,3.0,refgame,1.0,2.0,0.9204936027526855
01KJN6MMQ03KZPZN0275VZXK6R,01KJN7863BFF3ZYZGVVSATZTH7,C,page7-107,4.0,refgame,1.0,2.0,0.7912159562110901
01KJN6MMQ03KZPZN0275VZXK6R,01KJN78DQ6KC0F9N1HA0BPB44R,C,page7-107,5.0,refgame,1.0,2.0,0.7379816770553589
01KJN6MMQ03KZPZN0275VZXK6R,01KJN79J529BWBWTESKB6D9MB7,C,page7-107,0.0,refgame,2.0,1.0,
01KJN6MMQ03KZPZN0275VZXK6R,01KJN7863BFF3ZYZGVVSATZTH7,C,page7-107,1.0,refgame,2.0,1.0,0.789137065410614
01KJN6MMQ03KZPZN0275VZXK6R,01KJN78DQ6KC0F9N1HA0BPB44R,C,page7-107,2.0,refgame,2.0,1.0,0.8008862137794495
01KJN6MMQ03KZPZN0275VZXK6R,01KJN79J529BWBWTESKB6D9MB7,C,page7-107,3.0,refgame,2.0,2.0,0.9134606719017029
01KJN6MMQ03KZPZN0275VZXK6R,01KJN7863BFF3ZYZGVVSATZTH7,C,page7-107,4.0,refgame,2.0,2.0,0.7398115396499634
01KJN6MMQ03KZPZN0275VZXK6R,01KJN78DQ6KC0F9N1HA0BPB44R,C,page7-107,5.0,refgame,2.0,2.0,0.6906599998474121
01KJN6MMQ03KZPZN0275VZXK6R,01KJN79J529BWBWTESKB6D9MB7,C,page7-255,0.0,refgame,1.0,1.0,
01KJN6MMQ03KZPZN0275VZXK6R,01KJN7863BFF3ZYZGVVSATZTH7,C,page7-255,1.0,refgame,1.0,1.0,0.04165156930685043
01KJN6MMQ03KZPZN0275VZXK6R,01KJN78DQ6KC0F9N1HA0BPB44R,C,page7-255,2.0,refgame,1.0,1.0,0.3154703378677368
01KJN6MMQ03KZPZN0275VZXK6R,01KJN79J529BWBWTESKB6D9MB7,C,page7-255,3.0,refgame,1.0,2.0,0.2886299192905426
01KJN6MMQ03KZPZN0275VZXK6R,01KJN7863BFF3ZYZGVVSATZTH7,C,page7-255,4.0,refgame,1.0,2.0,0.7396429181098938
01KJN6MMQ03KZPZN0275VZXK6R,01KJN78DQ6KC0F9N1HA0BPB44R,C,page7-255,5.0,refgame,1.0,2.0,0.7619534730911255
01KJN6MMQ03KZPZN0275VZXK6R,01KJN79J529BWBWTESKB6D9MB7,C,page7-255,0.0,refgame,2.0,1.0,
01KJN6MMQ03KZPZN0275VZXK6R,01KJN7863BFF3ZYZGVVSATZTH7,C,page7-255,1.0,refgame,2.0,1.0,0.5583208203315735
01KJN6MMQ03KZPZN0275VZXK6R,01KJN78DQ6KC0F9N1HA0BPB44R,C,page7-255,2.0,refgame,2.0,1.0,0.77373206615448
01KJN6MMQ03KZPZN0275VZXK6R,01KJN79J529BWBWTESKB6D9MB7,C,page7-255,3.0,refgame,2.0,2.0,0.6368573904037476
01KJN6MMQ03KZPZN0275VZXK6R,01KJN7863BFF3ZYZGVVSATZTH7,C,page7-255,4.0,refgame,2.0,2.0,0.6602939367294312
01KJN6MMQ03KZPZN0275VZXK6R,01KJN78DQ6KC0F9N1HA0BPB44R,C,page7-255,5.0,refgame,2.0,2.0,0.77373206615448
01KJN6MMQ03KZPZN0275VZXK6R,01KJN79J529BWBWTESKB6D9MB7,C,page9-46,0.0,refgame,1.0,1.0,
01KJN6MMQ03KZPZN0275VZXK6R,01KJN7863BFF3ZYZGVVSATZTH7,C,page9-46,1.0,refgame,1.0,1.0,0.6816417574882507
01KJN6MMQ03KZPZN0275VZXK6R,01KJN78DQ6KC0F9N1HA0BPB44R,C,page9-46,2.0,refgame,1.0,1.0,0.7553580403327942
01KJN6MMQ03KZPZN0275VZXK6R,01KJN79J529BWBWTESKB6D9MB7,C,page9-46,3.0,refgame,1.0,2.0,0.8204444646835327
01KJN6MMQ03KZPZN0275VZXK6R,01KJN7863BFF3ZYZGVVSATZTH7,C,page9-46,4.0,refgame,1.0,2.0,0.953845739364624
01KJN6MMQ03KZPZN0275VZXK6R,01KJN78DQ6KC0F9N1HA0BPB44R,C,page9-46,5.0,refgame,1.0,2.0,0.953845739364624
01KJN6MMQ03KZPZN0275VZXK6R,01KJN79J529BWBWTESKB6D9MB7,C,page9-46,0.0,refgame,2.0,1.0,
01KJN6MMQ03KZPZN0275VZXK6R,01KJN7863BFF3ZYZGVVSATZTH7,C,page9-46,1.0,refgame,2.0,1.0,0.8412643074989319
01KJN6MMQ03KZPZN0275VZXK6R,01KJN78DQ6KC0F9N1HA0BPB44R,C,page9-46,2.0,refgame,2.0,1.0,0.7780747413635254
01KJN6MMQ03KZPZN0275VZXK6R,01KJN79J529BWBWTESKB6D9MB7,C,page9-46,3.0,refgame,2.0,2.0,0.6091499328613281
01KJN6MMQ03KZPZN0275VZXK6R,01KJN7863BFF3ZYZGVVSATZTH7,C,page9-46,4.0,refgame,2.0,2.0,0.6285653114318848
01KJN6MMQ03KZPZN0275VZXK6R,01KJN78DQ6KC0F9N1HA0BPB44R,C,page9-46,5.0,refgame,2.0,2.0,0.9580098390579224
01KJP22PXRH9VYFY7Z1HZVNSMN,01KJP2Q4FMMNPG4DTS771Y4V70,A,page-B,0.0,refgame,1.0,1.0,
01KJP22PXRH9VYFY7Z1HZVNSMN,01KJP2SGRYQPGESDGRKTMMAJX4,A,page-B,1.0,refgame,1.0,1.0,0.46093934774398804
01KJP22PXRH9VYFY7Z1HZVNSMN,01KJP2RBVR6E36EKC8HYRAV5GF,A,page-B,2.0,refgame,1.0,1.0,0.6297755241394043
01KJP22PXRH9VYFY7Z1HZVNSMN,01KJP2Q4FMMNPG4DTS771Y4V70,A,page-B,3.0,refgame,1.0,2.0,0.44048166275024414
01KJP22PXRH9VYFY7Z1HZVNSMN,01KJP2SGRYQPGESDGRKTMMAJX4,A,page-B,4.0,refgame,1.0,2.0,0.787879228591919
01KJP22PXRH9VYFY7Z1HZVNSMN,01KJP2RBVR6E36EKC8HYRAV5GF,A,page-B,5.0,refgame,1.0,2.0,1.0
01KJP22PXRH9VYFY7Z1HZVNSMN,01KJP2Q4FMMNPG4DTS771Y4V70,A,page-B,0.0,refgame,2.0,1.0,
01KJP22PXRH9VYFY7Z1HZVNSMN,01KJP2SGRYQPGESDGRKTMMAJX4,A,page-B,1.0,refgame,2.0,1.0,0.787879228591919
01KJP22PXRH9VYFY7Z1HZVNSMN,01KJP2RBVR6E36EKC8HYRAV5GF,A,page-B,2.0,refgame,2.0,1.0,1.0
01KJP22PXRH9VYFY7Z1HZVNSMN,01KJP2Q4FMMNPG4DTS771Y4V70,A,page-B,3.0,refgame,2.0,2.0,0.46491432189941406
01KJP22PXRH9VYFY7Z1HZVNSMN,01KJP2SGRYQPGESDGRKTMMAJX4,A,page-B,4.0,refgame,2.0,2.0,0.46491432189941406
01KJP22PXRH9VYFY7Z1HZVNSMN,01KJP2RBVR6E36EKC8HYRAV5GF,A,page-B,5.0,refgame,2.0,2.0,1.0
01KJP22PXRH9VYFY7Z1HZVNSMN,01KJP2Q4FMMNPG4DTS771Y4V70,A,page3-35,0.0,refgame,1.0,1.0,
01KJP22PXRH9VYFY7Z1HZVNSMN,01KJP2SGRYQPGESDGRKTMMAJX4,A,page3-35,1.0,refgame,1.0,1.0,0.225172221660614
01KJP22PXRH9VYFY7Z1HZVNSMN,01KJP2RBVR6E36EKC8HYRAV5GF,A,page3-35,2.0,refgame,1.0,1.0,0.13490146398544312
01KJP22PXRH9VYFY7Z1HZVNSMN,01KJP2Q4FMMNPG4DTS771Y4V70,A,page3-35,3.0,refgame,1.0,2.0,0.6608272790908813
01KJP22PXRH9VYFY7Z1HZVNSMN,01KJP2SGRYQPGESDGRKTMMAJX4,A,page3-35,4.0,refgame,1.0,2.0,0.4244493246078491
01KJP22PXRH9VYFY7Z1HZVNSMN,01KJP2RBVR6E36EKC8HYRAV5GF,A,page3-35,5.0,refgame,1.0,2.0,0.48922663927078247
01KJP22PXRH9VYFY7Z1HZVNSMN,01KJP2Q4FMMNPG4DTS771Y4V70,A,page3-35,0.0,refgame,2.0,1.0,
01KJP22PXRH9VYFY7Z1HZVNSMN,01KJP2SGRYQPGESDGRKTMMAJX4,A,page3-35,1.0,refgame,2.0,1.0,0.26358214020729065
01KJP22PXRH9VYFY7Z1HZVNSMN,01KJP2Q4FMMNPG4DTS771Y4V70,A,page3-35,2.0,refgame,2.0,2.0,0.22368088364601135
01KJP22PXRH9VYFY7Z1HZVNSMN,01KJP2RBVR6E36EKC8HYRAV5GF,A,page3-35,2.0,refgame,2.0,1.0,0.5385313630104065
01KJP22PXRH9VYFY7Z1HZVNSMN,01KJP2Q4FMMNPG4DTS771Y4V70,A,page3-35,3.0,refgame,2.0,3.0,0.5625596046447754
01KJP22PXRH9VYFY7Z1HZVNSMN,01KJP2SGRYQPGESDGRKTMMAJX4,A,page3-35,4.0,refgame,2.0,2.0,0.43065452575683594
01KJP22PXRH9VYFY7Z1HZVNSMN,01KJP2RBVR6E36EKC8HYRAV5GF,A,page3-35,5.0,refgame,2.0,2.0,0.3574914336204529
01KJP22PXRH9VYFY7Z1HZVNSMN,01KJP2SGRYQPGESDGRKTMMAJX4,A,page3-35,5.0,refgame,2.0,3.0,0.29440224170684814
01KJP22PXRH9VYFY7Z1HZVNSMN,01KJP2Q4FMMNPG4DTS771Y4V70,A,page5-28,0.0,refgame,1.0,1.0,
01KJP22PXRH9VYFY7Z1HZVNSMN,01KJP2SGRYQPGESDGRKTMMAJX4,A,page5-28,1.0,refgame,1.0,1.0,0.47021549940109253
01KJP22PXRH9VYFY7Z1HZVNSMN,01KJP2RBVR6E36EKC8HYRAV5GF,A,page5-28,2.0,refgame,1.0,1.0,0.4451923668384552
01KJP22PXRH9VYFY7Z1HZVNSMN,01KJP2Q4FMMNPG4DTS771Y4V70,A,page5-28,3.0,refgame,1.0,2.0,0.8415871262550354
01KJP22PXRH9VYFY7Z1HZVNSMN,01KJP2SGRYQPGESDGRKTMMAJX4,A,page5-28,4.0,refgame,1.0,2.0,0.3969290852546692
01KJP22PXRH9VYFY7Z1HZVNSMN,01KJP2RBVR6E36EKC8HYRAV5GF,A,page5-28,5.0,refgame,1.0,2.0,0.1947394162416458
01KJP22PXRH9VYFY7Z1HZVNSMN,01KJP2Q4FMMNPG4DTS771Y4V70,A,page5-28,0.0,refgame,2.0,1.0,
01KJP22PXRH9VYFY7Z1HZVNSMN,01KJP2SGRYQPGESDGRKTMMAJX4,A,page5-28,1.0,refgame,2.0,1.0,0.7509387731552124
01KJP22PXRH9VYFY7Z1HZVNSMN,01KJP2Q4FMMNPG4DTS771Y4V70,A,page5-28,2.0,refgame,2.0,2.0,1.0000001192092896
01KJP22PXRH9VYFY7Z1HZVNSMN,01KJP2RBVR6E36EKC8HYRAV5GF,A,page5-28,2.0,refgame,2.0,1.0,0.6360974907875061
01KJP22PXRH9VYFY7Z1HZVNSMN,01KJP2Q4FMMNPG4DTS771Y4V70,A,page5-28,3.0,refgame,2.0,3.0,0.7477374076843262
01KJP22PXRH9VYFY7Z1HZVNSMN,01KJP2SGRYQPGESDGRKTMMAJX4,A,page5-28,4.0,refgame,2.0,2.0,0.607738733291626
01KJP22PXRH9VYFY7Z1HZVNSMN,01KJP2RBVR6E36EKC8HYRAV5GF,A,page5-28,5.0,refgame,2.0,2.0,0.6666038036346436
01KJP22PXRH9VYFY7Z1HZVNSMN,01KJP2Q4FMMNPG4DTS771Y4V70,A,page7-107,0.0,refgame,1.0,1.0,
01KJP22PXRH9VYFY7Z1HZVNSMN,01KJP2SGRYQPGESDGRKTMMAJX4,A,page7-107,1.0,refgame,1.0,1.0,0.2508181035518646
01KJP22PXRH9VYFY7Z1HZVNSMN,01KJP2RBVR6E36EKC8HYRAV5GF,A,page7-107,2.0,refgame,1.0,1.0,0.50636887550354
01KJP22PXRH9VYFY7Z1HZVNSMN,01KJP2Q4FMMNPG4DTS771Y4V70,A,page7-107,3.0,refgame,1.0,2.0,0.8659545183181763
01KJP22PXRH9VYFY7Z1HZVNSMN,01KJP2SGRYQPGESDGRKTMMAJX4,A,page7-107,4.0,refgame,1.0,2.0,0.4724084436893463
01KJP22PXRH9VYFY7Z1HZVNSMN,01KJP2RBVR6E36EKC8HYRAV5GF,A,page7-107,5.0,refgame,1.0,2.0,0.12498006224632263
01KJP22PXRH9VYFY7Z1HZVNSMN,01KJP2Q4FMMNPG4DTS771Y4V70,A,page7-107,0.0,refgame,2.0,1.0,
01KJP22PXRH9VYFY7Z1HZVNSMN,01KJP2SGRYQPGESDGRKTMMAJX4,A,page7-107,1.0,refgame,2.0,1.0,0.5572264194488525
01KJP22PXRH9VYFY7Z1HZVNSMN,01KJP2Q4FMMNPG4DTS771Y4V70,A,page7-107,2.0,refgame,2.0,2.0,0.5613812208175659
01KJP22PXRH9VYFY7Z1HZVNSMN,01KJP2RBVR6E36EKC8HYRAV5GF,A,page7-107,2.0,refgame,2.0,1.0,0.9143394827842712
01KJP22PXRH9VYFY7Z1HZVNSMN,01KJP2Q4FMMNPG4DTS771Y4V70,A,page7-107,3.0,refgame,2.0,3.0,0.7920494079589844
01KJP22PXRH9VYFY7Z1HZVNSMN,01KJP2SGRYQPGESDGRKTMMAJX4,A,page7-107,4.0,refgame,2.0,2.0,0.15916910767555237
01KJP22PXRH9VYFY7Z1HZVNSMN,01KJP2RBVR6E36EKC8HYRAV5GF,A,page7-107,5.0,refgame,2.0,2.0,0.15916910767555237
01KJP22PXRH9VYFY7Z1HZVNSMN,01KJP2Q4FMMNPG4DTS771Y4V70,A,page7-255,0.0,refgame,1.0,1.0,
01KJP22PXRH9VYFY7Z1HZVNSMN,01KJP2SGRYQPGESDGRKTMMAJX4,A,page7-255,1.0,refgame,1.0,1.0,0.3698838949203491
01KJP22PXRH9VYFY7Z1HZVNSMN,01KJP2RBVR6E36EKC8HYRAV5GF,A,page7-255,2.0,refgame,1.0,1.0,0.2664017975330353
01KJP22PXRH9VYFY7Z1HZVNSMN,01KJP2Q4FMMNPG4DTS771Y4V70,A,page7-255,3.0,refgame,1.0,2.0,0.6734970211982727
01KJP22PXRH9VYFY7Z1HZVNSMN,01KJP2SGRYQPGESDGRKTMMAJX4,A,page7-255,4.0,refgame,1.0,2.0,0.733568549156189
01KJP22PXRH9VYFY7Z1HZVNSMN,01KJP2RBVR6E36EKC8HYRAV5GF,A,page7-255,5.0,refgame,1.0,2.0,0.5332145690917969
01KJP22PXRH9VYFY7Z1HZVNSMN,01KJP2Q4FMMNPG4DTS771Y4V70,A,page7-255,0.0,refgame,2.0,1.0,
01KJP22PXRH9VYFY7Z1HZVNSMN,01KJP2SGRYQPGESDGRKTMMAJX4,A,page7-255,1.0,refgame,2.0,1.0,0.5617322325706482
01KJP22PXRH9VYFY7Z1HZVNSMN,01KJP2RBVR6E36EKC8HYRAV5GF,A,page7-255,2.0,refgame,2.0,1.0,0.49818259477615356
01KJP22PXRH9VYFY7Z1HZVNSMN,01KJP2Q4FMMNPG4DTS771Y4V70,A,page7-255,3.0,refgame,2.0,2.0,0.7664927244186401
01KJP22PXRH9VYFY7Z1HZVNSMN,01KJP2SGRYQPGESDGRKTMMAJX4,A,page7-255,4.0,refgame,2.0,2.0,0.30071717500686646
01KJP22PXRH9VYFY7Z1HZVNSMN,01KJP2RBVR6E36EKC8HYRAV5GF,A,page7-255,5.0,refgame,2.0,2.0,0.40812036395072937
01KJP22PXRH9VYFY7Z1HZVNSMN,01KJP2Q4FMMNPG4DTS771Y4V70,A,page9-46,0.0,refgame,1.0,1.0,
01KJP22PXRH9VYFY7Z1HZVNSMN,01KJP2SGRYQPGESDGRKTMMAJX4,A,page9-46,1.0,refgame,1.0,1.0,0.18414530158042908
01KJP22PXRH9VYFY7Z1HZVNSMN,01KJP2RBVR6E36EKC8HYRAV5GF,A,page9-46,2.0,refgame,1.0,1.0,0.26750892400741577
01KJP22PXRH9VYFY7Z1HZVNSMN,01KJP2Q4FMMNPG4DTS771Y4V70,A,page9-46,3.0,refgame,1.0,2.0,0.6638655066490173
01KJP22PXRH9VYFY7Z1HZVNSMN,01KJP2SGRYQPGESDGRKTMMAJX4,A,page9-46,4.0,refgame,1.0,2.0,0.22326982021331787
01KJP22PXRH9VYFY7Z1HZVNSMN,01KJP2RBVR6E36EKC8HYRAV5GF,A,page9-46,5.0,refgame,1.0,2.0,0.23022659122943878
01KJP22PXRH9VYFY7Z1HZVNSMN,01KJP2Q4FMMNPG4DTS771Y4V70,A,page9-46,0.0,refgame,2.0,1.0,
01KJP22PXRH9VYFY7Z1HZVNSMN,01KJP2SGRYQPGESDGRKTMMAJX4,A,page9-46,1.0,refgame,2.0,1.0,0.054480016231536865
01KJP22PXRH9VYFY7Z1HZVNSMN,01KJP2Q4FMMNPG4DTS771Y4V70,A,page9-46,2.0,refgame,2.0,2.0,0.09077751636505127
01KJP22PXRH9VYFY7Z1HZVNSMN,01KJP2RBVR6E36EKC8HYRAV5GF,A,page9-46,2.0,refgame,2.0,1.0,0.8864089250564575
01KJP22PXRH9VYFY7Z1HZVNSMN,01KJP2Q4FMMNPG4DTS771Y4V70,A,page9-46,3.0,refgame,2.0,3.0,0.9462732672691345
01KJP22PXRH9VYFY7Z1HZVNSMN,01KJP2SGRYQPGESDGRKTMMAJX4,A,page9-46,4.0,refgame,2.0,2.0,0.1571412831544876
01KJP22PXRH9VYFY7Z1HZVNSMN,01KJP2RBVR6E36EKC8HYRAV5GF,A,page9-46,5.0,refgame,2.0,2.0,0.02295660227537155
01KJP22PXRH9VYFY7Z1HZVNSMN,01KJP2SGRYQPGESDGRKTMMAJX4,A,page9-46,5.0,refgame,2.0,3.0,0.025630421936511993
01KJP22PXRH9VYFY7Z1HZVNSMN,01KJP2RH1QNE571FNJRJ0ZHM7W,B,page-B,0.0,refgame,1.0,1.0,
01KJP22PXRH9VYFY7Z1HZVNSMN,01KJP2RVD8SK7AN1X5EMGRM458,B,page-B,1.0,refgame,1.0,1.0,0.9302470684051514
01KJP22PXRH9VYFY7Z1HZVNSMN,01KJP2RH1QNE571FNJRJ0ZHM7W,B,page-B,2.0,refgame,1.0,2.0,0.8346049189567566
01KJP22PXRH9VYFY7Z1HZVNSMN,01KJP2RH1QNE571FNJRJ0ZHM7W,B,page-B,3.0,refgame,1.0,3.0,0.8408883213996887
01KJP22PXRH9VYFY7Z1HZVNSMN,01KJP2RVD8SK7AN1X5EMGRM458,B,page-B,4.0,refgame,1.0,2.0,0.8581376075744629
01KJP22PXRH9VYFY7Z1HZVNSMN,01KJP2RVD8SK7AN1X5EMGRM458,B,page-B,5.0,refgame,1.0,3.0,0.8702607154846191
01KJP22PXRH9VYFY7Z1HZVNSMN,01KJP2RH1QNE571FNJRJ0ZHM7W,B,page-B,0.0,refgame,2.0,1.0,
01KJP22PXRH9VYFY7Z1HZVNSMN,01KJP2RVD8SK7AN1X5EMGRM458,B,page-B,1.0,refgame,2.0,1.0,0.7871527671813965
01KJP22PXRH9VYFY7Z1HZVNSMN,01KJP2RH1QNE571FNJRJ0ZHM7W,B,page-B,3.0,refgame,2.0,2.0,0.7516711950302124
01KJP22PXRH9VYFY7Z1HZVNSMN,01KJP2RVD8SK7AN1X5EMGRM458,B,page-B,4.0,refgame,2.0,2.0,0.7516711950302124
01KJP22PXRH9VYFY7Z1HZVNSMN,01KJP2RH1QNE571FNJRJ0ZHM7W,B,page3-35,0.0,refgame,1.0,1.0,
01KJP22PXRH9VYFY7Z1HZVNSMN,01KJP2RVD8SK7AN1X5EMGRM458,B,page3-35,1.0,refgame,1.0,1.0,0.48774057626724243
01KJP22PXRH9VYFY7Z1HZVNSMN,01KJP2RH1QNE571FNJRJ0ZHM7W,B,page3-35,3.0,refgame,1.0,3.0,0.15360033512115479
01KJP22PXRH9VYFY7Z1HZVNSMN,01KJP2RVD8SK7AN1X5EMGRM458,B,page3-35,4.0,refgame,1.0,2.0,0.8367289304733276
01KJP22PXRH9VYFY7Z1HZVNSMN,01KJP2RVD8SK7AN1X5EMGRM458,B,page3-35,5.0,refgame,1.0,3.0,1.0000001192092896
01KJP22PXRH9VYFY7Z1HZVNSMN,01KJP2RH1QNE571FNJRJ0ZHM7W,B,page3-35,0.0,refgame,2.0,1.0,
01KJP22PXRH9VYFY7Z1HZVNSMN,01KJP2RVD8SK7AN1X5EMGRM458,B,page3-35,1.0,refgame,2.0,1.0,1.0000001192092896
01KJP22PXRH9VYFY7Z1HZVNSMN,01KJP2RH1QNE571FNJRJ0ZHM7W,B,page3-35,3.0,refgame,2.0,2.0,1.0000001192092896
01KJP22PXRH9VYFY7Z1HZVNSMN,01KJP2RVD8SK7AN1X5EMGRM458,B,page3-35,4.0,refgame,2.0,2.0,1.0000001192092896
01KJP22PXRH9VYFY7Z1HZVNSMN,01KJP2RH1QNE571FNJRJ0ZHM7W,B,page5-28,0.0,refgame,1.0,1.0,
01KJP22PXRH9VYFY7Z1HZVNSMN,01KJP2RVD8SK7AN1X5EMGRM458,B,page5-28,1.0,refgame,1.0,1.0,0.6278097033500671
01KJP22PXRH9VYFY7Z1HZVNSMN,01KJP2RH1QNE571FNJRJ0ZHM7W,B,page5-28,2.0,refgame,1.0,2.0,0.6453511714935303
01KJP22PXRH9VYFY7Z1HZVNSMN,01KJP2RH1QNE571FNJRJ0ZHM7W,B,page5-28,3.0,refgame,1.0,3.0,0.7259319424629211
01KJP22PXRH9VYFY7Z1HZVNSMN,01KJP2RVD8SK7AN1X5EMGRM458,B,page5-28,4.0,refgame,1.0,2.0,1.0
01KJP22PXRH9VYFY7Z1HZVNSMN,01KJP2RVD8SK7AN1X5EMGRM458,B,page5-28,5.0,refgame,1.0,3.0,1.0
01KJP22PXRH9VYFY7Z1HZVNSMN,01KJP2RH1QNE571FNJRJ0ZHM7W,B,page5-28,0.0,refgame,2.0,1.0,
01KJP22PXRH9VYFY7Z1HZVNSMN,01KJP2RVD8SK7AN1X5EMGRM458,B,page5-28,1.0,refgame,2.0,1.0,0.37104445695877075
01KJP22PXRH9VYFY7Z1HZVNSMN,01KJP2RH1QNE571FNJRJ0ZHM7W,B,page5-28,3.0,refgame,2.0,2.0,0.27486300468444824
01KJP22PXRH9VYFY7Z1HZVNSMN,01KJP2RVD8SK7AN1X5EMGRM458,B,page5-28,4.0,refgame,2.0,2.0,0.27745121717453003
01KJP22PXRH9VYFY7Z1HZVNSMN,01KJP2RH1QNE571FNJRJ0ZHM7W,B,page7-107,0.0,refgame,1.0,1.0,
01KJP22PXRH9VYFY7Z1HZVNSMN,01KJP2RVD8SK7AN1X5EMGRM458,B,page7-107,1.0,refgame,1.0,1.0,0.8453099727630615
01KJP22PXRH9VYFY7Z1HZVNSMN,01KJP2RH1QNE571FNJRJ0ZHM7W,B,page7-107,2.0,refgame,1.0,2.0,0.866590678691864
01KJP22PXRH9VYFY7Z1HZVNSMN,01KJP2RH1QNE571FNJRJ0ZHM7W,B,page7-107,3.0,refgame,1.0,3.0,0.5419755578041077
01KJP22PXRH9VYFY7Z1HZVNSMN,01KJP2RVD8SK7AN1X5EMGRM458,B,page7-107,4.0,refgame,1.0,2.0,0.05406922847032547
01KJP22PXRH9VYFY7Z1HZVNSMN,01KJP2RVD8SK7AN1X5EMGRM458,B,page7-107,5.0,refgame,1.0,3.0,0.14429354667663574
01KJP22PXRH9VYFY7Z1HZVNSMN,01KJP2RH1QNE571FNJRJ0ZHM7W,B,page7-107,0.0,refgame,2.0,1.0,
01KJP22PXRH9VYFY7Z1HZVNSMN,01KJP2RVD8SK7AN1X5EMGRM458,B,page7-107,1.0,refgame,2.0,1.0,0.7753069400787354
01KJP22PXRH9VYFY7Z1HZVNSMN,01KJP2RH1QNE571FNJRJ0ZHM7W,B,page7-107,3.0,refgame,2.0,2.0,1.0
01KJP22PXRH9VYFY7Z1HZVNSMN,01KJP2RVD8SK7AN1X5EMGRM458,B,page7-107,4.0,refgame,2.0,2.0,1.0
01KJP22PXRH9VYFY7Z1HZVNSMN,01KJP2RVD8SK7AN1X5EMGRM458,B,page7-107,5.0,refgame,2.0,3.0,1.0
01KJP22PXRH9VYFY7Z1HZVNSMN,01KJP2RH1QNE571FNJRJ0ZHM7W,B,page7-255,0.0,refgame,1.0,1.0,
01KJP22PXRH9VYFY7Z1HZVNSMN,01KJP2RVD8SK7AN1X5EMGRM458,B,page7-255,1.0,refgame,1.0,1.0,0.6199288368225098
01KJP22PXRH9VYFY7Z1HZVNSMN,01KJP2RH1QNE571FNJRJ0ZHM7W,B,page7-255,2.0,refgame,1.0,2.0,0.8812564015388489
01KJP22PXRH9VYFY7Z1HZVNSMN,01KJP2RH1QNE571FNJRJ0ZHM7W,B,page7-255,3.0,refgame,1.0,3.0,0.8298121690750122
01KJP22PXRH9VYFY7Z1HZVNSMN,01KJP2RVD8SK7AN1X5EMGRM458,B,page7-255,4.0,refgame,1.0,2.0,0.5888699293136597
01KJP22PXRH9VYFY7Z1HZVNSMN,01KJP2RVD8SK7AN1X5EMGRM458,B,page7-255,5.0,refgame,1.0,3.0,0.8574100732803345
01KJP22PXRH9VYFY7Z1HZVNSMN,01KJP2RH1QNE571FNJRJ0ZHM7W,B,page7-255,0.0,refgame,2.0,1.0,
01KJP22PXRH9VYFY7Z1HZVNSMN,01KJP2RVD8SK7AN1X5EMGRM458,B,page7-255,1.0,refgame,2.0,1.0,0.9576478004455566
01KJP22PXRH9VYFY7Z1HZVNSMN,01KJP2RH1QNE571FNJRJ0ZHM7W,B,page7-255,2.0,refgame,2.0,2.0,0.8775815963745117
01KJP22PXRH9VYFY7Z1HZVNSMN,01KJP2RH1QNE571FNJRJ0ZHM7W,B,page7-255,3.0,refgame,2.0,3.0,1.0
01KJP22PXRH9VYFY7Z1HZVNSMN,01KJP2RVD8SK7AN1X5EMGRM458,B,page7-255,4.0,refgame,2.0,2.0,0.48411285877227783
01KJP22PXRH9VYFY7Z1HZVNSMN,01KJP2RVD8SK7AN1X5EMGRM458,B,page7-255,5.0,refgame,2.0,3.0,0.5965695381164551
01KJP22PXRH9VYFY7Z1HZVNSMN,01KJP2RH1QNE571FNJRJ0ZHM7W,B,page9-46,0.0,refgame,1.0,1.0,
01KJP22PXRH9VYFY7Z1HZVNSMN,01KJP2RVD8SK7AN1X5EMGRM458,B,page9-46,1.0,refgame,1.0,1.0,0.43650534749031067
01KJP22PXRH9VYFY7Z1HZVNSMN,01KJP2RH1QNE571FNJRJ0ZHM7W,B,page9-46,2.0,refgame,1.0,2.0,0.21912503242492676
01KJP22PXRH9VYFY7Z1HZVNSMN,01KJP2RH1QNE571FNJRJ0ZHM7W,B,page9-46,3.0,refgame,1.0,3.0,0.5144330263137817
01KJP22PXRH9VYFY7Z1HZVNSMN,01KJP2RVD8SK7AN1X5EMGRM458,B,page9-46,4.0,refgame,1.0,2.0,0.8926753997802734
01KJP22PXRH9VYFY7Z1HZVNSMN,01KJP2RVD8SK7AN1X5EMGRM458,B,page9-46,5.0,refgame,1.0,3.0,1.0
01KJP22PXRH9VYFY7Z1HZVNSMN,01KJP2RH1QNE571FNJRJ0ZHM7W,B,page9-46,0.0,refgame,2.0,1.0,
01KJP22PXRH9VYFY7Z1HZVNSMN,01KJP2RVD8SK7AN1X5EMGRM458,B,page9-46,1.0,refgame,2.0,1.0,0.6338109374046326
01KJP22PXRH9VYFY7Z1HZVNSMN,01KJP2RH1QNE571FNJRJ0ZHM7W,B,page9-46,3.0,refgame,2.0,2.0,0.30333319306373596
01KJP22PXRH9VYFY7Z1HZVNSMN,01KJP2RVD8SK7AN1X5EMGRM458,B,page9-46,4.0,refgame,2.0,2.0,0.30333319306373596
01KJP22PXRH9VYFY7Z1HZVNSMN,01KJP2SNNP4ZB6K1QMGZX5CC0T,C,page-B,0.0,refgame,1.0,1.0,
01KJP22PXRH9VYFY7Z1HZVNSMN,01KJP2SDQCR0935BS4E06A6D2G,C,page-B,1.0,refgame,1.0,1.0,0.42807263135910034
01KJP22PXRH9VYFY7Z1HZVNSMN,01KJP2Q9Z7MR3VPYE4MH3SC9C8,C,page-B,2.0,refgame,1.0,1.0,0.4575822353363037
01KJP22PXRH9VYFY7Z1HZVNSMN,01KJP2SNNP4ZB6K1QMGZX5CC0T,C,page-B,3.0,refgame,1.0,2.0,0.5058794021606445
01KJP22PXRH9VYFY7Z1HZVNSMN,01KJP2SDQCR0935BS4E06A6D2G,C,page-B,4.0,refgame,1.0,2.0,0.6112563610076904
01KJP22PXRH9VYFY7Z1HZVNSMN,01KJP2Q9Z7MR3VPYE4MH3SC9C8,C,page-B,5.0,refgame,1.0,2.0,0.6312653422355652
01KJP22PXRH9VYFY7Z1HZVNSMN,01KJP2SNNP4ZB6K1QMGZX5CC0T,C,page-B,0.0,refgame,2.0,1.0,
01KJP22PXRH9VYFY7Z1HZVNSMN,01KJP2SDQCR0935BS4E06A6D2G,C,page-B,1.0,refgame,2.0,1.0,0.4621628522872925
01KJP22PXRH9VYFY7Z1HZVNSMN,01KJP2Q9Z7MR3VPYE4MH3SC9C8,C,page-B,2.0,refgame,2.0,1.0,0.847360372543335
01KJP22PXRH9VYFY7Z1HZVNSMN,01KJP2SNNP4ZB6K1QMGZX5CC0T,C,page-B,2.0,refgame,2.0,2.0,0.3800773620605469
01KJP22PXRH9VYFY7Z1HZVNSMN,01KJP2SNNP4ZB6K1QMGZX5CC0T,C,page-B,3.0,refgame,2.0,3.0,0.9217327833175659
01KJP22PXRH9VYFY7Z1HZVNSMN,01KJP2SDQCR0935BS4E06A6D2G,C,page-B,4.0,refgame,2.0,2.0,0.4718594551086426
01KJP22PXRH9VYFY7Z1HZVNSMN,01KJP2Q9Z7MR3VPYE4MH3SC9C8,C,page-B,5.0,refgame,2.0,2.0,0.7861058712005615
01KJP22PXRH9VYFY7Z1HZVNSMN,01KJP2SDQCR0935BS4E06A6D2G,C,page-B,5.0,refgame,2.0,3.0,0.6358821988105774
01KJP22PXRH9VYFY7Z1HZVNSMN,01KJP2SNNP4ZB6K1QMGZX5CC0T,C,page3-35,0.0,refgame,1.0,1.0,
01KJP22PXRH9VYFY7Z1HZVNSMN,01KJP2SDQCR0935BS4E06A6D2G,C,page3-35,1.0,refgame,1.0,1.0,0.7067580223083496
01KJP22PXRH9VYFY7Z1HZVNSMN,01KJP2Q9Z7MR3VPYE4MH3SC9C8,C,page3-35,2.0,refgame,1.0,1.0,0.19022998213768005
01KJP22PXRH9VYFY7Z1HZVNSMN,01KJP2SNNP4ZB6K1QMGZX5CC0T,C,page3-35,3.0,refgame,1.0,2.0,0.1752145141363144
01KJP22PXRH9VYFY7Z1HZVNSMN,01KJP2SDQCR0935BS4E06A6D2G,C,page3-35,4.0,refgame,1.0,2.0,0.6400227546691895
01KJP22PXRH9VYFY7Z1HZVNSMN,01KJP2Q9Z7MR3VPYE4MH3SC9C8,C,page3-35,5.0,refgame,1.0,2.0,0.8667598962783813
01KJP22PXRH9VYFY7Z1HZVNSMN,01KJP2SNNP4ZB6K1QMGZX5CC0T,C,page3-35,0.0,refgame,2.0,1.0,
01KJP22PXRH9VYFY7Z1HZVNSMN,01KJP2SDQCR0935BS4E06A6D2G,C,page3-35,1.0,refgame,2.0,1.0,0.801352858543396
01KJP22PXRH9VYFY7Z1HZVNSMN,01KJP2Q9Z7MR3VPYE4MH3SC9C8,C,page3-35,2.0,refgame,2.0,1.0,0.7816235423088074
01KJP22PXRH9VYFY7Z1HZVNSMN,01KJP2SNNP4ZB6K1QMGZX5CC0T,C,page3-35,3.0,refgame,2.0,2.0,0.7292442321777344
01KJP22PXRH9VYFY7Z1HZVNSMN,01KJP2SDQCR0935BS4E06A6D2G,C,page3-35,4.0,refgame,2.0,2.0,0.8085793256759644
01KJP22PXRH9VYFY7Z1HZVNSMN,01KJP2Q9Z7MR3VPYE4MH3SC9C8,C,page3-35,5.0,refgame,2.0,2.0,0.8986210823059082
01KJP22PXRH9VYFY7Z1HZVNSMN,01KJP2SNNP4ZB6K1QMGZX5CC0T,C,page5-28,0.0,refgame,1.0,1.0,
01KJP22PXRH9VYFY7Z1HZVNSMN,01KJP2SDQCR0935BS4E06A6D2G,C,page5-28,1.0,refgame,1.0,1.0,0.5565744638442993
01KJP22PXRH9VYFY7Z1HZVNSMN,01KJP2Q9Z7MR3VPYE4MH3SC9C8,C,page5-28,2.0,refgame,1.0,1.0,0.7595683932304382
01KJP22PXRH9VYFY7Z1HZVNSMN,01KJP2SNNP4ZB6K1QMGZX5CC0T,C,page5-28,3.0,refgame,1.0,2.0,0.4788457751274109
01KJP22PXRH9VYFY7Z1HZVNSMN,01KJP2SDQCR0935BS4E06A6D2G,C,page5-28,4.0,refgame,1.0,2.0,0.5279664993286133
01KJP22PXRH9VYFY7Z1HZVNSMN,01KJP2Q9Z7MR3VPYE4MH3SC9C8,C,page5-28,5.0,refgame,1.0,2.0,1.000000238418579
01KJP22PXRH9VYFY7Z1HZVNSMN,01KJP2SNNP4ZB6K1QMGZX5CC0T,C,page5-28,0.0,refgame,2.0,1.0,
01KJP22PXRH9VYFY7Z1HZVNSMN,01KJP2SDQCR0935BS4E06A6D2G,C,page5-28,1.0,refgame,2.0,1.0,0.6770437359809875
01KJP22PXRH9VYFY7Z1HZVNSMN,01KJP2Q9Z7MR3VPYE4MH3SC9C8,C,page5-28,2.0,refgame,2.0,1.0,0.8313113451004028
01KJP22PXRH9VYFY7Z1HZVNSMN,01KJP2SNNP4ZB6K1QMGZX5CC0T,C,page5-28,3.0,refgame,2.0,2.0,0.717388391494751
01KJP22PXRH9VYFY7Z1HZVNSMN,01KJP2SDQCR0935BS4E06A6D2G,C,page5-28,4.0,refgame,2.0,2.0,0.5831044316291809
01KJP22PXRH9VYFY7Z1HZVNSMN,01KJP2Q9Z7MR3VPYE4MH3SC9C8,C,page5-28,5.0,refgame,2.0,2.0,0.7871994972229004
01KJP22PXRH9VYFY7Z1HZVNSMN,01KJP2SDQCR0935BS4E06A6D2G,C,page5-28,5.0,refgame,2.0,3.0,0.7871994972229004
01KJP22PXRH9VYFY7Z1HZVNSMN,01KJP2SNNP4ZB6K1QMGZX5CC0T,C,page7-107,0.0,refgame,1.0,1.0,
01KJP22PXRH9VYFY7Z1HZVNSMN,01KJP2SDQCR0935BS4E06A6D2G,C,page7-107,1.0,refgame,1.0,1.0,0.285469114780426
01KJP22PXRH9VYFY7Z1HZVNSMN,01KJP2Q9Z7MR3VPYE4MH3SC9C8,C,page7-107,2.0,refgame,1.0,1.0,0.7774087190628052
01KJP22PXRH9VYFY7Z1HZVNSMN,01KJP2SNNP4ZB6K1QMGZX5CC0T,C,page7-107,3.0,refgame,1.0,2.0,0.6194408535957336
01KJP22PXRH9VYFY7Z1HZVNSMN,01KJP2SDQCR0935BS4E06A6D2G,C,page7-107,4.0,refgame,1.0,2.0,0.36390575766563416
01KJP22PXRH9VYFY7Z1HZVNSMN,01KJP2Q9Z7MR3VPYE4MH3SC9C8,C,page7-107,5.0,refgame,1.0,2.0,0.7697300314903259
01KJP22PXRH9VYFY7Z1HZVNSMN,01KJP2SNNP4ZB6K1QMGZX5CC0T,C,page7-107,0.0,refgame,2.0,1.0,
01KJP22PXRH9VYFY7Z1HZVNSMN,01KJP2SDQCR0935BS4E06A6D2G,C,page7-107,1.0,refgame,2.0,1.0,0.4355320930480957
01KJP22PXRH9VYFY7Z1HZVNSMN,01KJP2Q9Z7MR3VPYE4MH3SC9C8,C,page7-107,2.0,refgame,2.0,1.0,0.7190117835998535
01KJP22PXRH9VYFY7Z1HZVNSMN,01KJP2SNNP4ZB6K1QMGZX5CC0T,C,page7-107,3.0,refgame,2.0,2.0,0.4997156262397766
01KJP22PXRH9VYFY7Z1HZVNSMN,01KJP2SDQCR0935BS4E06A6D2G,C,page7-107,4.0,refgame,2.0,2.0,0.2834073305130005
01KJP22PXRH9VYFY7Z1HZVNSMN,01KJP2Q9Z7MR3VPYE4MH3SC9C8,C,page7-107,5.0,refgame,2.0,2.0,0.6742451786994934
01KJP22PXRH9VYFY7Z1HZVNSMN,01KJP2SNNP4ZB6K1QMGZX5CC0T,C,page7-255,0.0,refgame,1.0,1.0,
01KJP22PXRH9VYFY7Z1HZVNSMN,01KJP2SDQCR0935BS4E06A6D2G,C,page7-255,1.0,refgame,1.0,1.0,0.4081617593765259
01KJP22PXRH9VYFY7Z1HZVNSMN,01KJP2Q9Z7MR3VPYE4MH3SC9C8,C,page7-255,2.0,refgame,1.0,1.0,0.8690806031227112
01KJP22PXRH9VYFY7Z1HZVNSMN,01KJP2SNNP4ZB6K1QMGZX5CC0T,C,page7-255,3.0,refgame,1.0,2.0,0.6334348917007446
01KJP22PXRH9VYFY7Z1HZVNSMN,01KJP2SDQCR0935BS4E06A6D2G,C,page7-255,4.0,refgame,1.0,2.0,0.7125850319862366
01KJP22PXRH9VYFY7Z1HZVNSMN,01KJP2Q9Z7MR3VPYE4MH3SC9C8,C,page7-255,5.0,refgame,1.0,2.0,0.7795288562774658
01KJP22PXRH9VYFY7Z1HZVNSMN,01KJP2SNNP4ZB6K1QMGZX5CC0T,C,page7-255,0.0,refgame,2.0,1.0,
01KJP22PXRH9VYFY7Z1HZVNSMN,01KJP2SDQCR0935BS4E06A6D2G,C,page7-255,1.0,refgame,2.0,1.0,0.7409261465072632
01KJP22PXRH9VYFY7Z1HZVNSMN,01KJP2Q9Z7MR3VPYE4MH3SC9C8,C,page7-255,2.0,refgame,2.0,1.0,0.7320271730422974
01KJP22PXRH9VYFY7Z1HZVNSMN,01KJP2SNNP4ZB6K1QMGZX5CC0T,C,page7-255,3.0,refgame,2.0,2.0,0.6061598062515259
01KJP22PXRH9VYFY7Z1HZVNSMN,01KJP2SDQCR0935BS4E06A6D2G,C,page7-255,4.0,refgame,2.0,2.0,0.501743495464325
01KJP22PXRH9VYFY7Z1HZVNSMN,01KJP2Q9Z7MR3VPYE4MH3SC9C8,C,page7-255,5.0,refgame,2.0,2.0,0.6029478311538696
01KJP22PXRH9VYFY7Z1HZVNSMN,01KJP2SNNP4ZB6K1QMGZX5CC0T,C,page9-46,0.0,refgame,1.0,1.0,
01KJP22PXRH9VYFY7Z1HZVNSMN,01KJP2SDQCR0935BS4E06A6D2G,C,page9-46,1.0,refgame,1.0,1.0,0.41609251499176025
01KJP22PXRH9VYFY7Z1HZVNSMN,01KJP2Q9Z7MR3VPYE4MH3SC9C8,C,page9-46,2.0,refgame,1.0,1.0,0.4920620024204254
01KJP22PXRH9VYFY7Z1HZVNSMN,01KJP2SNNP4ZB6K1QMGZX5CC0T,C,page9-46,3.0,refgame,1.0,2.0,0.7815647125244141
01KJP22PXRH9VYFY7Z1HZVNSMN,01KJP2SDQCR0935BS4E06A6D2G,C,page9-46,4.0,refgame,1.0,2.0,0.7552158832550049
01KJP22PXRH9VYFY7Z1HZVNSMN,01KJP2Q9Z7MR3VPYE4MH3SC9C8,C,page9-46,5.0,refgame,1.0,2.0,0.9067946672439575
01KJP22PXRH9VYFY7Z1HZVNSMN,01KJP2SNNP4ZB6K1QMGZX5CC0T,C,page9-46,0.0,refgame,2.0,1.0,
01KJP22PXRH9VYFY7Z1HZVNSMN,01KJP2SDQCR0935BS4E06A6D2G,C,page9-46,1.0,refgame,2.0,1.0,0.6155940294265747
01KJP22PXRH9VYFY7Z1HZVNSMN,01KJP2Q9Z7MR3VPYE4MH3SC9C8,C,page9-46,2.0,refgame,2.0,1.0,0.9447146058082581
01KJP22PXRH9VYFY7Z1HZVNSMN,01KJP2SNNP4ZB6K1QMGZX5CC0T,C,page9-46,3.0,refgame,2.0,2.0,0.5465923547744751
01KJP22PXRH9VYFY7Z1HZVNSMN,01KJP2SDQCR0935BS4E06A6D2G,C,page9-46,4.0,refgame,2.0,2.0,0.5730427503585815
01KJP22PXRH9VYFY7Z1HZVNSMN,01KJP2Q9Z7MR3VPYE4MH3SC9C8,C,page9-46,5.0,refgame,2.0,2.0,0.9668623208999634
